t_seconds,0x0030,0x0031,0x0032,0x0033,0x0034,0x0035,0x0036,0x0037,0x0038,0x0039,0x003A,0x003B,0x003C,0x003D,0x003E,0x003F,0x0040,0x0041,0x0042,0x0043,0x0044,0x0045,0x0046,0x0047,0x0048,0x0049,0x004A,0x004B,0x004C,0x004D,0x004E,0x004F,0x0050
0.0944,794,1049,10784,656,1710,122,1098,13,13,12,0,0,0,0,0,0,2411,0,0,0,0,0,0,1008,176,835,0,836,2,843,8,-11672,0
0.1858,794,1049,10784,751,1710,122,1098,13,13,12,0,0,0,0,0,0,2380,0,0,0,0,0,0,1007,15632,835,0,836,2,843,8,-9511,0
0.2812,794,1049,10784,836,1710,122,1098,12,12,13,0,0,0,0,0,0,2405,0,0,0,0,0,0,1007,22656,835,0,836,2,843,7,5135,0
0.3732,794,1049,10784,931,1710,122,1098,12,12,13,0,0,0,0,0,0,2380,0,0,0,0,0,0,1007,22656,835,0,836,2,843,7,5135,0
0.4655,794,1049,11040,26,1710,122,1098,17,18,20,0,0,0,0,0,0,2386,0,0,0,0,0,0,1009,31408,835,0,836,3,844,11,28185,0
0.5579,794,1049,11040,116,1710,122,1098,15,16,16,0,0,0,0,0,0,2386,0,0,0,0,0,0,1008,-3952,835,0,836,3,843,9,-30964,0
0.6508,794,1049,11040,211,1710,122,1098,15,15,15,0,0,0,0,0,0,2386,0,0,0,0,0,0,1009,22304,835,0,836,2,844,9,-30674,0
0.7435,794,1049,11040,301,1710,122,1098,14,15,14,0,0,0,0,0,0,2380,0,0,0,0,0,0,1008,544,835,0,836,2,843,8,15653,0
0.8360,794,1049,11040,396,1710,122,1098,14,14,14,0,0,0,0,0,0,2367,0,0,0,0,0,0,1008,14816,835,0,836,2,843,8,-27562,0
0.9282,794,1049,11040,486,1710,122,1098,13,13,13,0,0,0,0,0,0,2367,0,0,0,0,0,0,1007,2848,835,0,836,2,842,8,31811,0
1.0205,794,1049,11040,581,1710,122,1098,12,12,12,0,0,0,0,0,0,2392,0,0,0,0,0,0,1007,4832,835,0,836,2,842,7,18717,0
1.1130,794,1049,11040,671,1710,122,1098,11,13,12,0,0,0,0,0,0,2373,0,0,0,0,0,0,1007,24032,835,0,836,2,842,7,-7453,0
1.2055,794,1049,11040,766,1710,122,1097,11,12,11,0,0,0,0,0,0,2373,0,0,0,0,0,0,1006,-27152,835,0,836,2,842,7,-14122,0
1.2977,794,1049,11040,856,1710,122,1097,12,12,11,0,0,0,0,0,0,2386,0,0,0,0,0,0,1006,21184,835,0,836,2,842,7,6524,0
1.3905,794,1049,11040,946,1710,122,1097,122,105,177,0,0,0,0,0,0,2405,0,0,0,0,0,0,1075,-18576,835,0,837,27,900,77,3055,0
1.4832,794,1049,11296,41,1710,122,1097,90,88,125,0,0,0,0,0,0,2392,0,0,0,0,0,0,1052,-11272,835,0,837,22,881,57,-30078,0
1.5758,794,1049,11296,131,1710,122,1097,68,68,82,0,0,0,0,0,0,2386,0,0,0,0,0,0,1040,-2052,835,0,837,16,870,42,-7610,0
1.6685,794,1049,11296,226,1710,122,1097,68,68,82,0,0,0,0,0,0,2373,0,0,0,0,0,0,1040,-2052,835,0,837,16,870,42,-7610,0
1.7614,794,1049,11296,316,1710,122,1097,56,50,55,0,0,0,0,0,0,2373,0,0,0,0,0,0,1033,30914,835,0,837,13,865,34,-30406,0
1.8536,794,1049,11296,411,1710,122,1097,48,44,39,0,0,0,0,0,0,2367,0,0,0,0,0,0,1027,-19021,835,0,836,12,860,29,22818,0
1.9459,794,1049,11296,501,1710,122,1097,37,36,28,0,0,0,0,0,0,2373,0,0,0,0,0,0,1021,-31308,835,0,836,9,854,22,24395,0
2.0383,794,1049,11296,596,1710,122,1097,25,29,22,0,0,0,0,0,0,2386,0,0,0,0,0,0,1014,476,835,0,836,6,849,15,-3351,0
2.1308,794,1049,11296,686,1710,122,1097,23,24,19,0,0,0,0,0,0,2380,0,0,0,0,0,0,1013,-32144,835,0,836,5,847,14,17676,0
2.2228,794,1049,11296,776,1710,122,1097,18,19,16,0,0,0,0,0,0,2386,0,0,0,0,0,0,1010,-12272,835,0,836,4,845,11,20935,0
2.3151,794,1049,11296,866,1710,122,1097,17,18,15,0,0,0,0,0,0,2373,0,0,0,0,0,0,1009,-9720,835,0,836,3,844,10,8645,0
2.4073,794,1049,11296,961,1710,122,1097,15,16,14,0,0,0,0,0,0,2386,0,0,0,0,0,0,1008,-25864,835,0,836,3,843,9,1926,0
2.4997,794,1049,11552,51,1710,122,1097,14,15,13,0,0,0,0,0,0,2373,0,0,0,0,0,0,1008,-27904,835,0,836,3,843,9,-14161,0
2.5922,794,1049,11552,146,1710,122,1097,14,14,13,0,0,0,0,0,0,2373,0,0,0,0,0,0,1007,20160,835,0,836,2,843,9,-16440,0
2.6847,794,1049,11552,236,1710,122,1097,13,15,13,0,0,0,0,0,0,2392,0,0,0,0,0,0,1007,-5792,835,0,836,2,843,8,-12091,0
2.7772,794,1049,11552,331,1710,122,1097,13,14,12,0,0,0,0,0,0,2386,0,0,0,0,0,0,1008,-5744,835,0,836,2,843,8,6500,0
2.8696,794,1049,11552,421,1711,122,1097,13,13,13,0,0,0,0,0,0,2392,0,0,0,0,0,0,1008,-22208,835,0,836,2,843,8,29436,0
2.9625,794,1049,11552,516,1711,122,1097,12,13,12,0,0,0,0,0,0,2386,0,0,0,0,0,0,1007,-28800,835,0,836,2,843,7,-2661,0
3.0549,794,1049,11552,606,1711,122,1097,12,13,12,0,0,0,0,0,0,2373,0,0,0,0,0,0,1007,-28800,835,0,836,2,843,7,-2661,0
3.1461,794,1049,11552,701,1711,122,1097,53,38,49,0,0,0,0,0,0,2392,0,0,0,0,0,0,1029,-16368,835,0,837,12,861,33,-961,0
3.2406,794,1049,11552,791,1711,122,1097,43,41,41,0,0,0,0,0,0,2380,0,0,0,0,0,0,1024,19024,835,0,836,11,857,27,-28554,0
3.3350,794,1049,11552,886,1711,122,1097,90,67,70,151,0,0,0,0,0,2386,8,0,0,283,283,281,1048,30724,835,0,837,23,878,58,26566,0
3.4296,794,1049,11552,981,1711,122,1097,66,66,54,121,0,0,0,0,0,2392,6,0,0,283,283,281,1036,-18050,835,0,837,18,867,41,14094,0
3.5209,794,1049,11808,76,1711,122,1097,55,62,44,104,0,0,0,0,0,2380,5,0,0,283,283,281,1030,11372,835,0,836,16,862,34,8814,0
3.6123,794,1049,11808,166,1711,121,1097,82,65,79,151,0,0,0,0,0,2386,8,0,0,283,283,281,1046,-21541,835,0,837,23,876,49,4567,0
3.7049,794,1049,11808,256,1711,121,1097,47,51,40,89,0,0,0,0,0,2392,5,0,0,283,283,281,1025,9445,835,0,837,13,858,30,7811,0
3.7975,794,1049,11808,351,1711,121,1097,95,63,80,146,0,0,0,0,0,2361,8,0,0,283,283,281,1051,-26398,835,0,839,22,882,58,3922,0
3.8900,794,1049,11808,441,1711,121,1096,100,76,64,165,0,0,0,0,0,2392,9,0,0,283,283,281,1054,-2398,835,0,836,25,882,62,2184,0
3.9830,794,1049,11808,536,1711,121,1096,64,65,41,120,0,0,0,0,0,2392,6,0,0,283,283,281,1037,5512,835,0,836,18,867,41,2370,0
4.0756,794,1049,11808,626,1711,121,1096,40,47,32,75,0,0,0,0,0,2392,4,0,0,283,283,281,1024,-3550,835,0,836,11,856,25,-13704,0
4.1683,794,1049,11808,721,1711,121,1096,37,38,26,67,0,0,0,0,0,2386,3,0,0,283,283,281,1021,1929,835,0,836,10,855,22,31907,0
4.2610,794,1049,11808,811,1711,121,1096,28,26,19,0,0,0,0,0,0,2386,0,0,0,0,0,0,1015,12881,835,0,836,7,849,17,-29363,0
4.3533,794,1049,11808,901,1711,121,1096,25,25,17,0,0,0,0,0,0,2380,0,0,0,0,0,0,1015,-12155,835,0,836,6,849,16,25273,0
4.4453,794,1049,11808,996,1711,121,1096,20,22,15,0,0,0,0,0,0,2392,0,0,0,0,0,0,1012,-31288,835,0,836,4,846,12,7075,0
4.5402,794,1049,12064,86,1711,121,1096,19,20,15,0,0,0,0,0,0,2380,0,0,0,0,0,0,1011,29976,835,0,836,4,845,11,2018,0
4.6351,794,1049,12064,181,1711,121,1096,17,16,13,0,0,0,0,0,0,2392,0,0,0,0,0,0,1009,-31824,835,0,836,3,845,10,32353,0
4.7272,794,1049,12064,276,1711,121,1096,15,16,12,0,0,0,0,0,0,2386,0,0,0,0,0,0,1008,17920,835,0,836,3,843,9,-3770,0
4.8200,794,1049,12064,371,1711,121,1096,13,14,13,0,0,0,0,0,0,2386,0,0,0,0,0,0,1007,-23784,835,0,836,2,843,8,22688,0
4.9124,794,1049,12064,461,1711,121,1096,13,14,13,0,0,0,0,0,0,2392,0,0,0,0,0,0,1007,-23784,835,0,836,2,843,8,22688,0
5.0050,794,1049,12064,556,1711,121,1096,13,14,12,0,0,0,0,0,0,2405,0,0,0,0,0,0,1008,-28608,835,0,836,2,843,8,19627,0
5.0973,794,1049,12064,646,1711,121,1096,13,14,13,0,0,0,0,0,0,2405,0,0,0,0,0,0,1007,8192,835,0,836,2,843,8,-24997,0
5.1922,794,1049,12064,741,1711,121,1096,13,13,12,0,0,0,0,0,0,2386,0,0,0,0,0,0,1007,29776,835,0,836,2,843,8,-3001,0
5.2837,794,1049,12064,836,1711,121,1096,101,76,56,107,0,0,0,0,0,2373,4,0,0,397,219,431,1058,-14896,835,0,837,23,886,59,31140,0
5.3762,794,1049,12064,926,1711,121,1096,138,132,167,128,0,0,0,0,0,2392,4,0,0,397,219,431,1053,16,835,0,830,30,875,109,16382,0
5.4693,794,1049,12320,16,1711,122,1096,179,180,218,179,0,0,0,0,0,2373,6,0,0,397,219,431,1075,3056,835,1,836,42,900,132,-24480,0
5.5617,794,1049,12320,111,1712,122,1095,178,189,210,205,0,0,0,0,0,2392,7,0,0,397,219,431,1102,-28972,836,1,855,46,943,132,20181,0
5.6543,794,1049,12320,206,1713,122,1092,144,128,175,178,0,0,0,0,0,2373,6,0,0,397,219,431,1076,-11729,836,1,876,40,942,101,10327,0
5.7464,794,1049,12320,296,1715,122,1087,107,110,144,130,0,0,0,0,0,2373,4,0,0,397,219,431,1064,25093,837,0,903,28,961,76,4856,0
5.8389,794,1049,12320,391,1718,122,1079,104,83,148,149,0,0,0,0,0,2373,5,0,0,397,219,431,1059,-18239,839,0,955,30,1011,66,2300,0
5.9321,794,1049,12320,481,1722,121,1070,97,80,109,131,0,0,0,0,0,2386,4,0,0,397,219,431,1051,7769,840,0,975,26,1024,56,1419,0
6.0243,794,1049,12320,576,1724,121,1061,99,72,113,114,0,0,0,0,0,2380,4,0,0,397,219,431,1055,18938,842,0,977,23,1031,57,429,0
6.1171,794,1049,12320,666,1728,120,1052,145,90,123,182,0,0,0,0,0,2373,7,0,0,397,219,431,1088,9503,844,1,998,32,1087,90,-422,0
6.2097,794,1049,12320,761,1731,120,1042,95,101,112,105,0,0,0,0,0,2386,3,0,0,397,219,431,1057,28626,845,0,1000,20,1057,58,-6362,0
6.3026,794,1049,12320,851,1734,119,1032,79,78,78,7698,0,0,0,0,0,2373,24820,0,0,4,4,431,1048,22922,847,0,998,17,1046,48,-4230,0
6.3977,794,1049,12320,946,1737,119,1022,58,64,54,5640,0,0,0,0,0,2380,18184,0,0,4,4,4,1032,20921,848,0,997,12,1029,34,-6275,0
6.4895,794,1049,12576,41,1740,119,1013,82,87,88,8585,0,0,0,0,0,2380,27679,0,0,4,4,4,1043,-28481,850,0,992,19,1035,44,-2895,0
6.5822,794,1049,12576,131,1743,118,1005,82,69,85,9979,0,0,0,0,0,2417,32174,0,0,4,4,4,1045,32584,851,0,988,22,1034,46,-1786,0
6.6750,794,1049,12576,226,1746,118,996,70,63,68,7665,0,0,0,0,0,2392,24714,0,0,4,4,4,1040,-8770,852,0,992,17,1032,40,-547,0
6.7681,794,1049,12576,316,1749,118,989,84,77,92,9599,0,0,0,0,0,2373,30949,0,0,4,4,4,1046,26238,854,0,987,21,1033,47,-398,0
6.8611,794,1049,12576,411,1751,118,982,75,54,76,8215,0,0,0,0,0,2405,26487,0,0,4,4,4,1038,17573,855,0,984,18,1023,41,-448,0
6.9564,794,1049,12576,501,1754,118,975,45,38,44,4775,0,0,0,0,0,2380,15396,0,0,4,4,4,1022,-23976,856,0,984,10,1006,24,12748,0
7.0475,794,1049,12576,596,1757,118,968,29,26,28,0,0,0,0,0,0,2367,0,0,0,0,0,0,1015,17136,857,0,984,6,998,15,16134,0
7.1387,794,1049,12576,691,1759,117,961,21,19,21,0,0,0,0,0,0,2373,0,0,0,0,0,0,1010,-29184,859,0,983,4,994,11,-31497,0
7.2342,794,1049,12576,781,1762,117,955,16,16,17,0,0,0,0,0,0,2380,0,0,0,0,0,0,1008,-400,860,0,983,3,991,8,-662,0
7.3256,794,1049,12576,871,1764,117,948,14,17,15,0,0,0,0,0,0,2392,0,0,0,0,0,0,1007,-16032,861,0,983,3,991,8,4245,0
7.4178,794,1049,12576,966,1767,117,942,21,20,24,0,0,0,0,0,0,2373,0,0,0,0,0,0,1011,31352,862,0,983,3,995,11,32652,0
7.5096,794,1049,12832,56,1769,117,935,71,39,51,0,0,0,0,0,0,2373,0,0,0,0,0,0,1033,-22708,864,0,984,15,1016,38,-16449,0
7.6019,794,1049,12832,151,1772,117,929,69,39,47,0,0,0,0,0,0,2392,0,0,0,0,0,0,1034,-31244,865,0,983,15,1017,37,-8466,0
7.6942,794,1049,12832,241,1772,117,929,69,39,47,0,0,0,0,0,0,2411,0,0,0,0,0,0,1034,-31244,865,0,983,15,1017,37,-8466,0
7.7866,794,1049,12832,331,1774,116,922,62,40,42,0,0,0,0,0,0,2392,0,0,0,0,0,0,1031,4395,866,0,984,13,1015,32,27795,0
7.8795,794,1049,12832,426,1776,116,916,90,50,64,0,0,0,0,0,0,2386,0,0,0,0,0,0,1044,8042,867,0,983,19,1027,46,13897,0
7.9724,794,1049,12832,521,1779,116,910,80,48,66,0,0,0,0,0,0,2373,0,0,0,0,0,0,1041,-31622,868,0,984,18,1024,42,7163,0
8.0640,794,1049,12832,611,1781,116,904,74,48,55,0,0,0,0,0,0,2367,0,0,0,0,0,0,1039,-25247,869,0,983,17,1022,39,2978,0
8.1555,794,1049,12832,701,1784,116,898,54,36,41,0,0,0,0,0,0,2392,0,0,0,0,0,0,1027,32095,871,0,983,11,1010,28,1701,0
8.2471,794,1049,12832,796,1786,116,892,89,51,75,0,0,0,0,0,0,2373,0,0,0,0,0,0,1043,19350,872,0,984,21,1027,46,899,0
8.3386,794,1049,12832,886,1788,115,886,85,48,79,156,0,0,0,0,0,2411,8,0,0,291,291,0,1041,12679,873,0,983,20,1024,43,532,0
8.4300,794,1049,12832,976,1790,115,880,80,50,66,147,0,0,0,0,0,2392,8,0,0,291,291,291,1038,-8600,874,0,983,19,1021,41,-48,0
8.5223,794,1049,13088,71,1793,115,874,54,36,47,96,0,0,0,0,0,2386,5,0,0,291,291,291,1027,10341,875,0,984,13,1011,28,2622,0
8.6156,794,1049,13088,161,1797,115,863,44,30,37,78,0,0,0,0,0,2373,4,0,0,291,291,291,1022,31211,877,0,983,10,1005,22,2762,0
8.7084,794,1049,13088,256,1799,115,857,39,23,32,69,0,0,0,0,0,2380,3,0,0,291,291,291,1019,10827,878,0,983,9,1003,20,4213,0
8.8012,794,1049,13088,346,1801,114,851,35,24,27,62,0,0,0,0,0,2405,3,0,0,291,291,291,1017,-10335,879,0,983,8,1000,18,6970,0
8.8941,794,1049,13088,441,1806,114,840,24,18,20,0,0,0,0,0,0,2386,0,0,0,0,0,0,1013,16592,881,0,983,5,996,13,-14544,0
8.9866,794,1049,13088,531,1808,114,835,21,18,18,0,0,0,0,0,0,2367,0,0,0,0,0,0,1011,-21500,882,0,983,4,994,11,-11525,0
9.0788,794,1049,13088,626,1810,114,829,20,16,16,0,0,0,0,0,0,2373,0,0,0,0,0,0,1010,-786,883,0,983,3,994,10,-11508,0
9.1703,794,1049,13088,716,1810,114,829,20,16,16,0,0,0,0,0,0,2386,0,0,0,0,0,0,1010,-786,883,0,983,3,994,10,-11508,0
9.2621,794,1049,13088,811,1812,114,824,17,15,14,0,0,0,0,0,0,2392,0,0,0,0,0,0,1009,720,884,0,983,3,992,9,14889,0
9.3547,794,1049,13088,901,1814,113,819,62,36,43,110,0,0,0,0,0,2405,5,0,0,293,293,0,1032,7472,885,0,983,14,1015,33,-25277,0
9.4477,794,1049,13088,996,1818,113,808,58,39,37,109,0,0,0,0,0,2386,5,0,0,293,293,293,1028,-3780,887,0,984,14,1012,31,26407,0
9.5396,794,1049,13344,86,1820,113,803,63,38,36,103,0,0,0,0,0,2392,5,0,0,293,293,293,1022,31439,888,0,982,14,1004,41,15235,0
9.6310,794,1049,13344,181,1822,113,798,94,49,61,168,0,0,0,0,0,2373,9,0,0,293,293,293,1039,18787,889,0,987,22,1026,53,7901,0
9.7226,794,1049,13344,271,1826,112,788,77,42,55,143,0,0,0,0,0,2392,7,0,0,293,293,293,1033,-24272,891,0,984,19,1017,42,2529,0
9.8151,794,1049,13344,361,1827,112,783,65,42,47,122,0,0,0,0,0,2373,6,0,0,293,293,293,1029,12575,892,0,983,16,1011,35,1695,0
9.9075,794,1049,13344,456,1829,112,778,91,51,60,168,0,0,0,0,0,2417,9,0,0,293,293,293,1045,12257,893,0,982,22,1027,49,896,0
10.0002,794,1049,13344,546,1833,112,769,85,48,59,160,0,0,0,0,0,2386,8,0,0,293,293,293,1045,11921,895,0,982,21,1027,46,237,0
10.0929,794,1049,13344,641,1835,112,764,74,45,52,140,0,0,0,0,0,2373,7,0,0,293,293,293,1039,7272,896,0,984,19,1023,39,-521,0
10.1851,794,1049,13344,731,1837,112,759,50,32,37,92,0,0,0,0,0,2386,5,0,0,293,293,293,1025,1607,896,0,983,12,1008,26,17014,0
10.2772,794,1049,13344,826,1840,111,750,40,30,31,70,0,0,0,0,0,2380,3,0,0,293,293,293,1019,-26822,898,0,984,9,1003,21,8471,0
10.3723,794,1049,13344,916,1842,111,746,33,23,26,59,0,0,0,0,0,2386,3,0,0,281,293,293,1016,-6085,899,0,983,7,1000,17,10639,0
10.4665,794,1049,13600,11,1845,111,737,72,37,52,134,0,0,0,0,0,2411,7,0,0,281,278,281,1038,30107,901,0,982,17,1020,38,3965,0
10.5609,794,1049,13600,106,1847,111,732,79,46,64,145,0,0,0,0,0,2386,8,0,0,281,278,281,1040,-5744,902,0,984,18,1025,41,2214,0
10.6551,794,1049,13600,201,1849,111,728,68,44,51,131,0,0,0,0,0,2386,7,0,0,281,278,281,1035,-2872,902,0,984,17,1019,35,1142,0
10.7494,794,1049,13600,296,1852,110,719,97,50,72,150,0,0,0,0,0,2417,8,0,0,281,278,281,1047,2095,904,0,985,19,1032,50,532,0
10.8442,794,1049,13600,386,1854,110,715,95,55,83,177,0,0,0,0,0,2380,10,0,0,281,278,281,1044,-27574,905,0,983,23,1027,50,347,0
10.9385,794,1049,13600,481,1855,110,711,74,44,72,138,0,0,0,0,0,2405,7,0,0,281,278,281,1036,-15114,906,0,984,18,1021,40,823,0
11.0326,794,1049,13600,576,1858,110,703,57,40,52,114,0,0,0,0,0,2392,6,0,0,281,278,281,1028,17456,907,0,983,14,1011,30,312,0
11.1269,794,1049,13600,671,1860,109,698,104,59,91,171,0,0,0,0,0,2367,9,0,0,281,278,281,1047,17257,908,0,985,22,1032,56,254,0
11.2211,794,1049,13600,766,1861,109,694,100,59,94,175,0,0,0,0,0,2373,9,0,0,281,278,281,1044,-5303,909,0,983,22,1026,55,517,0
11.3154,794,1049,13600,861,1863,109,690,92,51,69,170,0,0,0,0,0,2367,9,0,0,281,278,281,1044,-22183,909,0,982,22,1026,50,315,0
11.4096,794,1049,13600,956,1866,109,683,56,34,50,132,0,0,0,0,0,2392,9,0,0,227,288,288,1026,-28461,911,0,983,13,1010,29,8632,0
11.5039,794,1049,13856,46,1867,109,679,53,33,43,123,0,0,0,0,0,2392,8,0,0,227,288,288,1026,-12961,912,0,983,12,1009,27,5158,0
11.5982,794,1049,13856,141,1869,109,675,43,29,38,96,0,0,0,0,0,2386,6,0,0,227,288,288,1021,27347,912,0,983,10,1004,22,3569,0
11.6925,794,1049,13856,236,1870,109,671,37,26,31,86,0,0,0,0,0,2386,6,0,0,227,288,288,1018,2921,913,0,984,9,1002,19,5909,0
11.7870,794,1049,13856,331,1872,108,667,30,24,27,0,0,0,0,0,0,2380,0,0,0,0,0,0,1015,2184,914,0,983,6,998,15,-19442,0
11.8812,794,1049,13856,426,1873,108,664,25,21,21,0,0,0,0,0,0,2373,0,0,0,0,0,0,1012,-31676,914,0,983,5,996,12,-30979,0
11.9755,794,1049,13856,521,1875,108,660,20,20,20,0,0,0,0,0,0,2411,0,0,0,0,0,0,1009,20044,915,0,983,4,993,10,16712,0
12.0695,794,1049,13856,616,1876,108,656,18,18,17,0,0,0,0,0,0,2373,0,0,0,0,0,0,1008,440,916,0,983,3,992,9,26311,0
12.1639,794,1049,13856,711,1877,108,653,15,15,16,0,0,0,0,0,0,2373,0,0,0,0,0,0,1008,25968,916,0,983,3,991,8,-11045,0
12.2581,794,1049,13856,801,1879,108,649,18,14,16,0,0,0,0,0,0,2367,0,0,0,0,0,0,1010,-19776,917,0,983,3,993,10,18629,0
12.3531,794,1049,13856,896,1880,108,646,21,17,18,0,0,0,0,0,0,2361,0,0,0,0,0,0,1010,-26340,918,0,983,4,994,11,-5684,0
12.4476,794,1049,13856,991,1881,108,642,20,17,17,0,0,0,0,0,0,2373,0,0,0,0,0,0,1009,11064,918,0,983,3,993,10,-21276,0
12.5420,794,1049,14112,86,1883,107,639,18,17,16,0,0,0,0,0,0,2386,0,0,0,0,0,0,1008,19476,919,0,983,3,992,10,-19257,0
12.6363,794,1049,14112,176,1884,107,635,16,15,14,0,0,0,0,0,0,2392,0,0,0,0,0,0,1007,-17472,920,0,983,3,991,8,-16738,0
12.7307,794,1049,14112,271,1885,107,632,16,15,13,0,0,0,0,0,0,2392,0,0,0,0,0,0,1008,29568,920,0,983,3,991,8,30619,0
12.8223,794,1049,14112,366,1887,107,628,15,13,13,0,0,0,0,0,0,2392,0,0,0,0,0,0,1007,-28832,921,0,983,3,991,8,11465,0
12.9139,794,1049,14112,456,1887,107,628,15,13,13,0,0,0,0,0,0,2380,0,0,0,0,0,0,1007,-28832,921,0,983,3,991,8,11465,0
13.0084,794,1049,14112,551,1888,107,625,14,12,13,0,0,0,0,0,0,2373,0,0,0,0,0,0,1007,-13792,922,0,983,2,991,7,16633,0
13.1027,794,1049,14112,646,1889,107,622,13,13,13,0,0,0,0,0,0,2361,0,0,0,0,0,0,1007,-25696,922,0,983,2,991,7,-736,0
13.1969,794,1049,14112,741,1891,107,619,13,13,13,0,0,0,0,0,0,2380,0,0,0,0,0,0,1007,-4960,923,0,983,2,991,7,-9378,0
13.2911,794,1049,14112,831,1892,107,615,163,95,152,0,0,0,0,0,0,2386,0,0,0,0,0,0,1078,-848,923,1,984,33,1062,82,28051,0
13.3854,794,1049,14112,926,1893,107,612,178,118,162,0,0,0,0,0,0,2386,0,0,0,0,0,0,1090,-29400,924,1,983,36,1072,92,-18864,0
13.4796,794,1049,14368,21,1894,106,609,137,87,125,375,0,0,0,0,0,2405,35,0,0,167,207,286,1064,9924,925,1,983,29,1047,75,-9166,0
13.5738,794,1049,14368,116,1895,106,606,110,69,104,340,0,0,0,0,0,2405,32,0,0,167,207,286,1052,22728,925,0,983,26,1035,58,28071,0
13.6682,794,1049,14368,211,1897,106,603,81,52,81,248,0,0,0,0,0,2386,23,0,0,167,207,286,1037,16771,926,0,985,19,1021,44,13792,0
13.7624,794,1049,14368,306,1898,106,600,65,42,66,120,0,0,0,0,0,2373,6,0,0,167,207,286,1029,23676,926,0,984,15,1014,35,5142,0
13.8567,794,1049,14368,396,1899,106,597,49,33,47,156,0,0,0,0,0,2386,14,0,0,167,207,286,1022,-952,927,0,983,12,1006,26,-3108,0
13.9508,794,1049,14368,491,1900,106,594,38,28,35,120,0,0,0,0,0,2386,11,0,0,167,207,286,1017,10356,928,0,984,9,1001,20,1296,0
14.0449,794,1049,14368,586,1901,106,591,31,24,28,93,0,0,0,0,0,2380,8,0,0,167,207,286,1014,-9956,928,0,983,7,998,16,-706,0
14.1390,794,1049,14368,681,1902,106,588,26,21,22,0,0,0,0,0,0,2373,0,0,0,0,0,0,1012,-4706,929,0,983,5,996,13,-3480,0
14.2334,794,1049,14368,776,1903,106,585,21,17,19,0,0,0,0,0,0,2380,0,0,0,0,0,0,1009,18284,929,0,983,4,993,11,-8977,0
14.3276,794,1049,14368,871,1905,105,582,19,16,16,0,0,0,0,0,0,2405,0,0,0,0,0,0,1009,19232,930,0,983,3,993,10,-8144,0
14.4219,794,1049,14368,961,1906,105,579,15,15,15,0,0,0,0,0,0,2373,0,0,0,0,0,0,1008,21376,930,0,983,3,991,8,32421,0
14.5163,794,1049,14624,56,1907,105,576,15,14,14,0,0,0,0,0,0,2392,0,0,0,0,0,0,1008,10960,931,0,983,2,991,8,-20632,0
14.6104,794,1049,14624,151,1908,105,573,14,13,14,0,0,0,0,0,0,2373,0,0,0,0,0,0,1007,-6656,931,0,983,2,991,7,-17213,0
14.7048,794,1049,14624,241,1908,105,573,14,13,14,0,0,0,0,0,0,2386,0,0,0,0,0,0,1007,-6656,931,0,983,2,991,7,-17213,0
14.7992,794,1049,14624,336,1909,105,571,13,14,14,0,0,0,0,0,0,2386,0,0,0,0,0,0,1006,29184,932,0,983,2,990,6,19404,0
14.8935,794,1049,14624,431,1910,105,568,13,14,15,0,0,0,0,0,0,2386,0,0,0,0,0,0,1007,30976,932,0,983,2,990,7,6600,0
14.9879,794,1049,14624,526,1911,105,565,13,13,14,0,0,0,0,0,0,2392,0,0,0,0,0,0,1007,-14768,933,0,983,2,990,7,-25358,0
15.0823,794,1049,14624,621,1912,105,563,12,13,14,0,0,0,0,0,0,2380,0,0,0,0,0,0,1006,-8992,933,0,983,2,989,6,-19106,0
15.1765,794,1049,14624,716,1913,105,560,13,14,14,0,0,0,0,0,0,2411,0,0,0,0,0,0,1006,21024,934,0,983,2,990,7,-14582,0
15.2709,794,1049,14624,811,1914,105,557,12,13,14,0,0,0,0,0,0,2380,0,0,0,0,0,0,1006,3936,934,0,983,2,990,6,-31865,0
15.3653,794,1049,14624,906,1915,105,555,13,14,13,0,0,0,0,0,0,2392,0,0,0,0,0,0,1007,20352,935,0,983,2,991,7,-5169,0
15.4576,794,1049,14624,996,1916,104,552,13,13,13,0,0,0,0,0,0,2386,0,0,0,0,0,0,1007,-4736,935,0,983,2,990,7,-18616,0
15.5488,794,1049,14880,86,1917,104,549,12,13,14,0,0,0,0,0,0,2367,0,0,0,0,0,0,1006,-9344,936,0,983,2,989,6,18489,0
15.6434,794,1049,14880,181,1918,104,547,11,13,13,0,0,0,0,0,0,2405,0,0,0,0,0,0,1005,-21120,936,0,983,2,989,6,14534,0
15.7381,794,1049,14880,271,1919,104,544,12,13,13,0,0,0,0,0,0,2380,0,0,0,0,0,0,1006,31584,937,0,983,2,990,6,-29473,0
15.8328,794,1049,14880,366,1920,104,542,12,12,12,0,0,0,0,0,0,2386,0,0,0,0,0,0,1006,11552,937,0,983,2,990,6,15168,0
15.9271,794,1049,14880,461,1921,104,539,12,13,13,0,0,0,0,0,0,2361,0,0,0,0,0,0,1006,17184,938,0,983,2,989,6,7709,0
16.0216,794,1049,14880,556,1922,104,537,12,12,12,0,0,0,0,0,0,2380,0,0,0,0,0,0,1006,-14784,938,0,983,2,990,6,13045,0
16.1159,794,1049,14880,651,1923,104,535,11,12,12,0,0,0,0,0,0,2386,0,0,0,0,0,0,1006,30560,939,0,983,2,989,6,21658,0
16.2109,794,1049,14880,746,1924,104,532,11,11,12,0,0,0,0,0,0,2386,0,0,0,0,0,0,1005,-17472,939,0,983,2,989,5,12994,0
16.3052,794,1049,14880,841,1925,104,530,11,11,13,0,0,0,0,0,0,2380,0,0,0,0,0,0,1005,-30928,939,0,983,2,989,6,17893,0
16.3997,794,1049,14880,936,1925,104,530,11,11,13,0,0,0,0,0,0,2386,0,0,0,0,0,0,1005,-30928,939,0,983,2,989,6,17893,0
16.4952,794,1049,15136,26,1925,104,528,11,12,13,0,0,0,0,0,0,2392,0,0,0,0,0,0,1005,28256,940,0,983,2,989,5,12790,0
16.5870,794,1049,15136,121,1926,103,525,55,27,42,0,0,0,0,0,0,2386,0,0,0,0,0,0,1027,-26224,940,0,985,11,1012,28,-26610,0
16.6789,794,1049,15136,216,1927,103,523,69,61,85,0,0,0,0,0,0,2392,0,0,0,0,0,0,1036,24928,941,0,983,16,1019,36,-13715,0
16.7741,794,1049,15136,306,1928,103,521,56,68,81,0,0,0,0,0,0,2367,0,0,0,0,0,0,1030,25172,941,0,983,12,1014,31,-7076,0
16.8659,794,1049,15136,401,1929,103,518,44,50,60,0,0,0,0,0,0,2405,0,0,0,0,0,0,1024,22844,942,0,983,9,1007,24,22918,0
16.9575,794,1049,15136,491,1930,103,516,35,40,50,0,0,0,0,0,0,2373,0,0,0,0,0,0,1019,-14150,942,0,983,8,1002,19,15209,0
17.0494,794,1049,15136,586,1931,103,514,31,30,41,0,0,0,0,0,0,2367,0,0,0,0,0,0,1016,-24271,942,0,983,6,999,17,-4653,0
17.1411,794,1049,15136,676,1931,103,512,25,29,33,0,0,0,0,0,0,2386,0,0,0,0,0,0,1012,2881,943,0,983,5,995,13,-20787,0
17.2330,794,1049,15136,766,1932,103,510,23,24,28,0,0,0,0,0,0,2417,0,0,0,0,0,0,1010,-31327,943,0,983,4,994,13,26667,0
17.3277,794,1049,15136,861,1933,103,507,19,20,22,0,0,0,0,0,0,2373,0,0,0,0,0,0,1009,28324,944,0,983,4,993,10,-8939,0
17.4200,794,1049,15136,956,1934,103,505,18,17,20,0,0,0,0,0,0,2392,0,0,0,0,0,0,1009,-28570,944,0,983,3,993,10,-16882,0
17.5122,794,1049,33,41,1935,103,503,16,16,17,0,0,0,0,0,0,2373,0,0,0,0,0,0,1007,-16912,944,0,983,3,991,9,-9357,0
17.6048,794,1049,33,136,1936,103,501,16,16,16,0,0,0,0,0,0,2392,0,0,0,0,0,0,1007,12416,945,0,984,3,991,8,-26444,0
17.6999,794,1049,33,226,1936,102,499,15,16,16,0,0,0,0,0,0,2373,0,0,0,0,0,0,1007,-3152,945,0,983,2,990,8,-26801,0
17.7914,794,1049,33,321,1937,102,497,14,15,14,0,0,0,0,0,0,2373,0,0,0,0,0,0,1006,9456,946,0,983,2,990,7,-15179,0
17.8837,794,1049,33,416,1937,102,497,14,15,14,0,0,0,0,0,0,2405,0,0,0,0,0,0,1006,9456,946,0,983,2,990,7,-15179,0
17.9755,794,1049,33,506,1938,102,495,13,16,15,0,0,0,0,0,0,2380,0,0,0,0,0,0,1006,-20752,946,0,983,2,990,7,-15734,0
18.0674,794,1049,33,596,1939,102,493,12,14,15,0,0,0,0,0,0,2373,0,0,0,0,0,0,1006,-13824,946,0,983,2,989,6,16269,0
18.1596,794,1049,33,691,1939,102,491,11,13,14,0,0,0,0,0,0,2386,0,0,0,0,0,0,1006,3776,947,0,983,2,989,6,15603,0
18.2511,794,1049,33,781,1940,102,489,11,13,14,0,0,0,0,0,0,2386,0,0,0,0,0,0,1005,1888,947,0,983,2,989,6,-17928,0
18.3430,794,1049,33,876,1941,102,487,13,14,14,0,0,0,0,0,0,2373,0,0,0,0,0,0,1007,896,947,0,983,2,990,7,16856,0
18.4346,794,1049,33,966,1942,102,485,12,13,14,0,0,0,0,0,0,2386,0,0,0,0,0,0,1006,-22208,948,0,983,2,990,6,-26503,0
18.5296,794,1049,289,56,1942,102,483,12,13,14,0,0,0,0,0,0,2392,0,0,0,0,0,0,1006,4736,948,0,983,2,989,6,-1508,0
18.6214,794,1049,289,151,1943,102,481,12,12,13,0,0,0,0,0,0,2386,0,0,0,0,0,0,1006,-23424,949,0,983,2,990,6,-22621,0
18.7136,794,1049,289,241,1944,102,479,12,13,13,0,0,0,0,0,0,2392,0,0,0,0,0,0,1006,-10848,949,0,983,2,990,6,21253,0
18.8049,794,1049,289,336,1944,102,478,12,14,13,0,0,0,0,0,0,2392,0,0,0,0,0,0,1006,-13472,949,0,983,2,989,6,12781,0
18.8976,794,1049,289,426,1945,102,476,12,13,13,0,0,0,0,0,0,2392,0,0,0,0,0,0,1006,20800,950,0,983,2,990,6,20128,0
18.9899,794,1049,289,516,1946,102,474,11,14,13,0,0,0,0,0,0,2386,0,0,0,0,0,0,1006,11392,950,0,983,2,989,6,-26014,0
19.0815,794,1049,289,611,1947,101,472,12,15,13,0,0,0,0,0,0,2380,0,0,0,0,0,0,1005,-10688,950,0,983,2,989,6,-794,0
19.1735,794,1049,289,701,1947,101,472,12,15,13,0,0,0,0,0,0,2380,0,0,0,0,0,0,1005,-10688,950,0,983,2,989,6,-794,0
19.2652,794,1049,289,796,1947,101,470,12,14,13,0,0,0,0,0,0,2392,0,0,0,0,0,0,1006,-6816,951,0,983,2,989,6,6841,0
19.3574,794,1049,289,886,1948,101,469,12,14,13,0,0,0,0,0,0,2392,0,0,0,0,0,0,1006,-21184,951,0,983,2,990,6,-31736,0
19.4501,794,1049,289,976,1949,101,467,12,13,13,0,0,0,0,0,0,2386,0,0,0,0,0,0,1006,6848,951,0,983,2,990,6,17437,0
19.5423,794,1049,545,66,1949,101,465,12,13,13,0,0,0,0,0,0,2392,0,0,0,0,0,0,1006,24160,952,0,984,2,990,6,9302,0
19.6345,794,1049,545,156,1950,101,463,13,13,13,0,0,0,0,0,0,2392,0,0,0,0,0,0,1006,14976,952,0,983,2,990,6,31608,0
19.7266,794,1049,545,251,1951,101,462,13,12,14,0,0,0,0,0,0,2392,0,0,0,0,0,0,1007,29664,952,0,983,2,990,7,21379,0
19.8187,794,1049,545,341,1951,101,460,13,12,13,0,0,0,0,0,0,2392,0,0,0,0,0,0,1006,23136,952,0,983,2,990,6,-23059,0
19.9106,794,1049,545,436,1952,101,458,12,13,13,0,0,0,0,0,0,2411,0,0,0,0,0,0,1006,-28320,953,0,983,2,990,6,-44,0
20.0027,794,1049,545,526,1952,101,457,12,14,15,0,0,0,0,0,0,2386,0,0,0,0,0,0,1006,32640,953,0,983,2,990,6,-8103,0
20.0951,794,1049,545,621,1953,101,455,12,13,14,0,0,0,0,0,0,2392,0,0,0,0,0,0,1006,5088,953,0,983,2,989,6,1523,0
20.1872,794,1049,545,711,1954,101,453,12,13,15,0,0,0,0,0,0,2380,0,0,0,0,0,0,1006,-7136,954,0,983,2,990,6,16283,0
20.2793,794,1049,545,801,1954,101,452,13,12,13,0,0,0,0,0,0,2386,0,0,0,0,0,0,1006,5184,954,0,983,2,989,6,5409,0
20.3720,794,1049,545,896,1954,101,452,13,12,13,0,0,0,0,0,0,2380,0,0,0,0,0,0,1006,5184,954,0,983,2,989,6,5409,0
20.4653,794,1049,545,986,1955,101,450,13,12,13,0,0,0,0,0,0,2386,0,0,0,0,0,0,1005,-31808,954,0,983,2,989,7,10363,0
20.5572,794,1049,801,76,1955,101,449,12,12,14,0,0,0,0,0,0,2373,0,0,0,0,0,0,1005,9984,955,0,983,2,989,6,5005,0
20.6491,794,1049,801,171,1956,101,447,12,13,13,0,0,0,0,0,0,2386,0,0,0,0,0,0,1005,-3264,955,0,983,2,989,6,18461,0
20.7408,794,1049,801,261,1957,101,446,12,12,13,0,0,0,0,0,0,2411,0,0,0,0,0,0,1006,-1632,955,0,983,2,990,6,-2030,0
20.8326,794,1049,801,356,1957,100,444,13,12,13,0,0,0,0,0,0,2380,0,0,0,0,0,0,1006,31968,955,0,983,2,990,6,7177,0
20.9243,794,1049,801,446,1958,100,443,13,12,13,0,0,0,0,0,0,2380,0,0,0,0,0,0,1007,-15776,956,0,984,2,990,7,-6926,0
21.0166,794,1049,801,536,1958,100,441,14,14,15,0,0,0,0,0,0,2373,0,0,0,0,0,0,1007,-16016,956,0,984,2,991,7,-8362,0
21.1091,794,1049,801,631,1959,100,440,17,14,15,0,0,0,0,0,0,2380,0,0,0,0,0,0,1009,18072,956,0,983,3,993,9,-9851,0
21.2019,794,1049,801,721,1960,100,438,14,15,14,0,0,0,0,0,0,2380,0,0,0,0,0,0,1007,-10816,957,0,983,3,991,7,23352,0
21.2946,794,1049,801,816,1960,100,437,13,15,14,0,0,0,0,0,0,2386,0,0,0,0,0,0,1007,3984,957,0,983,2,991,7,7900,0
21.3868,794,1049,801,906,1961,100,435,12,15,14,0,0,0,0,0,0,2373,0,0,0,0,0,0,1006,17728,957,0,984,2,990,6,30087,0
21.4791,794,1049,1057,1,1961,100,434,12,15,13,0,0,0,0,0,0,2373,0,0,0,0,0,0,1006,12288,957,0,983,2,990,6,-13049,0
21.5713,794,1049,1057,91,1962,100,432,13,14,14,0,0,0,0,0,0,2373,0,0,0,0,0,0,1006,30272,958,0,984,2,990,6,16153,0
21.6641,794,1049,1057,181,1962,100,432,13,14,14,0,0,0,0,0,0,2386,0,0,0,0,0,0,1006,30272,958,0,984,2,990,6,16153,0
21.7566,794,1049,1057,271,1962,100,431,13,13,13,0,0,0,0,0,0,2386,0,0,0,0,0,0,1007,8608,958,0,984,2,991,7,32652,0
21.8491,794,1049,1057,366,1963,100,430,12,12,12,0,0,0,0,0,0,2380,0,0,0,0,0,0,1006,7456,958,0,983,2,989,6,11120,0
21.9416,794,1049,1057,456,1963,100,428,13,12,13,0,0,0,0,0,0,2380,0,0,0,0,0,0,1006,-3104,958,0,983,2,990,7,-8399,0
22.0339,794,1049,1057,551,1964,100,427,12,13,13,0,0,0,0,0,0,2392,0,0,0,0,0,0,1006,22544,959,0,983,2,989,6,-26930,0
22.1265,794,1049,1057,641,1964,100,426,12,12,12,0,0,0,0,0,0,2380,0,0,0,0,0,0,1006,16688,959,0,983,2,990,6,-30772,0
22.2193,794,1049,1057,736,1965,100,424,12,12,14,0,0,0,0,0,0,2373,0,0,0,0,0,0,1006,-28352,959,0,983,2,990,7,1430,0
22.3120,794,1049,1057,826,1965,100,423,12,13,14,0,0,0,0,0,0,2386,0,0,0,0,0,0,1006,15264,959,0,984,2,990,6,-28546,0
22.4041,794,1049,1057,921,1966,100,422,13,12,14,0,0,0,0,0,0,2373,0,0,0,0,0,0,1006,18304,960,0,984,2,990,6,-17006,0
22.4964,794,1049,1313,11,1966,99,420,13,12,14,0,0,0,0,0,0,2373,0,0,0,0,0,0,1006,-21152,960,0,984,2,990,6,20293,0
22.5891,794,1049,1313,106,1967,99,419,12,12,14,0,0,0,0,0,0,2405,0,0,0,0,0,0,1005,4832,960,0,984,2,990,6,-9302,0
22.6816,794,1049,1313,196,1967,99,418,12,12,13,0,0,0,0,0,0,2367,0,0,0,0,0,0,1006,12464,960,0,984,2,990,6,-23231,0
22.7741,794,1049,1313,286,1968,99,416,12,12,14,0,0,0,0,0,0,2386,0,0,0,0,0,0,1005,13616,961,0,984,2,989,6,32251,0
22.8666,794,1049,1313,381,1968,99,415,11,12,14,0,0,0,0,0,0,2386,0,0,0,0,0,0,1005,29120,961,0,984,2,989,6,-2757,0
22.9590,794,1049,1313,471,1968,99,415,11,12,14,0,0,0,0,0,0,2386,0,0,0,0,0,0,1005,29120,961,0,984,2,989,6,-2757,0
23.0513,794,1049,1313,566,1969,99,414,12,11,14,0,0,0,0,0,0,2405,0,0,0,0,0,0,1006,-5424,961,0,984,2,990,6,-17568,0
23.1424,794,1049,1313,656,1969,99,413,11,11,13,0,0,0,0,0,0,2417,0,0,0,0,0,0,1006,-29792,961,0,984,2,990,6,3263,0
23.2343,794,1049,1313,746,1970,99,412,12,12,12,0,0,0,0,0,0,2411,0,0,0,0,0,0,1005,-1728,961,0,984,2,990,6,7815,0
23.3258,794,1049,1313,841,1970,99,410,12,12,13,0,0,0,0,0,0,2386,0,0,0,0,0,0,1006,-18624,962,0,984,2,990,6,-10184,0
23.4175,794,1049,1313,931,1971,99,409,11,12,13,0,0,0,0,0,0,2405,0,0,0,0,0,0,1005,15776,962,0,984,2,989,6,14254,0
23.5105,794,1049,1569,21,1971,99,408,11,12,13,0,0,0,0,0,0,2380,0,0,0,0,0,0,1006,-8000,962,0,984,2,990,6,22587,0
23.6041,794,1049,1569,116,1971,99,407,11,12,14,0,0,0,0,0,0,2380,0,0,0,0,0,0,1005,-31296,962,0,984,2,990,6,-16185,0
23.6976,794,1049,1569,206,1972,99,406,12,14,14,0,0,0,0,0,0,2392,0,0,0,0,0,0,1005,-31104,963,0,984,2,989,6,25780,0
23.7909,794,1049,1569,301,1972,99,405,12,13,14,0,0,0,0,0,0,2392,0,0,0,0,0,0,1006,-128,963,0,984,2,990,6,-19460,0
23.8841,794,1049,1569,396,1973,99,403,11,12,14,0,0,0,0,0,0,2386,0,0,0,0,0,0,1006,-13184,963,0,984,2,990,6,23038,0
23.9769,794,1049,1569,486,1973,99,402,11,12,13,0,0,0,0,0,0,2367,0,0,0,0,0,0,1005,-23360,963,0,984,2,989,6,17426,0
24.0717,794,1049,1569,581,1974,99,401,38,28,39,0,0,0,0,0,0,2380,0,0,0,0,0,0,1019,784,963,0,984,7,1003,19,-23947,0
24.1664,794,1049,1569,676,1974,99,400,46,44,45,0,0,0,0,0,0,2386,0,0,0,0,0,0,1021,-15328,964,0,984,10,1005,25,-11837,0
24.2583,794,1049,1569,771,1974,99,399,36,43,42,0,0,0,0,0,0,2386,0,0,0,0,0,0,1017,10878,964,0,984,7,1001,19,-260,0
24.3513,794,1049,1569,861,1974,99,399,36,43,42,0,0,0,0,0,0,2380,0,0,0,0,0,0,1017,10878,964,0,984,7,1001,19,-260,0
24.4429,794,1049,1569,956,1975,99,398,27,33,30,0,0,0,0,0,0,2392,0,0,0,0,0,0,1013,29632,964,0,984,5,997,14,-7420,0
24.5380,794,1049,1825,46,1975,99,397,20,27,24,0,0,0,0,0,0,2392,0,0,0,0,0,0,1009,12960,964,0,984,4,994,10,-28135,0
24.6332,794,1049,1825,136,1976,98,396,17,21,20,0,0,0,0,0,0,2392,0,0,0,0,0,0,1008,-21800,964,0,984,3,992,9,6626,0
24.7282,794,1049,1825,231,1976,98,395,15,18,16,0,0,0,0,0,0,2373,0,0,0,0,0,0,1007,-12672,965,0,984,3,991,8,-30349,0
24.8205,794,1049,1825,326,1976,98,394,13,16,16,0,0,0,0,0,0,2380,0,0,0,0,0,0,1006,28608,965,0,984,2,991,7,6616,0
24.9134,794,1049,1825,421,1977,98,393,13,14,15,0,0,0,0,0,0,2367,0,0,0,0,0,0,1006,-21824,965,0,984,2,990,7,20646,0
25.0067,794,1049,1825,511,1977,98,392,12,13,13,0,0,0,0,0,0,2380,0,0,0,0,0,0,1006,6128,965,0,984,2,990,6,-20810,0
25.0991,794,1049,1825,606,1978,98,391,12,12,12,0,0,0,0,0,0,2386,0,0,0,0,0,0,1006,-21168,965,0,984,2,990,6,3406,0
25.1905,794,1049,1825,696,1978,98,390,12,13,13,0,0,0,0,0,0,2373,0,0,0,0,0,0,1006,-25536,966,0,984,2,990,6,-8096,0
25.2833,794,1049,1825,791,1978,98,389,12,12,14,0,0,0,0,0,0,2367,0,0,0,0,0,0,1006,7424,966,0,984,2,990,6,25807,0
25.3763,794,1049,1825,881,1979,98,388,12,13,14,0,0,0,0,0,0,2380,0,0,0,0,0,0,1006,-4176,966,0,984,2,990,6,-3025,0
25.4692,794,1049,1825,976,1979,98,387,11,13,13,0,0,0,0,0,0,2392,0,0,0,0,0,0,1005,-7456,966,0,984,2,989,6,-28225,0
25.5612,794,1049,2081,66,1979,98,386,12,13,13,0,0,0,0,0,0,2392,0,0,0,0,0,0,1005,8224,966,0,984,2,989,6,24298,0
25.6543,794,1049,2081,156,1980,98,385,12,13,13,0,0,0,0,0,0,2373,0,0,0,0,0,0,1005,7504,966,0,984,2,990,6,18796,0
25.7474,794,1049,2081,251,1980,98,384,12,14,13,0,0,0,0,0,0,2411,0,0,0,0,0,0,1005,3744,967,0,984,2,989,7,-15936,0
25.8399,794,1049,2081,341,1980,98,384,12,14,13,0,0,0,0,0,0,2386,0,0,0,0,0,0,1005,3744,967,0,984,2,989,7,-15936,0
25.9317,794,1049,2081,436,1980,98,383,12,13,12,0,0,0,0,0,0,2392,0,0,0,0,0,0,1005,-14848,967,0,984,2,989,6,1223,0
26.0241,794,1049,2081,526,1981,98,382,12,13,14,0,0,0,0,0,0,2373,0,0,0,0,0,0,1006,-24096,967,0,984,2,990,6,8710,0
26.1166,794,1049,2081,621,1981,98,381,12,12,13,0,0,0,0,0,0,2380,0,0,0,0,0,0,1006,1088,967,0,984,2,990,6,-7933,0
26.2085,794,1049,2081,711,1981,98,380,12,12,13,0,0,0,0,0,0,2405,0,0,0,0,0,0,1006,30176,967,0,984,2,990,6,-15109,0
26.3004,794,1049,2081,801,1982,98,379,12,13,14,0,0,0,0,0,0,2373,0,0,0,0,0,0,1005,30528,967,0,984,2,990,7,-12618,0
26.3923,794,1049,2081,896,1982,98,378,12,13,14,0,0,0,0,0,0,2380,0,0,0,0,0,0,1005,-15088,968,0,984,2,989,7,21108,0
26.4855,794,1049,2081,986,1982,98,377,12,13,14,0,0,0,0,0,0,2411,0,0,0,0,0,0,1005,4736,968,0,984,2,989,6,-23864,0
26.5812,794,1049,2337,81,1983,98,377,12,14,13,0,0,0,0,0,0,2386,0,0,0,0,0,0,1006,21104,968,0,984,2,990,6,28113,0
26.6747,794,1049,2337,171,1983,98,376,12,12,13,0,0,0,0,0,0,2392,0,0,0,0,0,0,1006,21248,968,0,984,2,990,6,-13115,0
26.7681,794,1049,2337,266,1983,98,375,12,13,12,0,0,0,0,0,0,2386,0,0,0,0,0,0,1006,8512,968,0,984,2,990,6,11508,0
26.8613,794,1049,2337,361,1984,98,374,12,13,12,0,0,0,0,0,0,2373,0,0,0,0,0,0,1006,-32576,968,0,984,2,990,6,21891,0
26.9537,794,1049,2337,451,1984,98,373,11,13,12,0,0,0,0,0,0,2373,0,0,0,0,0,0,1005,23808,969,0,984,2,989,6,-1091,0
27.0463,794,1049,2337,546,1984,97,372,11,12,12,0,0,0,0,0,0,2392,0,0,0,0,0,0,1005,-22080,969,0,984,2,989,5,19615,0
27.1390,794,1049,2337,636,1985,97,371,11,12,13,0,0,0,0,0,0,2392,0,0,0,0,0,0,1005,11712,969,0,984,2,989,5,-3528,0
27.2314,794,1049,2337,731,1985,97,371,11,12,13,0,0,0,0,0,0,2392,0,0,0,0,0,0,1005,11712,969,0,984,2,989,5,-3528,0
27.3242,794,1049,2337,821,1985,97,371,11,11,13,0,0,0,0,0,0,2411,0,0,0,0,0,0,1005,13120,969,0,984,2,989,5,-4757,0
27.4172,794,1049,2337,916,1985,97,370,10,12,13,0,0,0,0,0,0,2386,0,0,0,0,0,0,1005,-26208,969,0,984,2,989,5,-20663,0
27.5100,794,1049,2593,11,1986,97,369,12,13,13,0,0,0,0,0,0,2386,0,0,0,0,0,0,1006,-24800,969,0,984,2,990,6,22855,0
27.6027,794,1049,2593,101,1986,97,368,12,12,12,0,0,0,0,0,0,2392,0,0,0,0,0,0,1006,-9088,969,0,984,2,991,6,13770,0
27.6951,794,1049,2593,191,1986,97,367,12,12,12,0,0,0,0,0,0,2380,0,0,0,0,0,0,1006,31872,970,0,984,2,990,6,-16941,0
27.7882,794,1049,2593,286,1986,97,367,12,13,12,0,0,0,0,0,0,2386,0,0,0,0,0,0,1006,-3712,970,0,984,2,990,6,-4375,0
27.8810,794,1049,2593,376,1987,97,366,13,13,13,0,0,0,0,0,0,2380,0,0,0,0,0,0,1006,3936,970,0,984,2,990,7,-17912,0
27.9740,794,1049,2593,471,1987,97,365,12,13,12,0,0,0,0,0,0,2380,0,0,0,0,0,0,1006,12672,970,0,984,2,990,6,109,0
28.0667,794,1049,2593,561,1987,97,364,12,13,13,0,0,0,0,0,0,2405,0,0,0,0,0,0,1006,-18368,970,0,984,2,990,6,29179,0
28.1598,794,1049,2593,656,1988,97,364,12,12,14,0,0,0,0,0,0,2405,0,0,0,0,0,0,1006,-5152,970,0,984,2,990,6,-24603,0
28.2526,794,1049,2593,751,1988,97,363,12,12,13,0,0,0,0,0,0,2380,0,0,0,0,0,0,1006,23200,970,0,984,2,990,6,-25739,0
28.3451,794,1049,2593,841,1988,97,362,12,12,12,0,0,0,0,0,0,2392,0,0,0,0,0,0,1006,-8256,971,0,984,2,990,6,-1771,0
28.4379,794,1049,2593,936,1988,97,361,12,12,13,0,0,0,0,0,0,2386,0,0,0,0,0,0,1006,29760,971,0,984,2,990,6,7293,0
28.5310,794,1049,2849,26,1989,97,361,12,12,14,0,0,0,0,0,0,2386,0,0,0,0,0,0,1006,-21024,971,0,984,2,990,6,16374,0
28.6235,794,1049,2849,121,1989,97,361,12,12,14,0,0,0,0,0,0,2367,0,0,0,0,0,0,1006,-21024,971,0,984,2,990,6,16374,0
28.7164,794,1049,2849,211,1989,97,360,12,12,13,0,0,0,0,0,0,2380,0,0,0,0,0,0,1005,13344,971,0,984,2,989,6,22115,0
28.8090,794,1049,2849,301,1989,97,359,12,12,13,0,0,0,0,0,0,2380,0,0,0,0,0,0,1005,9984,971,0,984,2,990,6,-12500,0
28.9009,794,1049,2849,396,1990,97,359,12,14,12,0,0,0,0,0,0,2386,0,0,0,0,0,0,1006,17856,971,0,984,2,990,6,-30450,0
28.9933,794,1049,2849,486,1990,97,358,12,14,12,0,0,0,0,0,0,2392,0,0,0,0,0,0,1006,28928,971,0,984,2,990,6,4384,0
29.0856,794,1049,2849,581,1990,97,357,12,13,12,0,0,0,0,0,0,2354,0,0,0,0,0,0,1006,21984,971,0,984,2,990,6,-10336,0
29.1786,794,1049,2849,671,1990,97,356,12,13,13,0,0,0,0,0,0,2373,0,0,0,0,0,0,1006,3456,972,0,984,2,990,6,-16104,0
29.2717,794,1049,2849,766,1991,97,356,12,12,13,0,0,0,0,0,0,2373,0,0,0,0,0,0,1007,-14144,972,0,984,2,991,7,-5019,0
29.3645,794,1049,2849,856,1991,97,355,12,12,13,0,0,0,0,0,0,2380,0,0,0,0,0,0,1006,-1248,972,0,984,2,991,6,-24629,0
29.4573,794,1049,2849,951,1991,97,354,12,12,13,0,0,0,0,0,0,2373,0,0,0,0,0,0,1006,27904,972,0,984,2,990,6,-17176,0
29.5504,794,1049,3105,41,1991,97,354,12,13,13,0,0,0,0,0,0,2380,0,0,0,0,0,0,1005,19584,972,0,984,2,990,6,-8792,0
29.6436,794,1049,3105,136,1992,97,353,11,12,12,0,0,0,0,0,0,2386,0,0,0,0,0,0,1005,-4320,972,0,984,2,990,6,9166,0
29.7366,794,1049,3105,226,1992,97,352,12,12,12,0,0,0,0,0,0,2386,0,0,0,0,0,0,1006,-28480,972,0,984,2,990,6,21398,0
29.8293,794,1049,3105,321,1992,97,352,11,12,12,0,0,0,0,0,0,2405,0,0,0,0,0,0,1005,23712,972,0,984,2,990,6,29999,0
29.9223,794,1049,3105,411,1992,97,351,12,13,13,0,0,0,0,0,0,2380,0,0,0,0,0,0,1006,3328,973,0,984,2,990,6,3857,0
30.0151,794,1049,3105,506,1992,97,351,12,13,13,0,0,0,0,0,0,2392,0,0,0,0,0,0,1006,3328,973,0,984,2,990,6,3857,0
30.1073,794,1049,3105,596,1992,96,351,11,13,13,0,0,0,0,0,0,2373,0,0,0,0,0,0,1005,-19072,973,0,984,2,990,5,-24563,0
30.1995,794,1049,3105,691,1993,96,350,12,14,14,0,0,0,0,0,0,2392,0,0,0,0,0,0,1006,16240,973,0,984,2,991,6,-13198,0
30.2918,794,1049,3105,781,1993,96,349,12,13,12,0,0,0,0,0,0,2386,0,0,0,0,0,0,1005,9184,973,0,984,2,990,7,-1631,0
30.3843,794,1049,3105,876,1993,96,349,12,14,12,0,0,0,0,0,0,2373,0,0,0,0,0,0,1006,-29696,973,0,984,2,990,6,-23858,0
30.4765,794,1049,3105,966,1993,96,348,12,12,12,0,0,0,0,0,0,2373,0,0,0,0,0,0,1005,-3584,973,0,984,2,990,6,-8677,0
30.5692,794,1049,3361,61,1994,96,348,11,13,12,0,0,0,0,0,0,2367,0,0,0,0,0,0,1005,21472,973,0,984,2,990,5,15012,0
30.6618,794,1049,3361,151,1994,96,347,11,12,13,0,0,0,0,0,0,2392,0,0,0,0,0,0,1005,23904,973,0,984,2,989,6,1288,0
30.7546,794,1049,3361,241,1994,96,346,11,12,13,0,0,0,0,0,0,2386,0,0,0,0,0,0,1005,4800,973,0,984,2,990,6,-3541,0
30.8476,794,1049,3361,336,1994,96,346,11,13,13,0,0,0,0,0,0,2380,0,0,0,0,0,0,1005,24000,974,0,984,2,990,6,27080,0
30.9403,794,1049,3361,426,1994,96,345,12,13,12,0,0,0,0,0,0,2373,0,0,0,0,0,0,1006,25280,974,0,984,2,990,6,-15823,0
31.0328,794,1049,3361,521,1995,96,345,12,13,12,0,0,0,0,0,0,2380,0,0,0,0,0,0,1006,-2496,974,0,984,2,990,6,21347,0
31.1253,794,1049,3361,611,1995,96,344,12,12,14,0,0,0,0,0,0,2411,0,0,0,0,0,0,1006,256,974,0,984,2,990,6,-28050,0
31.2184,794,1049,3361,706,1995,96,343,12,14,13,0,0,0,0,0,0,2392,0,0,0,0,0,0,1006,26816,974,0,984,2,990,6,14831,0
31.3110,794,1049,3361,796,1995,96,343,12,14,12,0,0,0,0,0,0,2373,0,0,0,0,0,0,1006,-31040,974,0,984,2,990,6,11070,0
31.4037,794,1049,3361,891,1995,96,343,12,14,12,0,0,0,0,0,0,2386,0,0,0,0,0,0,1006,-31040,974,0,984,2,990,6,11070,0
31.4953,794,1049,3361,986,1996,96,342,11,14,13,0,0,0,0,0,0,2380,0,0,0,0,0,0,1005,-14416,974,0,984,2,990,6,-8525,0
31.5870,794,1049,3617,76,1996,96,342,12,15,13,0,0,0,0,0,0,2392,0,0,0,0,0,0,1006,-11584,974,0,984,2,990,6,14072,0
31.6801,794,1049,3617,166,1996,96,341,11,13,13,0,0,0,0,0,0,2380,0,0,0,0,0,0,1005,12064,974,0,984,2,990,6,-21164,0
31.7753,794,1049,3617,256,1996,96,341,11,14,13,0,0,0,0,0,0,2386,0,0,0,0,0,0,1006,5632,974,0,984,2,990,6,-12994,0
31.8673,794,1049,3617,351,1996,96,340,12,13,14,0,0,0,0,0,0,2367,0,0,0,0,0,0,1006,22240,975,0,984,2,991,6,-13657,0
31.9596,794,1049,3617,446,1997,96,340,13,13,13,0,0,0,0,0,0,2380,0,0,0,0,0,0,1007,7552,975,0,984,2,991,7,6969,0
32.0511,794,1049,3617,536,1997,96,339,13,13,12,0,0,0,0,0,0,2380,0,0,0,0,0,0,1007,31200,975,0,984,2,992,7,-7156,0
32.1435,794,1049,3617,626,1997,96,339,13,14,12,0,0,0,0,0,0,2392,0,0,0,0,0,0,1007,-20480,975,0,984,2,991,7,20302,0
32.2354,794,1049,3617,721,1997,96,338,12,13,13,0,0,0,0,0,0,2392,0,0,0,0,0,0,1006,-22720,975,0,984,2,990,6,15793,0
32.3277,794,1049,3617,811,1997,96,338,12,14,13,0,0,0,0,0,0,2386,0,0,0,0,0,0,1005,-11392,975,0,984,2,990,6,-4173,0
32.4207,794,1049,3617,906,1997,96,337,13,13,12,0,0,0,0,0,0,2386,0,0,0,0,0,0,1007,-28096,975,0,984,2,991,7,-1444,0
32.5133,794,1049,3617,996,1998,96,337,12,12,13,0,0,0,0,0,0,2405,0,0,0,0,0,0,1006,4160,975,0,984,2,991,6,15831,0
32.6050,794,1049,3873,91,1998,96,336,12,12,13,0,0,0,0,0,0,2380,0,0,0,0,0,0,1007,-31712,975,0,984,2,991,7,-29579,0
32.6978,794,1049,3873,181,1998,96,336,12,12,13,0,0,0,0,0,0,2392,0,0,0,0,0,0,1007,-31712,975,0,984,2,991,7,-29579,0
32.7900,794,1049,3873,271,1998,96,336,12,11,13,0,0,0,0,0,0,2380,0,0,0,0,0,0,1006,31168,975,0,984,2,990,6,10174,0
32.8826,794,1049,3873,361,1998,96,335,12,12,12,0,0,0,0,0,0,2386,0,0,0,0,0,0,1006,4192,975,0,984,2,990,6,-3629,0
32.9756,794,1049,3873,456,1998,96,335,12,12,12,0,0,0,0,0,0,2386,0,0,0,0,0,0,1006,30832,976,0,984,2,991,6,7501,0
33.0683,794,1049,3873,546,1999,96,334,12,12,12,0,0,0,0,0,0,2373,0,0,0,0,0,0,1006,-15808,976,0,984,2,990,6,29393,0
33.1611,794,1049,3873,641,1999,96,334,11,12,12,0,0,0,0,0,0,2392,0,0,0,0,0,0,1006,29056,976,0,984,2,990,6,-22250,0
33.2532,794,1049,3873,736,1999,96,333,12,12,12,0,0,0,0,0,0,2380,0,0,0,0,0,0,1006,7168,976,0,984,2,991,6,2231,0
33.3460,794,1049,3873,826,1999,96,333,12,13,14,0,0,0,0,0,0,2373,0,0,0,0,0,0,1006,10976,976,0,984,2,990,6,-10154,0
33.4407,794,1049,3873,921,1999,96,332,12,13,13,0,0,0,0,0,0,2386,0,0,0,0,0,0,1006,-5760,976,0,984,2,990,6,5946,0
33.5328,794,1049,4129,11,1999,96,332,13,12,14,0,0,0,0,0,0,2386,0,0,0,0,0,0,1006,20448,976,0,984,2,991,7,-31696,0
33.6260,794,1049,4129,106,2000,96,331,12,12,13,0,0,0,0,0,0,2361,0,0,0,0,0,0,1006,32064,976,0,984,2,991,6,-19370,0
33.7193,794,1049,4129,201,2000,95,331,11,13,13,0,0,0,0,0,0,2373,0,0,0,0,0,0,1006,-12832,976,0,984,2,990,6,-9069,0
33.8110,794,1049,4129,286,2000,95,331,12,13,13,0,0,0,0,0,0,2405,0,0,0,0,0,0,1006,23776,976,0,984,2,991,6,-6730,0
33.9030,794,1049,4129,381,2000,95,330,12,14,13,0,0,0,0,0,0,2373,0,0,0,0,0,0,1006,704,976,0,984,2,990,6,15612,0
33.9955,794,1049,4129,471,2000,95,330,12,14,13,0,0,0,0,0,0,2392,0,0,0,0,0,0,1006,-19040,976,0,984,2,990,6,30572,0
34.0882,794,1049,4129,566,2000,95,330,12,14,13,0,0,0,0,0,0,2373,0,0,0,0,0,0,1006,-19040,976,0,984,2,990,6,30572,0
34.1802,794,1049,4129,656,2000,95,329,12,13,13,0,0,0,0,0,0,2386,0,0,0,0,0,0,1006,-26496,976,0,984,2,990,6,9558,0
34.2726,794,1049,4129,751,2000,95,329,12,13,12,0,0,0,0,0,0,2386,0,0,0,0,0,0,1006,-19824,977,0,984,2,990,6,21526,0
34.3649,794,1049,4129,841,2001,95,328,13,13,12,0,0,0,0,0,0,2380,0,0,0,0,0,0,1006,29600,977,0,984,2,990,6,6990,0
34.4572,794,1049,4129,936,2001,95,328,12,13,13,0,0,0,0,0,0,2392,0,0,0,0,0,0,1006,26112,977,0,984,2,990,6,-4235,0
34.5502,794,1049,4385,26,2001,95,328,12,13,13,0,0,0,0,0,0,2367,0,0,0,0,0,0,1006,-28000,977,0,984,2,990,6,1000,0
34.6427,794,1049,4385,121,2001,95,327,12,14,13,0,0,0,0,0,0,2373,0,0,0,0,0,0,1006,18528,977,0,984,2,990,6,20183,0
34.7357,794,1049,4385,211,2001,95,327,12,13,13,0,0,0,0,0,0,2405,0,0,0,0,0,0,1006,19200,977,0,984,2,990,6,-2401,0
34.8289,794,1049,4385,301,2001,95,326,12,13,13,0,0,0,0,0,0,2392,0,0,0,0,0,0,1006,-27328,977,0,984,2,990,6,-15225,0
34.9205,794,1049,4385,396,2002,95,326,12,13,13,0,0,0,0,0,0,2373,0,0,0,0,0,0,1006,31872,977,0,984,2,991,6,-4861,0
35.0136,794,1049,4385,486,2002,95,326,13,13,13,0,0,0,0,0,0,2411,0,0,0,0,0,0,1006,5024,977,0,984,2,991,7,-18416,0
35.1058,794,1049,4385,581,2002,95,325,13,12,13,0,0,0,0,0,0,2411,0,0,0,0,0,0,1006,23328,977,0,984,2,991,6,-7855,0
35.2005,794,1049,4385,671,2002,95,325,12,12,12,0,0,0,0,0,0,2405,0,0,0,0,0,0,1005,21664,977,0,984,2,990,6,-31353,0
35.2923,794,1049,4385,766,2002,95,324,12,12,12,0,0,0,0,0,0,2380,0,0,0,0,0,0,1005,1904,977,0,984,2,990,6,-27667,0
35.3846,794,1049,4385,856,2002,95,324,12,12,12,0,0,0,0,0,0,2386,0,0,0,0,0,0,1005,1904,977,0,984,2,990,6,-27667,0
35.4770,794,1049,4385,951,2002,95,324,12,13,13,0,0,0,0,0,0,2386,0,0,0,0,0,0,1006,-9952,977,0,984,2,990,6,-18964,0
35.5692,794,1049,4641,41,2002,95,324,12,13,13,0,0,0,0,0,0,2367,0,0,0,0,0,0,1006,-21696,977,0,984,2,990,6,-19671,0
35.6614,794,1049,4641,136,2003,95,323,11,12,12,0,0,0,0,0,0,2373,0,0,0,0,0,0,1005,16192,978,0,984,2,990,6,6028,0
35.7532,794,1049,4641,226,2003,95,323,12,12,13,0,0,0,0,0,0,2380,0,0,0,0,0,0,1006,20064,978,0,984,2,990,6,-4859,0
35.8445,794,1049,4641,316,2003,95,323,12,12,13,0,0,0,0,0,0,2392,0,0,0,0,0,0,1006,-16384,978,0,984,2,990,6,-18704,0
35.9361,794,1049,4641,406,2003,95,322,12,12,13,0,0,0,0,0,0,2367,0,0,0,0,0,0,1006,-17920,978,0,984,2,990,6,7481,0
36.0288,794,1049,4641,496,2003,95,322,12,13,13,0,0,0,0,0,0,2380,0,0,0,0,0,0,1006,1472,978,0,984,2,990,6,17535,0
36.1217,794,1049,4641,591,2003,95,321,12,12,13,0,0,0,0,0,0,2373,0,0,0,0,0,0,1006,15424,978,0,984,2,990,6,2136,0
36.2143,794,1049,4641,686,2003,95,321,12,12,13,0,0,0,0,0,0,2380,0,0,0,0,0,0,1006,-24096,978,0,984,2,990,6,-31165,0
36.3067,794,1049,4641,776,2003,95,321,12,13,13,0,0,0,0,0,0,2392,0,0,0,0,0,0,1005,12960,978,0,984,2,990,6,-26566,0
36.3991,794,1049,4641,871,2004,95,320,12,13,14,0,0,0,0,0,0,2373,0,0,0,0,0,0,1005,23200,978,0,984,2,990,6,29917,0
36.4920,794,1049,4641,961,2004,95,320,12,13,14,0,0,0,0,0,0,2380,0,0,0,0,0,0,1006,-23232,978,0,984,2,990,6,-6507,0
36.5841,794,1049,4897,56,2004,95,320,12,14,14,0,0,0,0,0,0,2386,0,0,0,0,0,0,1006,3040,978,0,984,2,990,6,4770,0
36.6761,794,1049,4897,146,2004,95,320,12,14,14,0,0,0,0,0,0,2411,0,0,0,0,0,0,1006,3040,978,0,984,2,990,6,4770,0
36.7711,794,1049,4897,236,2004,95,319,12,13,13,0,0,0,0,0,0,2373,0,0,0,0,0,0,1006,-15232,978,0,984,2,990,6,-11274,0
36.8657,794,1049,4897,331,2004,95,319,12,14,13,0,0,0,0,0,0,2373,0,0,0,0,0,0,1005,31584,978,0,984,2,990,6,-1373,0
36.9571,794,1049,4897,426,2004,95,319,12,14,12,0,0,0,0,0,0,2386,0,0,0,0,0,0,1005,-17376,978,0,984,2,989,6,-27764,0
37.0527,794,1049,4897,516,2004,95,318,11,13,12,0,0,0,0,0,0,2386,0,0,0,0,0,0,1005,-31776,978,0,984,2,990,6,-403,0
37.1441,794,1049,4897,611,2004,95,318,11,13,13,0,0,0,0,0,0,2367,0,0,0,0,0,0,1005,16608,978,0,984,2,990,5,25856,0
37.2356,794,1049,4897,701,2004,95,318,12,13,13,0,0,0,0,0,0,2392,0,0,0,0,0,0,1006,-10720,978,0,984,2,990,6,-4380,0
37.3282,794,1049,4897,796,2005,95,317,11,12,13,0,0,0,0,0,0,2411,0,0,0,0,0,0,1006,7616,979,0,984,2,990,6,18355,0
37.4235,794,1049,4897,886,2005,95,317,12,12,13,0,0,0,0,0,0,2411,0,0,0,0,0,0,1006,23616,979,0,984,2,990,6,12295,0
37.5160,794,1049,4897,981,2005,95,317,13,12,13,0,0,0,0,0,0,2386,0,0,0,0,0,0,1006,29664,979,0,984,2,990,6,-5513,0
37.6089,794,1049,5153,76,2005,95,316,12,12,12,0,0,0,0,0,0,2392,0,0,0,0,0,0,1005,-4800,979,0,984,2,990,6,-12575,0
37.7015,794,1049,5153,166,2005,95,316,11,12,14,0,0,0,0,0,0,2386,0,0,0,0,0,0,1005,-7776,979,0,984,2,990,6,6619,0
37.7942,794,1049,5153,261,2005,95,316,11,13,13,0,0,0,0,0,0,2367,0,0,0,0,0,0,1005,24960,979,0,984,2,990,5,7982,0
37.8870,794,1049,5153,351,2005,95,316,12,13,13,0,0,0,0,0,0,2411,0,0,0,0,0,0,1006,-4256,979,0,984,2,990,6,29466,0
37.9797,794,1049,5153,441,2005,95,315,12,13,14,0,0,0,0,0,0,2373,0,0,0,0,0,0,1006,-2032,979,0,984,2,990,6,21125,0
38.0724,794,1049,5153,536,2005,95,315,11,12,14,0,0,0,0,0,0,2392,0,0,0,0,0,0,1005,-11936,979,0,984,2,990,6,13273,0
38.1655,794,1049,5153,626,2005,95,315,11,12,14,0,0,0,0,0,0,2373,0,0,0,0,0,0,1005,-11936,979,0,984,2,990,6,13273,0
38.2575,794,1049,5153,721,2006,95,315,11,12,14,0,0,0,0,0,0,2405,0,0,0,0,0,0,1005,2976,979,0,984,2,990,6,13726,0
38.3500,794,1049,5153,811,2006,94,314,12,12,14,0,0,0,0,0,0,2392,0,0,0,0,0,0,1006,-15600,979,0,984,2,990,6,-11848,0
38.4426,794,1049,5153,906,2006,94,314,13,12,14,0,0,0,0,0,0,2373,0,0,0,0,0,0,1006,10720,979,0,984,2,991,7,29515,0
38.5355,794,1049,5153,996,2006,94,314,12,12,13,0,0,0,0,0,0,2386,0,0,0,0,0,0,1006,29680,979,0,984,2,991,6,-30456,0
38.6278,794,1049,5409,91,2006,94,313,13,12,12,0,0,0,0,0,0,2373,0,0,0,0,0,0,1006,14640,979,0,984,2,991,6,21670,0
38.7199,794,1049,5409,186,2006,94,313,13,13,13,0,0,0,0,0,0,2373,0,0,0,0,0,0,1006,23440,979,0,984,2,991,6,27622,0
38.8123,794,1049,5409,276,2006,94,313,13,13,14,0,0,0,0,0,0,2380,0,0,0,0,0,0,1006,-22592,979,0,984,2,991,6,-11274,0
38.9052,794,1049,5409,366,2006,94,313,13,13,14,0,0,0,0,0,0,2405,0,0,0,0,0,0,1006,-368,979,0,984,2,991,6,15870,0
38.9982,794,1049,5409,456,2006,94,312,13,13,13,0,0,0,0,0,0,2405,0,0,0,0,0,0,1006,-25280,979,0,984,2,991,7,-3049,0
39.0911,794,1049,5409,551,2006,94,312,12,12,12,0,0,0,0,0,0,2373,0,0,0,0,0,0,1006,-28544,979,0,984,2,990,6,-19206,0
39.1835,794,1049,5409,641,2007,94,312,13,12,12,0,0,0,0,0,0,2411,0,0,0,0,0,0,1007,-25408,980,0,984,2,991,7,32507,0
39.2756,794,1049,5409,736,2007,94,312,12,13,13,0,0,0,0,0,0,2392,0,0,0,0,0,0,1006,13536,980,0,984,2,990,6,24445,0
39.3685,794,1049,5409,826,2007,94,311,12,12,13,0,0,0,0,0,0,2386,0,0,0,0,0,0,1006,9648,980,0,984,2,990,6,-23278,0
39.4612,794,1049,5409,921,2007,94,311,12,13,12,0,0,0,0,0,0,2373,0,0,0,0,0,0,1006,-19888,980,0,984,2,990,6,28059,0
39.5540,794,1049,5665,11,2007,94,311,12,13,12,0,0,0,0,0,0,2405,0,0,0,0,0,0,1006,-19888,980,0,984,2,990,6,28059,0
39.6467,794,1049,5665,106,2007,94,311,12,12,13,0,0,0,0,0,0,2367,0,0,0,0,0,0,1005,-6304,980,0,984,2,990,6,-4945,0
39.7399,794,1049,5665,196,2007,94,311,12,13,13,0,0,0,0,0,0,2386,0,0,0,0,0,0,1005,-15936,980,0,984,2,990,7,8551,0
39.8328,794,1049,5665,291,2007,94,310,12,12,13,0,0,0,0,0,0,2392,0,0,0,0,0,0,1006,-10096,980,0,984,2,990,6,-3208,0
39.9261,794,1049,5665,381,2007,94,310,12,13,13,0,0,0,0,0,0,2380,0,0,0,0,0,0,1005,-2048,980,0,984,2,990,6,-22950,0
40.0186,794,1049,5665,476,2007,94,310,11,13,12,0,0,0,0,0,0,2373,0,0,0,0,0,0,1005,20640,980,0,984,2,990,6,1387,0
40.1114,794,1049,5665,566,2007,94,310,12,13,13,0,0,0,0,0,0,2373,0,0,0,0,0,0,1006,-15136,980,0,984,2,991,6,26869,0
40.2046,794,1049,5665,661,2008,94,309,12,12,12,0,0,0,0,0,0,2386,0,0,0,0,0,0,1006,30560,980,0,984,2,990,6,25625,0
40.2979,794,1049,5665,751,2008,94,309,12,11,13,0,0,0,0,0,0,2380,0,0,0,0,0,0,1006,-26752,980,0,984,2,990,6,13419,0
40.3915,794,1049,5665,846,2008,94,309,12,11,12,0,0,0,0,0,0,2373,0,0,0,0,0,0,1006,-27296,980,0,984,2,990,6,14546,0
40.4843,794,1049,5665,941,2008,94,309,12,11,13,0,0,0,0,0,0,2367,0,0,0,0,0,0,1006,-8320,980,0,984,2,991,6,-15063,0
40.5774,794,1049,5921,31,2008,94,308,12,13,13,0,0,0,0,0,0,2373,0,0,0,0,0,0,1006,-26048,980,0,984,2,990,6,-30233,0
40.6706,794,1049,5921,126,2008,94,308,11,13,13,0,0,0,0,0,0,2392,0,0,0,0,0,0,1005,-2112,980,0,984,2,990,6,31216,0
40.7632,794,1049,5921,221,2008,94,308,11,13,13,0,0,0,0,0,0,2386,0,0,0,0,0,0,1005,18016,980,0,984,2,990,5,27863,0
40.8560,794,1049,5921,311,2008,94,308,11,14,12,0,0,0,0,0,0,2373,0,0,0,0,0,0,1005,-24064,980,0,984,2,990,5,9535,0
40.9489,794,1049,5921,401,2008,94,308,11,14,12,0,0,0,0,0,0,2392,0,0,0,0,0,0,1005,-24064,980,0,984,2,990,5,9535,0
41.0421,794,1049,5921,496,2008,94,307,11,12,11,0,0,0,0,0,0,2392,0,0,0,0,0,0,1005,-7968,980,0,984,2,989,6,-26365,0
41.1396,794,1049,5921,586,2008,94,307,134,85,101,0,0,0,0,0,0,2405,0,0,0,0,0,0,1064,2496,980,0,985,22,1048,68,-13168,0
41.2327,794,1049,5921,686,2008,94,307,128,97,112,0,0,0,0,0,0,2386,0,0,0,0,0,0,1054,5600,980,0,985,25,1039,72,-6200,0
41.3266,794,1049,5921,781,2008,94,307,95,81,94,0,0,0,0,0,0,2386,0,0,0,0,0,0,1038,27252,980,0,984,17,1022,56,-4407,0
41.4182,794,1049,5921,871,2008,94,306,66,57,63,0,0,0,0,0,0,2367,0,0,0,0,0,0,1027,-20600,980,0,984,13,1011,38,30564,0
41.5124,794,1049,5921,966,2009,94,306,45,48,51,0,0,0,0,0,0,2380,0,0,0,0,0,0,1020,17858,980,0,984,9,1004,25,-30045,0
41.6036,794,1049,6177,56,2009,94,306,32,34,38,0,0,0,0,0,0,2380,0,0,0,0,0,0,1015,-27965,981,0,984,6,1000,17,-19939,0
41.6952,794,1049,6177,151,2009,94,306,24,29,30,0,0,0,0,0,0,2411,0,0,0,0,0,0,1011,-24380,981,0,984,4,996,12,5452,0
41.7882,794,1049,6177,241,2009,94,306,19,24,24,0,0,0,0,0,0,2386,0,0,0,0,0,0,1009,30808,981,0,984,3,994,10,31979,0
41.8810,794,1049,6177,336,2009,94,305,17,19,19,0,0,0,0,0,0,2373,0,0,0,0,0,0,1008,-32416,981,0,984,3,993,8,-22159,0
41.9746,794,1049,6177,426,2009,94,305,15,17,17,0,0,0,0,0,0,2392,0,0,0,0,0,0,1007,31120,981,0,984,3,992,8,-27986,0
42.0675,794,1049,6177,516,2009,94,305,13,16,15,0,0,0,0,0,0,2380,0,0,0,0,0,0,1006,-15440,981,0,984,2,991,7,22890,0
42.1600,794,1049,6177,611,2009,94,305,13,15,15,0,0,0,0,0,0,2380,0,0,0,0,0,0,1006,31232,981,0,984,2,990,7,-18001,0
42.2522,794,1049,6177,701,2009,94,304,13,13,14,0,0,0,0,0,0,2386,0,0,0,0,0,0,1006,9600,981,0,984,2,991,7,-6968,0
42.3448,794,1049,6177,796,2009,94,304,13,13,14,0,0,0,0,0,0,2392,0,0,0,0,0,0,1006,-11872,981,0,984,2,991,6,-28153,0
42.4371,794,1049,6177,886,2009,94,304,13,13,14,0,0,0,0,0,0,2405,0,0,0,0,0,0,1006,-11872,981,0,984,2,991,6,-28153,0
42.5303,794,1049,6177,981,2009,94,304,13,14,14,0,0,0,0,0,0,2405,0,0,0,0,0,0,1006,3424,981,0,984,2,990,7,-32535,0
42.6234,794,1049,6433,71,2009,94,304,13,14,13,0,0,0,0,0,0,2361,0,0,0,0,0,0,1006,-10112,981,0,984,2,991,6,-5853,0
42.7160,794,1049,6433,166,2009,94,304,13,15,14,0,0,0,0,0,0,2392,0,0,0,0,0,0,1007,-31264,981,0,984,2,991,7,25683,0
42.8087,794,1049,6433,261,2010,93,303,13,15,14,0,0,0,0,0,0,2392,0,0,0,0,0,0,1006,-18560,981,0,984,2,991,6,-15252,0
42.9011,794,1049,6433,351,2010,93,303,12,14,14,0,0,0,0,0,0,2373,0,0,0,0,0,0,1006,-20544,981,0,984,2,990,6,-27726,0
42.9940,794,1049,6433,441,2010,93,303,12,14,15,0,0,0,0,0,0,2380,0,0,0,0,0,0,1006,800,981,0,984,2,991,6,-3777,0
43.0865,794,1049,6433,536,2010,93,303,12,13,14,0,0,0,0,0,0,2386,0,0,0,0,0,0,1005,-6880,981,0,984,2,990,7,-3802,0
43.1803,794,1049,6433,626,2010,93,303,12,13,13,0,0,0,0,0,0,2380,0,0,0,0,0,0,1005,26656,981,0,984,2,990,6,-3324,0
43.2731,794,1049,6433,721,2010,93,302,11,12,14,0,0,0,0,0,0,2367,0,0,0,0,0,0,1005,29472,981,0,984,2,990,6,-32123,0
43.3662,794,1049,6433,811,2010,93,302,12,13,14,0,0,0,0,0,0,2380,0,0,0,0,0,0,1006,-3904,981,0,985,2,991,6,-29714,0
43.4588,794,1049,6433,906,2010,93,302,14,15,16,0,0,0,0,0,0,2373,0,0,0,0,0,0,1006,13088,981,0,984,2,991,7,-5600,0
43.5500,794,1049,6689,1,2010,93,302,13,15,15,0,0,0,0,0,0,2380,0,0,0,0,0,0,1007,21088,981,0,984,2,991,7,32075,0
43.6412,794,1049,6689,91,2010,93,302,13,13,15,0,0,0,0,0,0,2373,0,0,0,0,0,0,1006,-368,981,0,984,2,991,8,20356,0
43.7335,794,1049,6689,181,2010,93,302,13,13,15,0,0,0,0,0,0,2386,0,0,0,0,0,0,1006,-368,981,0,984,2,991,8,20356,0
43.8249,794,1049,6689,271,2010,93,302,13,13,14,0,0,0,0,0,0,2380,0,0,0,0,0,0,1006,-18784,981,0,984,2,991,7,5485,0
43.9159,794,1049,6689,366,2010,93,301,120,73,93,0,0,0,0,0,0,2380,0,0,0,0,0,0,1060,-2136,981,0,984,20,1044,61,2731,0
44.0110,794,1049,6689,456,2010,93,301,110,85,97,164,0,0,0,0,0,2386,9,0,0,286,202,283,1048,764,981,0,985,21,1032,62,-31118,0
44.1025,794,1049,6689,551,2010,93,301,72,70,78,113,0,0,0,0,0,2373,6,0,0,286,202,283,1033,-20400,981,0,984,14,1017,40,-19595,0
44.1939,794,1049,6689,641,2010,93,301,53,52,57,85,0,0,0,0,0,2392,4,0,0,286,202,283,1025,3883,981,0,985,11,1010,28,21267,0
44.2855,794,1049,6689,736,2010,93,301,36,42,48,57,0,0,0,0,0,2380,3,0,0,286,202,283,1017,13651,981,0,984,7,1001,19,-19655,0
44.3814,794,1049,6689,826,2011,93,300,28,33,37,44,0,0,0,0,0,2405,2,0,0,286,202,283,1013,17534,981,0,984,5,998,15,-19808,0
44.4739,794,1049,6689,921,2011,93,300,22,26,27,0,0,0,0,0,0,2386,0,0,0,0,0,0,1010,31752,981,0,984,4,995,11,8161,0
44.5662,794,1049,6945,16,2011,93,300,18,20,23,0,0,0,0,0,0,2380,0,0,0,0,0,0,1008,13704,982,0,984,3,993,9,-24167,0
44.6592,794,1049,6945,106,2011,93,300,15,17,19,0,0,0,0,0,0,2380,0,0,0,0,0,0,1007,6852,982,0,984,3,992,8,5047,0
44.7514,794,1049,6945,201,2011,93,300,14,17,18,0,0,0,0,0,0,2373,0,0,0,0,0,0,1006,28112,982,0,984,2,991,7,32551,0
44.8442,794,1049,6945,291,2011,93,300,14,15,15,0,0,0,0,0,0,2380,0,0,0,0,0,0,1006,28608,982,0,984,2,991,7,5217,0
44.9365,794,1049,6945,386,2011,93,299,13,14,14,0,0,0,0,0,0,2373,0,0,0,0,0,0,1006,12416,982,0,984,2,991,7,-7095,0
45.0297,794,1049,6945,471,2011,93,299,13,14,14,0,0,0,0,0,0,2380,0,0,0,0,0,0,1006,-15296,982,0,984,2,991,7,20740,0
45.1229,794,1049,6945,566,2011,93,299,13,13,13,0,0,0,0,0,0,2405,0,0,0,0,0,0,1006,3040,982,0,984,2,991,6,19435,0
45.2160,794,1049,6945,656,2011,93,299,13,13,13,0,0,0,0,0,0,2380,0,0,0,0,0,0,1006,3040,982,0,984,2,991,6,19435,0
45.3090,794,1049,6945,751,2011,93,299,12,13,13,0,0,0,0,0,0,2392,0,0,0,0,0,0,1006,-15072,982,0,984,2,990,6,-8248,0
45.4018,794,1049,6945,846,2011,93,299,12,14,13,0,0,0,0,0,0,2392,0,0,0,0,0,0,1006,-976,982,0,984,2,991,6,28644,0
45.4945,794,1049,6945,936,2011,93,299,12,14,12,0,0,0,0,0,0,2392,0,0,0,0,0,0,1006,-12416,982,0,984,2,990,6,30735,0
45.5862,794,1049,7201,31,2011,93,298,12,13,14,0,0,0,0,0,0,2392,0,0,0,0,0,0,1005,-26688,982,0,984,2,990,6,-17832,0
45.6776,794,1049,7201,121,2011,93,298,13,13,13,0,0,0,0,0,0,2380,0,0,0,0,0,0,1006,3712,982,0,984,2,990,7,-12616,0
45.7690,794,1049,7201,211,2011,93,298,12,12,13,0,0,0,0,0,0,2405,0,0,0,0,0,0,1006,-25984,982,0,984,2,990,6,6296,0
45.8607,794,1049,7201,306,2011,93,298,12,13,12,0,0,0,0,0,0,2386,0,0,0,0,0,0,1006,-25024,982,0,985,2,991,6,15087,0
45.9529,794,1049,7201,396,2011,93,298,13,14,13,0,0,0,0,0,0,2361,0,0,0,0,0,0,1006,5696,982,0,984,2,991,6,21311,0
46.0478,794,1049,7201,486,2011,93,298,14,14,13,0,0,0,0,0,0,2373,0,0,0,0,0,0,1007,11056,982,0,984,2,991,7,-25029,0
46.1391,794,1049,7201,581,2012,93,297,13,13,13,0,0,0,0,0,0,2392,0,0,0,0,0,0,1006,-11808,982,0,984,2,991,6,304,0
46.2316,794,1049,7201,671,2012,93,297,12,13,13,0,0,0,0,0,0,2380,0,0,0,0,0,0,1005,-23984,982,0,984,2,990,6,-19980,0
46.3238,794,1049,7201,766,2012,93,297,11,13,13,0,0,0,0,0,0,2373,0,0,0,0,0,0,1005,-7488,982,0,984,2,990,6,-16711,0
46.4162,794,1049,7201,856,2012,93,297,12,13,13,0,0,0,0,0,0,2373,0,0,0,0,0,0,1005,5760,982,0,984,2,990,6,19217,0
46.5089,794,1049,7201,951,2012,93,297,12,13,13,0,0,0,0,0,0,2373,0,0,0,0,0,0,1005,5760,982,0,984,2,990,6,19217,0
46.6010,794,1049,7457,41,2012,93,297,12,13,13,0,0,0,0,0,0,2392,0,0,0,0,0,0,1006,6496,982,0,984,2,990,6,-18484,0
46.6928,794,1049,7457,136,2012,93,297,11,13,12,0,0,0,0,0,0,2386,0,0,0,0,0,0,1005,-1072,982,0,984,2,990,6,-16004,0
46.7854,794,1049,7457,226,2012,93,297,11,13,13,0,0,0,0,0,0,2386,0,0,0,0,0,0,1005,-30240,982,0,984,2,990,6,3776,0
46.8781,794,1049,7457,316,2012,93,296,91,49,77,0,0,0,0,0,0,2373,0,0,0,0,0,0,1031,-13472,982,0,984,12,1016,58,-30349,0
46.9707,794,1049,7457,411,2012,93,296,83,54,68,0,0,0,0,0,0,2380,0,0,0,0,0,0,1032,-12168,982,0,984,13,1016,50,-15311,0
47.0639,794,1049,7457,501,2012,93,296,55,44,55,78,0,0,0,0,0,2380,4,0,0,281,217,288,1023,26364,982,0,984,10,1007,32,-2365,0
47.1591,794,1049,7457,596,2012,93,296,42,37,43,60,0,0,0,0,0,2405,3,0,0,281,217,288,1019,32163,982,0,985,8,1004,23,28741,0
47.2511,794,1049,7457,691,2012,93,296,29,30,34,44,0,0,0,0,0,2373,2,0,0,281,217,288,1014,28328,982,0,984,5,998,16,-28570,0
47.3442,794,1049,7457,786,2012,93,296,23,24,29,0,0,0,0,0,0,2392,0,0,0,0,0,0,1012,-31990,982,0,984,4,997,13,10971,0
47.4368,794,1049,7457,876,2012,93,296,19,20,23,0,0,0,0,0,0,2411,0,0,0,0,0,0,1010,-30860,982,0,984,3,994,10,17916,0
47.5291,794,1049,7457,971,2012,93,295,16,18,21,0,0,0,0,0,0,2354,0,0,0,0,0,0,1008,-5184,982,0,984,3,993,9,-15304,0
47.6204,794,1049,7713,61,2012,93,295,15,15,17,0,0,0,0,0,0,2367,0,0,0,0,0,0,1007,-2592,982,0,984,3,992,8,25807,0
47.7124,794,1049,7713,151,2012,93,295,15,14,17,0,0,0,0,0,0,2411,0,0,0,0,0,0,1008,9616,982,0,985,2,992,8,20600,0
47.8052,794,1049,7713,246,2012,93,295,14,13,16,0,0,0,0,0,0,2405,0,0,0,0,0,0,1007,5344,982,0,984,2,992,7,26157,0
47.8973,794,1049,7713,336,2012,93,295,13,14,14,0,0,0,0,0,0,2380,0,0,0,0,0,0,1007,-25120,982,0,984,2,991,7,14130,0
47.9896,794,1049,7713,431,2012,92,295,13,14,15,0,0,0,0,0,0,2392,0,0,0,0,0,0,1007,-23360,982,0,985,2,992,7,14366,0
48.0817,794,1049,7713,521,2012,92,295,12,13,14,0,0,0,0,0,0,2386,0,0,0,0,0,0,1006,16680,982,0,985,2,991,6,-13840,0
48.1743,794,1049,7713,611,2012,92,295,12,13,14,0,0,0,0,0,0,2373,0,0,0,0,0,0,1006,16680,982,0,985,2,991,6,-13840,0
48.2664,794,1049,7713,706,2012,92,295,13,13,14,0,0,0,0,0,0,2411,0,0,0,0,0,0,1006,18368,982,0,984,2,991,7,-1372,0
48.3583,794,1049,7713,796,2013,92,294,13,13,13,0,0,0,0,0,0,2405,0,0,0,0,0,0,1006,-2784,982,0,985,2,991,6,25821,0
48.4506,794,1049,7713,886,2013,92,294,13,14,12,0,0,0,0,0,0,2392,0,0,0,0,0,0,1006,1712,982,0,984,2,991,7,1843,0
48.5428,794,1049,7713,981,2013,92,294,13,15,13,0,0,0,0,0,0,2361,0,0,0,0,0,0,1006,20512,982,0,984,2,991,7,-10348,0
48.6353,794,1049,7969,71,2013,92,294,12,14,13,0,0,0,0,0,0,2392,0,0,0,0,0,0,1006,27424,982,0,984,2,990,6,-1944,0
48.7277,794,1049,7969,166,2013,92,294,13,13,13,0,0,0,0,0,0,2373,0,0,0,0,0,0,1005,-848,982,0,984,2,990,7,11187,0
48.8200,794,1049,7969,256,2013,92,294,13,14,13,0,0,0,0,0,0,2417,0,0,0,0,0,0,1006,24560,983,0,984,2,990,6,10924,0
48.9123,794,1049,7969,351,2013,92,294,13,13,14,0,0,0,0,0,0,2380,0,0,0,0,0,0,1006,11888,983,0,984,2,991,7,-9900,0
49.0045,794,1049,7969,441,2013,92,294,12,14,13,0,0,0,0,0,0,2405,0,0,0,0,0,0,1006,18832,983,0,984,2,990,6,4,0
49.0966,794,1049,7969,531,2013,92,293,12,14,13,0,0,0,0,0,0,2405,0,0,0,0,0,0,1005,-21584,983,0,984,2,990,6,25493,0
49.1892,794,1049,7969,621,2013,92,293,13,13,14,0,0,0,0,0,0,2373,0,0,0,0,0,0,1006,21952,983,0,984,2,991,7,25034,0
49.2816,794,1049,7969,716,2013,92,293,12,13,13,0,0,0,0,0,0,2386,0,0,0,0,0,0,1006,-25968,983,0,984,2,991,6,-11998,0
49.3730,794,1049,7969,806,2013,92,293,85,40,56,0,0,0,0,0,0,2386,0,0,0,0,0,0,1007,6768,983,0,983,10,990,77,31149,0
49.4654,794,1049,7969,901,2013,92,293,85,40,56,0,0,0,0,0,0,2386,0,0,0,0,0,0,1007,6768,983,0,983,10,990,77,31149,0
49.5582,794,1049,7969,991,2013,92,293,213,120,155,0,0,0,0,0,0,2392,0,0,0,0,0,0,1087,5804,983,1,986,35,1073,123,-17275,0
49.6512,794,1049,8225,86,2013,92,293,171,122,136,0,0,0,0,0,0,2373,0,0,0,0,0,0,1066,-3120,983,1,985,30,1051,103,-8234,0
49.7440,794,1049,8225,176,2013,92,293,106,79,98,0,0,0,0,0,0,2405,0,0,0,0,0,0,1044,5998,983,0,985,20,1029,62,26868,0
49.8370,794,1049,8225,271,2013,92,293,78,61,77,0,0,0,0,0,0,2386,0,0,0,0,0,0,1034,-21522,983,0,984,15,1018,43,13660,0
49.9298,794,1049,8225,366,2013,92,292,59,44,56,0,0,0,0,0,0,2386,0,0,0,0,0,0,1028,-12083,983,0,984,12,1012,33,5760,0
50.0219,794,1049,8225,456,2013,92,292,40,40,50,0,0,0,0,0,0,2367,0,0,0,0,0,0,1019,30319,983,0,984,8,1003,22,1295,0
50.1144,794,1049,8225,551,2013,92,292,33,30,39,53,0,0,0,0,0,2354,2,0,0,286,283,286,1015,7723,983,0,984,7,999,19,10273,0
50.2075,794,1049,8225,641,2013,92,292,27,23,31,43,0,0,0,0,0,2392,2,0,0,286,283,286,1012,-28670,983,0,985,5,997,15,-7397,0
50.3007,794,1049,8225,736,2013,92,292,23,20,24,0,0,0,0,0,0,2380,0,0,0,0,0,0,1010,-3976,983,0,985,4,995,12,16479,0
50.3936,794,1049,8225,826,2013,92,292,19,18,21,0,0,0,0,0,0,2380,0,0,0,0,0,0,1009,-1992,983,0,984,3,993,10,29343,0
50.4863,794,1049,8225,921,2013,92,292,20,17,18,0,0,0,0,0,0,2373,0,0,0,0,0,0,1008,-11276,983,0,984,3,993,11,9,0
50.5790,794,1049,8481,11,2013,92,292,16,16,17,0,0,0,0,0,0,2392,0,0,0,0,0,0,1007,32312,983,0,984,3,991,8,-21767,0
50.6721,794,1049,8481,106,2013,92,292,16,15,16,0,0,0,0,0,0,2386,0,0,0,0,0,0,1007,7272,983,0,984,3,992,8,-5425,0
50.7650,794,1049,8481,201,2013,92,291,14,14,15,0,0,0,0,0,0,2380,0,0,0,0,0,0,1007,-16704,983,0,984,2,991,7,-11601,0
50.8580,794,1049,8481,291,2013,92,291,14,13,17,0,0,0,0,0,0,2361,0,0,0,0,0,0,1007,-17664,983,0,984,2,991,7,6301,0
50.9507,794,1049,8481,386,2013,92,291,14,13,15,0,0,0,0,0,0,2373,0,0,0,0,0,0,1007,5792,983,0,984,2,992,7,22008,0
51.0431,794,1049,8481,476,2014,92,291,14,13,14,0,0,0,0,0,0,2386,0,0,0,0,0,0,1007,-5760,983,0,985,2,992,7,14037,0
51.1354,794,1049,8481,566,2014,92,291,13,12,15,0,0,0,0,0,0,2405,0,0,0,0,0,0,1006,-5808,983,0,984,2,991,7,22000,0
51.2272,794,1049,8481,661,2014,92,291,13,12,15,0,0,0,0,0,0,2386,0,0,0,0,0,0,1006,5872,983,0,984,2,991,7,-13696,0
51.3199,794,1049,8481,751,2014,92,291,13,12,15,0,0,0,0,0,0,2380,0,0,0,0,0,0,1006,-15264,983,0,984,2,991,7,8883,0
51.4127,794,1049,8481,846,2014,92,291,13,13,13,0,0,0,0,0,0,2380,0,0,0,0,0,0,1007,2960,983,0,984,2,992,7,32500,0
51.5057,794,1049,8481,936,2014,92,291,13,13,14,0,0,0,0,0,0,2386,0,0,0,0,0,0,1007,32128,983,0,984,2,992,7,-18724,0
51.5981,794,1049,8737,31,2014,92,291,13,13,13,0,0,0,0,0,0,2386,0,0,0,0,0,0,1007,20576,983,0,985,2,992,7,13608,0
51.6911,794,1049,8737,121,2014,92,291,13,13,13,0,0,0,0,0,0,2373,0,0,0,0,0,0,1007,20576,983,0,985,2,992,7,13608,0
51.7837,794,1049,8737,216,2014,92,290,13,12,12,0,0,0,0,0,0,2392,0,0,0,0,0,0,1006,16256,983,0,985,2,991,6,17638,0
51.8761,794,1049,8737,306,2014,92,290,13,12,13,0,0,0,0,0,0,2405,0,0,0,0,0,0,1006,20096,983,0,985,2,991,6,19245,0
51.9686,794,1049,8737,401,2014,92,290,13,12,14,0,0,0,0,0,0,2367,0,0,0,0,0,0,1007,28272,983,0,985,2,992,7,10441,0
52.0606,794,1049,8737,491,2014,92,291,429,492,897,0,0,0,0,0,0,2373,0,0,0,0,0,0,1262,-12408,983,2,989,37,1249,264,4469,0
52.1549,794,1049,8737,586,2014,92,291,341,319,551,118,0,0,0,0,0,2392,2,0,0,831,194,794,1182,27936,983,2,984,43,1164,206,-30278,0
52.2476,794,1049,8737,681,2014,92,290,200,204,312,75,0,0,0,0,0,2380,1,0,0,831,194,794,1108,14498,983,1,985,27,1092,120,-14725,0
52.3404,794,1049,8737,771,2014,92,290,120,116,167,48,0,0,0,0,0,2380,0,0,0,831,194,794,1066,4720,983,0,984,17,1049,72,25944,0
52.4335,794,1049,8737,866,2014,92,290,72,74,103,31,0,0,0,0,0,2380,0,0,0,831,194,794,1039,23183,983,0,985,11,1024,42,-31971,0
52.5261,794,1049,8737,956,2014,92,290,47,45,63,21,0,0,0,0,0,2373,0,0,0,831,194,794,1025,-30449,983,0,985,7,1010,27,19245,0
52.6189,794,1049,8993,51,2014,92,290,31,36,41,14,0,0,0,0,0,2380,0,0,0,831,194,794,1016,-32408,983,0,984,5,1001,17,23903,0
52.7113,794,1049,8993,141,2014,92,290,24,25,29,0,0,0,0,0,0,2392,0,0,0,0,0,0,1012,-1280,983,0,985,4,997,13,31309,0
52.8041,794,1049,8993,236,2014,92,290,21,21,23,0,0,0,0,0,0,2392,0,0,0,0,0,0,1010,7464,983,0,984,3,995,11,-10080,0
52.8966,794,1049,8993,326,2014,92,290,17,18,19,0,0,0,0,0,0,2392,0,0,0,0,0,0,1008,-19680,983,0,984,3,993,9,2643,0
52.9892,794,1049,8993,421,2014,92,290,17,18,19,0,0,0,0,0,0,2380,0,0,0,0,0,0,1008,-19680,983,0,984,3,993,9,2643,0
53.0814,794,1049,8993,511,2014,92,290,15,17,17,0,0,0,0,0,0,2380,0,0,0,0,0,0,1007,-18752,983,0,984,2,992,7,-28107,0
53.1740,794,1049,8993,601,2014,92,290,14,16,16,0,0,0,0,0,0,2386,0,0,0,0,0,0,1006,-21872,983,0,985,2,991,7,-24080,0
53.2667,794,1049,8993,696,2014,92,290,12,15,14,0,0,0,0,0,0,2373,0,0,0,0,0,0,1006,14480,983,0,985,2,991,6,9060,0
53.3594,794,1049,8993,786,2014,92,290,12,14,13,0,0,0,0,0,0,2380,0,0,0,0,0,0,1006,17040,983,0,984,2,991,6,19603,0
53.4520,794,1049,8993,881,2014,92,289,13,14,13,0,0,0,0,0,0,2380,0,0,0,0,0,0,1006,14272,983,0,985,2,991,6,-27406,0
53.5450,794,1049,8993,971,2014,92,289,12,13,14,0,0,0,0,0,0,2386,0,0,0,0,0,0,1005,-8400,983,0,985,2,990,7,24790,0
53.6400,794,1049,9249,66,2014,92,289,12,11,13,0,0,0,0,0,0,2380,0,0,0,0,0,0,1005,-19808,983,0,984,2,990,7,3868,0
53.7324,794,1049,9249,161,2014,92,289,178,101,146,0,0,0,0,0,0,2392,0,0,0,0,0,0,1093,-7568,983,1,984,32,1076,95,1783,0
53.8250,794,1049,9249,251,2014,92,289,177,123,143,0,0,0,0,0,0,2380,0,0,0,0,0,0,1079,28748,983,1,986,36,1064,101,-31636,0
53.9177,794,1049,9249,346,2014,92,289,121,94,109,0,0,0,0,0,0,2386,0,0,0,0,0,0,1055,-4540,983,0,986,25,1040,68,-15975,0
54.0103,794,1049,9249,436,2014,92,289,84,76,83,0,0,0,0,0,0,2386,0,0,0,0,0,0,1038,17775,983,0,985,18,1023,46,25999,0
54.1027,794,1049,9249,531,2014,92,289,59,55,64,0,0,0,0,0,0,2392,0,0,0,0,0,0,1028,-14334,983,0,985,13,1013,32,2725,0
54.1951,794,1049,9249,621,2014,92,289,45,46,52,77,0,0,0,0,0,2405,4,0,0,283,219,283,1021,26531,983,0,984,10,1005,24,-4049,0
54.2880,794,1049,9249,716,2014,92,289,35,36,36,73,0,0,0,0,0,2392,5,0,0,283,219,283,1016,31294,983,0,985,7,1001,19,-12597,0
54.3804,794,1049,9249,811,2014,92,289,28,26,29,0,0,0,0,0,0,2392,0,0,0,0,0,0,1013,17088,983,0,984,5,998,15,6505,0
54.4730,794,1049,9249,901,2014,92,288,24,23,25,0,0,0,0,0,0,2392,0,0,0,0,0,0,1012,-14712,983,0,985,5,997,12,-1185,0
54.5657,794,1049,9249,996,2015,92,288,19,21,21,0,0,0,0,0,0,2417,0,0,0,0,0,0,1009,-7728,983,0,985,4,994,10,26349,0
54.6586,794,1049,9505,86,2015,92,288,18,18,19,0,0,0,0,0,0,2386,0,0,0,0,0,0,1008,472,983,0,985,3,993,10,17360,0
54.7511,794,1049,9505,181,2015,92,288,18,18,19,0,0,0,0,0,0,2380,0,0,0,0,0,0,1008,472,983,0,985,3,993,10,17360,0
54.8435,794,1049,9505,271,2015,92,288,17,16,18,0,0,0,0,0,0,2386,0,0,0,0,0,0,1007,-26520,983,0,984,3,992,9,-21791,0
54.9365,794,1049,9505,366,2015,92,288,15,15,17,0,0,0,0,0,0,2367,0,0,0,0,0,0,1007,-3520,983,0,985,2,992,8,31775,0
55.0293,794,1049,9505,456,2015,92,288,14,15,15,0,0,0,0,0,0,2392,0,0,0,0,0,0,1006,12928,983,0,984,2,991,7,-1814,0
55.1223,794,1049,9505,551,2015,91,288,14,14,15,0,0,0,0,0,0,2405,0,0,0,0,0,0,1006,1152,983,0,984,3,991,7,9740,0
55.2150,794,1049,9505,641,2015,91,288,13,14,16,0,0,0,0,0,0,2386,0,0,0,0,0,0,1006,2800,983,0,985,2,991,6,-2572,0
55.3068,794,1049,9505,731,2015,91,288,13,14,14,0,0,0,0,0,0,2386,0,0,0,0,0,0,1006,-31024,983,0,984,2,991,7,-30379,0
55.4002,794,1049,9505,821,2015,91,288,13,13,13,0,0,0,0,0,0,2380,0,0,0,0,0,0,1006,-16512,983,0,985,2,991,6,28697,0
55.4930,794,1049,9505,916,2015,91,288,12,13,13,0,0,0,0,0,0,2367,0,0,0,0,0,0,1005,-26208,983,0,984,2,990,6,4181,0
55.5861,794,1049,9761,11,2015,91,288,13,13,13,0,0,0,0,0,0,2373,0,0,0,0,0,0,1006,12384,984,0,985,2,991,6,17365,0
55.6791,794,1049,9761,101,2015,91,287,12,13,13,0,0,0,0,0,0,2386,0,0,0,0,0,0,1006,-30304,984,0,985,2,991,6,1887,0
55.7720,794,1049,9761,196,2015,91,287,12,12,12,0,0,0,0,0,0,2380,0,0,0,0,0,0,1006,-32256,984,0,985,2,991,6,20835,0
55.8651,794,1049,9761,291,2015,91,287,12,13,13,0,0,0,0,0,0,2392,0,0,0,0,0,0,1006,-18880,984,0,985,2,991,6,12053,0
55.9575,794,1049,9761,381,2015,91,287,13,13,13,0,0,0,0,0,0,2386,0,0,0,0,0,0,1006,-26032,984,0,985,2,991,6,-18982,0
56.0505,794,1049,9761,476,2015,91,287,12,13,12,0,0,0,0,0,0,2386,0,0,0,0,0,0,1006,-1440,984,0,985,2,991,6,16427,0
56.1432,794,1049,9761,566,2015,91,287,12,13,12,0,0,0,0,0,0,2386,0,0,0,0,0,0,1006,-1440,984,0,985,2,991,6,16427,0
56.2362,794,1049,9761,656,2015,91,287,12,12,12,0,0,0,0,0,0,2392,0,0,0,0,0,0,1006,13856,984,0,985,2,991,6,-21133,0
56.3279,794,1049,9761,751,2015,91,287,11,12,12,0,0,0,0,0,0,2386,0,0,0,0,0,0,1005,-16352,984,0,985,2,990,6,30294,0
56.4200,794,1049,9761,841,2015,91,287,12,12,13,0,0,0,0,0,0,2386,0,0,0,0,0,0,1005,928,984,0,985,2,990,6,12370,0
56.5133,794,1049,9761,936,2015,91,287,15,12,13,0,0,0,0,0,0,2380,0,0,0,0,0,0,1006,-21888,984,0,984,2,991,8,9303,0
56.6065,794,1049,10017,26,2015,91,287,55,48,51,0,0,0,0,0,0,2380,0,0,0,0,0,0,1024,-12896,984,0,986,10,1009,30,-28189,0
56.6996,794,1049,10017,121,2015,91,287,58,58,51,0,0,0,0,0,0,2392,0,0,0,0,0,0,1028,-10176,984,0,984,11,1012,31,-14751,0
56.7924,794,1049,10017,211,2015,91,287,42,47,43,0,0,0,0,0,0,2380,0,0,0,0,0,0,1019,26236,984,0,985,8,1004,23,4919,0
56.8852,794,1049,10017,306,2015,91,286,35,39,38,0,0,0,0,0,0,2392,0,0,0,0,0,0,1016,23582,984,0,985,7,1001,19,27777,0
56.9785,794,1049,10017,401,2015,91,286,25,32,27,0,0,0,0,0,0,2386,0,0,0,0,0,0,1012,17884,984,0,985,5,997,13,4783,0
57.0718,794,1049,10017,491,2015,91,286,21,28,24,0,0,0,0,0,0,2373,0,0,0,0,0,0,1010,3128,984,0,984,4,994,11,-3804,0
57.1648,794,1049,10017,586,2015,91,286,19,22,22,0,0,0,0,0,0,2367,0,0,0,0,0,0,1009,21188,984,0,985,3,994,10,12156,0
57.2581,794,1049,10017,676,2015,91,286,17,19,19,0,0,0,0,0,0,2386,0,0,0,0,0,0,1008,-22176,984,0,985,3,993,9,-8547,0
57.3506,794,1049,10017,766,2015,91,286,15,17,18,0,0,0,0,0,0,2392,0,0,0,0,0,0,1006,-1000,984,0,984,3,991,8,-22899,0
57.4434,794,1049,10017,861,2015,91,286,14,15,16,0,0,0,0,0,0,2392,0,0,0,0,0,0,1006,-12136,984,0,985,2,991,7,4608,0
57.5359,794,1049,10017,951,2015,91,286,13,14,15,0,0,0,0,0,0,2373,0,0,0,0,0,0,1006,17024,984,0,985,2,991,7,-24821,0
57.6285,794,1049,10273,46,2015,91,286,13,14,15,0,0,0,0,0,0,2386,0,0,0,0,0,0,1006,17024,984,0,985,2,991,7,-24821,0
57.7205,794,1049,10273,136,2015,91,286,13,14,14,0,0,0,0,0,0,2373,0,0,0,0,0,0,1007,1960,984,0,985,2,992,7,20357,0
57.8131,794,1049,10273,231,2015,91,286,13,13,14,0,0,0,0,0,0,2373,0,0,0,0,0,0,1006,-23488,984,0,985,2,991,6,-24427,0
57.9050,794,1049,10273,321,2015,91,286,12,14,13,0,0,0,0,0,0,2373,0,0,0,0,0,0,1006,13664,984,0,985,2,991,6,-18760,0
57.9971,794,1049,10273,416,2015,91,286,16,17,16,0,0,0,0,0,0,2380,0,0,0,0,0,0,1009,-10592,984,0,985,3,994,9,-31015,0
58.0891,794,1049,10273,506,2015,91,286,16,20,16,0,0,0,0,0,0,2392,0,0,0,0,0,0,1008,29848,984,0,985,3,993,8,-15854,0
58.1856,794,1049,10273,601,2015,91,286,15,18,16,0,0,0,0,0,0,2380,0,0,0,0,0,0,1008,14720,984,0,985,3,993,8,4891,0
58.2776,794,1049,10273,691,2015,91,286,14,15,15,0,0,0,0,0,0,2373,0,0,0,0,0,0,1007,25200,984,0,985,2,992,7,-20010,0
58.3721,794,1049,10273,786,2015,91,285,14,14,15,0,0,0,0,0,0,2373,0,0,0,0,0,0,1006,5936,984,0,984,2,991,7,-1740,0
58.4645,794,1049,10273,881,2015,91,285,13,14,15,0,0,0,0,0,0,2386,0,0,0,0,0,0,1007,13056,984,0,985,2,992,7,1407,0
58.5572,794,1049,10273,971,2015,91,285,13,14,14,0,0,0,0,0,0,2373,0,0,0,0,0,0,1007,648,984,0,985,2,992,7,-11965,0
58.6502,794,1049,10529,66,2015,91,285,262,134,191,0,0,0,0,0,0,2405,0,0,0,0,0,0,1147,6092,984,2,984,35,1130,149,26338,0
58.7430,794,1049,10529,156,2015,91,285,335,196,285,0,0,0,0,0,0,2367,0,0,0,0,0,0,1206,-27824,984,3,985,53,1189,209,13021,0
58.8359,794,1049,10529,251,2015,91,285,232,185,231,0,0,0,0,0,0,2405,0,0,0,0,0,0,1136,15742,984,2,988,40,1123,138,-26373,0
58.9283,794,1049,10529,341,2015,91,285,144,128,144,0,0,0,0,0,0,2367,0,0,0,0,0,0,1083,-11717,984,1,986,26,1068,84,19694,0
59.0217,794,1049,10529,436,2015,91,285,144,128,144,0,0,0,0,0,0,2373,0,0,0,0,0,0,1083,-11717,984,1,986,26,1068,84,19694,0
59.1131,794,1049,10529,526,2015,91,285,96,96,99,0,0,0,0,0,0,2392,0,0,0,0,0,0,1052,13758,984,0,985,18,1037,55,9186,0
59.2086,794,1049,10529,621,2015,91,285,63,63,65,0,0,0,0,0,0,2380,0,0,0,0,0,0,1033,23206,984,0,984,12,1018,35,10998,0
59.3013,794,1049,10529,716,2015,91,285,45,47,52,69,0,0,0,0,0,2373,3,0,0,286,219,283,1024,-19415,984,0,985,9,1008,24,18453,0
59.3937,794,1049,10529,806,2015,91,285,33,39,39,51,0,0,0,0,0,2342,2,0,0,286,219,283,1018,32315,984,0,984,6,1002,18,10618,0
59.4866,794,1049,10529,901,2015,91,285,26,28,28,0,0,0,0,0,0,2392,0,0,0,0,0,0,1013,-29036,984,0,985,5,998,14,14254,0
59.5795,794,1049,10529,991,2015,91,285,21,24,23,0,0,0,0,0,0,2386,0,0,0,0,0,0,1010,16300,984,0,984,4,995,11,-6543,0
59.6722,794,1049,10785,86,2016,91,285,17,19,19,0,0,0,0,0,0,2367,0,0,0,0,0,0,1008,-25328,984,0,985,3,993,8,5093,0
59.7673,794,1049,10785,181,2016,91,284,16,16,18,0,0,0,0,0,0,2373,0,0,0,0,0,0,1008,-8568,984,0,985,3,993,8,18214,0
59.8593,794,1049,10785,276,2016,91,284,16,17,17,0,0,0,0,0,0,2380,0,0,0,0,0,0,1008,32048,984,0,985,3,993,8,14690,0
59.9517,794,1049,10785,366,2016,91,284,15,15,15,0,0,0,0,0,0,2392,0,0,0,0,0,0,1007,-1072,984,0,985,2,992,7,2466,0
60.0443,794,1049,10785,456,2016,91,284,15,17,17,0,0,0,0,0,0,2373,0,0,0,0,0,0,1007,22408,984,0,985,2,992,7,16946,0
60.1373,794,1049,10785,551,2016,91,284,14,14,15,0,0,0,0,0,0,2373,0,0,0,0,0,0,1006,288,984,0,985,2,991,7,-16759,0
60.2304,794,1049,10785,646,2016,91,284,13,13,14,0,0,0,0,0,0,2405,0,0,0,0,0,0,1006,4640,984,0,985,2,991,7,24733,0
60.3241,794,1049,10785,736,2016,91,284,13,14,14,0,0,0,0,0,0,2392,0,0,0,0,0,0,1006,23328,984,0,985,2,991,6,21294,0
60.4167,794,1049,10785,826,2016,90,284,13,14,13,0,0,0,0,0,0,2411,0,0,0,0,0,0,1006,-7728,984,0,985,2,991,6,-18300,0
60.5094,794,1049,10785,921,2016,90,284,13,14,12,0,0,0,0,0,0,2405,0,0,0,0,0,0,1006,-16352,984,0,985,2,991,7,31394,0
60.6019,794,1049,11041,11,2016,90,284,13,14,13,0,0,0,0,0,0,2367,0,0,0,0,0,0,1006,-10544,984,0,985,2,991,6,16271,0
60.6945,794,1049,11041,106,2016,90,284,13,14,13,0,0,0,0,0,0,2373,0,0,0,0,0,0,1006,-10544,984,0,985,2,991,6,16271,0
60.7873,794,1049,11041,196,2016,90,284,13,14,13,0,0,0,0,0,0,2392,0,0,0,0,0,0,1006,27264,984,0,985,2,991,6,-9830,0
60.8803,794,1049,11041,291,2016,90,284,13,14,12,0,0,0,0,0,0,2373,0,0,0,0,0,0,1006,-13072,984,0,985,2,991,6,-2980,0
60.9731,794,1049,11041,386,2016,90,284,11,13,12,0,0,0,0,0,0,2373,0,0,0,0,0,0,1005,-20776,984,0,985,2,991,6,27864,0
61.0661,794,1049,11041,476,2016,90,284,12,12,13,0,0,0,0,0,0,2367,0,0,0,0,0,0,1006,5824,984,0,985,2,991,6,-5621,0
61.1581,794,1049,11041,571,2016,90,284,63,40,73,0,0,0,0,0,0,2373,0,0,0,0,0,0,1031,26400,984,0,985,12,1015,32,-2483,0
61.2504,794,1049,11041,661,2016,90,283,74,74,77,0,0,0,0,0,0,2354,0,0,0,0,0,0,1033,-13800,984,0,986,16,1018,40,31961,0
61.3435,794,1049,11041,756,2016,90,283,53,73,69,127,0,0,0,0,0,2386,10,0,0,185,197,286,1022,-6672,984,0,984,11,1007,30,-6162,0
61.4372,794,1049,11041,846,2016,90,283,41,52,48,100,0,0,0,0,0,2380,8,0,0,185,197,286,1019,-635,984,0,985,9,1004,23,23003,0
61.5301,794,1049,11041,941,2016,90,283,32,42,41,76,0,0,0,0,0,2373,6,0,0,185,197,286,1016,25328,984,0,985,6,1001,17,20683,0
61.6230,794,1049,11297,36,2016,90,283,25,32,33,41,0,0,0,0,0,2373,2,0,0,185,197,286,1012,-7816,984,0,985,5,997,13,14805,0
61.7157,794,1049,11297,126,2016,90,283,21,28,26,0,0,0,0,0,0,2380,0,0,0,0,0,0,1011,-3912,984,0,985,4,996,11,-30448,0
61.8083,794,1049,11297,221,2016,90,283,21,24,22,0,0,0,0,0,0,2373,0,0,0,0,0,0,1010,-18360,984,0,985,4,996,11,3009,0
61.9010,794,1049,11297,311,2016,90,283,18,19,19,0,0,0,0,0,0,2380,0,0,0,0,0,0,1009,-17556,984,0,985,3,994,9,4400,0
61.9934,794,1049,11297,406,2016,90,283,17,17,17,0,0,0,0,0,0,2392,0,0,0,0,0,0,1009,29804,984,0,985,3,994,9,19721,0
62.0859,794,1049,11297,496,2016,90,283,17,17,17,0,0,0,0,0,0,2380,0,0,0,0,0,0,1009,29804,984,0,985,3,994,9,19721,0
62.1791,794,1049,11297,591,2016,90,283,16,14,15,0,0,0,0,0,0,2373,0,0,0,0,0,0,1008,5800,984,0,985,3,993,8,21797,0
62.2717,794,1049,11297,681,2016,90,283,14,14,14,0,0,0,0,0,0,2380,0,0,0,0,0,0,1007,17464,984,0,985,2,992,7,12203,0
62.3650,794,1049,11297,771,2016,90,283,13,14,14,0,0,0,0,0,0,2392,0,0,0,0,0,0,1007,4688,984,0,985,2,992,7,19047,0
62.4575,794,1049,11297,866,2016,90,283,14,13,13,0,0,0,0,0,0,2380,0,0,0,0,0,0,1006,-26256,984,0,985,2,991,7,17871,0
62.5507,794,1049,11297,956,2016,90,283,14,14,14,0,0,0,0,0,0,2386,0,0,0,0,0,0,1007,24264,984,0,985,2,992,7,-11087,0
62.6436,794,1049,11553,51,2016,90,283,13,14,14,0,0,0,0,0,0,2392,0,0,0,0,0,0,1006,11968,984,0,985,2,991,6,1114,0
62.7365,794,1049,11553,146,2016,90,283,12,14,13,0,0,0,0,0,0,2405,0,0,0,0,0,0,1006,2592,984,0,985,2,991,6,10476,0
62.8297,794,1049,11553,236,2016,90,283,12,13,13,0,0,0,0,0,0,2386,0,0,0,0,0,0,1006,1120,984,0,985,2,991,6,-30104,0
62.9223,794,1049,11553,331,2016,90,282,12,14,13,0,0,0,0,0,0,2380,0,0,0,0,0,0,1006,25440,984,0,985,2,991,6,19543,0
63.0153,794,1049,11553,421,2016,90,282,12,13,13,0,0,0,0,0,0,2386,0,0,0,0,0,0,1006,17232,984,0,985,2,991,6,-5591,0
63.1083,794,1049,11553,516,2016,90,282,11,12,13,0,0,0,0,0,0,2386,0,0,0,0,0,0,1005,-17872,984,0,985,2,990,6,5488,0
63.2009,794,1049,11553,611,2016,90,282,12,12,13,0,0,0,0,0,0,2405,0,0,0,0,0,0,1006,-9136,984,0,985,2,991,7,19237,0
63.2936,794,1049,11553,701,2016,90,282,12,13,12,0,0,0,0,0,0,2380,0,0,0,0,0,0,1006,-31296,984,0,985,2,991,6,-13958,0
63.3863,794,1049,11553,791,2016,90,282,11,12,14,0,0,0,0,0,0,2386,0,0,0,0,0,0,1005,13280,984,0,985,2,991,6,20594,0
63.4795,794,1049,11553,886,2016,90,282,11,12,14,0,0,0,0,0,0,2367,0,0,0,0,0,0,1005,13280,984,0,985,2,991,6,20594,0
63.5727,794,1049,11553,976,2016,90,282,12,12,13,0,0,0,0,0,0,2392,0,0,0,0,0,0,1006,32432,984,0,985,2,991,6,32500,0
63.6664,794,1049,11809,71,2016,90,282,58,58,65,0,0,0,0,0,0,2392,0,0,0,0,0,0,1026,-17384,984,0,984,13,1011,31,-16518,0
63.7617,794,1049,11809,166,2016,90,282,78,72,69,0,0,0,0,0,0,2386,0,0,0,0,0,0,1035,19884,984,0,985,17,1020,42,24686,0
63.8572,794,1049,11809,261,2016,90,282,62,55,58,0,0,0,0,0,0,2380,0,0,0,0,0,0,1029,18718,984,0,985,14,1014,33,-23454,0
63.9494,794,1049,11809,356,2016,90,282,47,41,47,0,0,0,0,0,0,2373,0,0,0,0,0,0,1021,-2379,984,0,985,10,1006,24,23023,0
64.0415,794,1049,11809,446,2016,90,282,36,32,41,0,0,0,0,0,0,2342,0,0,0,0,0,0,1017,-10808,984,0,985,7,1002,19,15919,0
64.1341,794,1049,11809,541,2016,90,282,29,27,33,0,0,0,0,0,0,2380,0,0,0,0,0,0,1014,3127,984,0,985,6,999,15,29066,0
64.2280,794,1049,11809,631,2016,90,282,24,22,25,0,0,0,0,0,0,2380,0,0,0,0,0,0,1012,-9046,984,0,985,4,997,12,8918,0
64.3207,794,1049,11809,726,2016,90,282,20,20,20,0,0,0,0,0,0,2386,0,0,0,0,0,0,1010,26550,984,0,985,3,995,10,-8738,0
64.4138,794,1049,11809,816,2016,90,282,17,17,18,0,0,0,0,0,0,2380,0,0,0,0,0,0,1008,-2752,984,0,985,3,994,9,-23286,0
64.5066,794,1049,11809,906,2016,90,282,15,15,17,0,0,0,0,0,0,2367,0,0,0,0,0,0,1007,-428,984,0,985,3,992,7,23787,0
64.5996,794,1049,12065,1,2016,90,282,14,14,15,0,0,0,0,0,0,2392,0,0,0,0,0,0,1007,19348,984,0,985,3,993,7,-11536,0
64.6921,794,1049,12065,91,2016,90,282,13,14,14,0,0,0,0,0,0,2373,0,0,0,0,0,0,1006,21432,984,0,985,2,991,7,25001,0
64.7847,794,1049,12065,186,2016,89,281,13,14,13,0,0,0,0,0,0,2405,0,0,0,0,0,0,1006,18240,984,0,985,2,991,7,-26323,0
64.8776,794,1049,12065,276,2016,89,281,12,13,13,0,0,0,0,0,0,2380,0,0,0,0,0,0,1006,-7344,984,0,985,2,991,6,6420,0
64.9703,794,1049,12065,371,2016,89,281,12,13,13,0,0,0,0,0,0,2386,0,0,0,0,0,0,1006,-7344,984,0,985,2,991,6,6420,0
65.0641,794,1049,12065,466,2016,89,281,12,12,13,0,0,0,0,0,0,2380,0,0,0,0,0,0,1006,-19616,984,0,985,2,991,6,-24883,0
65.1569,794,1049,12065,556,2016,89,281,11,13,12,0,0,0,0,0,0,2380,0,0,0,0,0,0,1005,-12496,984,0,985,2,990,6,-30037,0
65.2502,794,1049,12065,651,2016,89,281,11,13,13,0,0,0,0,0,0,2380,0,0,0,0,0,0,1005,22624,984,0,985,2,991,6,27064,0
65.3442,794,1049,12065,741,2016,89,281,11,13,13,0,0,0,0,0,0,2373,0,0,0,0,0,0,1005,-32144,984,0,985,2,990,6,-9687,0
65.4371,794,1049,12065,836,2016,89,281,11,14,12,0,0,0,0,0,0,2386,0,0,0,0,0,0,1005,-13552,984,0,985,2,990,6,-4986,0
65.5315,794,1049,12065,926,2016,89,281,12,13,12,0,0,0,0,0,0,2373,0,0,0,0,0,0,1005,29408,984,0,985,2,990,6,21388,0
65.6242,794,1049,12321,21,2016,89,281,12,13,13,0,0,0,0,0,0,2373,0,0,0,0,0,0,1006,-23816,984,0,985,2,991,7,25918,0
65.7171,794,1049,12321,116,2016,89,281,13,13,13,0,0,0,0,0,0,2392,0,0,0,0,0,0,1006,-28512,984,0,985,2,991,6,7489,0
65.8098,794,1049,12321,206,2016,89,281,12,13,13,0,0,0,0,0,0,2392,0,0,0,0,0,0,1006,24624,984,0,985,2,991,6,-4761,0
65.9025,794,1049,12321,301,2016,89,281,13,12,13,0,0,0,0,0,0,2380,0,0,0,0,0,0,1006,30736,984,0,985,2,992,6,32612,0
65.9950,794,1049,12321,391,2016,89,281,14,12,12,0,0,0,0,0,0,2373,0,0,0,0,0,0,1007,-8800,984,0,985,2,993,7,-30927,0
66.0873,794,1049,12321,486,2016,89,281,13,12,12,0,0,0,0,0,0,2367,0,0,0,0,0,0,1006,25648,984,0,985,2,991,6,8050,0
66.1796,794,1049,12321,576,2016,89,281,13,13,12,0,0,0,0,0,0,2392,0,0,0,0,0,0,1006,-4336,984,0,985,2,991,7,10002,0
66.2722,794,1049,12321,671,2016,89,281,12,12,12,0,0,0,0,0,0,2367,0,0,0,0,0,0,1006,-24288,984,0,985,2,991,7,557,0
66.3645,794,1049,12321,761,2016,89,281,12,12,12,0,0,0,0,0,0,2386,0,0,0,0,0,0,1006,-24288,984,0,985,2,991,7,557,0
66.4560,794,1049,12321,851,2016,89,281,14,13,12,0,0,0,0,0,0,2367,0,0,0,0,0,0,1008,6200,984,0,985,2,993,8,-27174,0
66.5481,794,1049,12321,941,2016,89,281,14,13,13,0,0,0,0,0,0,2380,0,0,0,0,0,0,1007,5952,984,0,985,2,992,7,-24229,0
66.6411,794,1049,12577,36,2016,89,281,14,12,13,0,0,0,0,0,0,2380,0,0,0,0,0,0,1006,18352,984,0,985,2,992,7,-31169,0
66.7341,794,1049,12577,126,2017,89,281,119,68,86,0,0,0,0,0,0,2373,0,0,0,0,0,0,1068,-17856,984,0,987,21,1055,69,-16097,0
66.8272,794,1049,12577,221,2017,89,281,137,120,126,0,0,0,0,0,0,2386,0,0,0,0,0,0,1066,25424,984,1,985,30,1051,78,24980,0
66.9203,794,1049,12577,316,2017,89,280,112,136,125,0,0,0,0,0,0,2373,0,0,0,0,0,0,1050,29144,984,0,985,22,1035,65,-20197,0
67.0135,794,1049,12577,406,2016,89,280,79,101,94,0,0,0,0,0,0,2392,0,0,0,0,0,0,1035,7565,984,0,984,16,1019,45,20585,0
67.1069,794,1049,12577,501,2017,89,280,53,77,75,0,0,0,0,0,0,2373,0,0,0,0,0,0,1025,-5417,984,0,984,12,1009,29,5742,0
67.1998,794,1049,12577,596,2017,89,280,36,56,51,0,0,0,0,0,0,2405,0,0,0,0,0,0,1016,-25507,984,0,985,7,1002,19,-16049,0
67.2922,794,1049,12577,686,2017,89,280,28,40,39,0,0,0,0,0,0,2386,0,0,0,0,0,0,1013,13658,984,0,985,6,999,15,15704,0
67.3849,794,1049,12577,776,2017,89,280,24,30,28,0,0,0,0,0,0,2367,0,0,0,0,0,0,1012,5312,984,0,985,4,997,13,-3008,0
67.4776,794,1049,12577,866,2017,89,280,21,22,22,0,0,0,0,0,0,2386,0,0,0,0,0,0,1011,5136,984,0,985,3,996,11,31653,0
67.5705,794,1049,12577,961,2017,89,280,17,19,19,0,0,0,0,0,0,2373,0,0,0,0,0,0,1008,20666,984,0,985,3,994,9,-4766,0
67.6633,794,1049,12833,56,2017,89,280,16,17,17,0,0,0,0,0,0,2380,0,0,0,0,0,0,1008,-26976,984,0,985,3,993,8,-7667,0
67.7563,794,1049,12833,146,2017,89,280,16,17,17,0,0,0,0,0,0,2411,0,0,0,0,0,0,1008,-26976,984,0,985,3,993,8,-7667,0
67.8497,794,1049,12833,241,2017,89,280,15,15,16,0,0,0,0,0,0,2373,0,0,0,0,0,0,1007,-4072,984,0,985,2,993,7,26921,0
67.9428,794,1049,12833,331,2017,89,280,14,14,16,0,0,0,0,0,0,2367,0,0,0,0,0,0,1007,-15904,984,0,985,2,992,7,9997,0
68.0357,794,1049,12833,426,2017,89,280,15,15,15,0,0,0,0,0,0,2380,0,0,0,0,0,0,1007,14452,984,0,985,2,992,8,-31743,0
68.1285,794,1049,12833,521,2017,89,280,14,15,15,0,0,0,0,0,0,2386,0,0,0,0,0,0,1006,26048,984,0,985,2,992,7,-4939,0
68.2221,794,1049,12833,611,2017,89,280,14,15,15,0,0,0,0,0,0,2373,0,0,0,0,0,0,1006,9352,984,0,985,2,992,8,-29455,0
68.3155,794,1049,12833,706,2017,89,280,12,14,16,0,0,0,0,0,0,2373,0,0,0,0,0,0,1006,-12880,984,0,985,2,991,6,30783,0
68.4084,794,1049,12833,796,2017,89,280,13,15,15,0,0,0,0,0,0,2386,0,0,0,0,0,0,1006,-25356,984,0,985,2,991,6,7943,0
68.5014,794,1049,12833,891,2017,89,280,12,16,14,0,0,0,0,0,0,2392,0,0,0,0,0,0,1005,-27240,984,0,985,2,990,6,-11811,0
68.5946,794,1049,12833,981,2017,89,280,12,16,13,0,0,0,0,0,0,2380,0,0,0,0,0,0,1006,-16856,984,0,985,2,991,6,29314,0
68.6872,794,1049,13089,76,2017,89,280,12,15,13,0,0,0,0,0,0,2392,0,0,0,0,0,0,1006,1280,984,0,985,2,991,6,-9031,0
68.7802,794,1049,13089,166,2017,89,280,12,14,13,0,0,0,0,0,0,2380,0,0,0,0,0,0,1005,-17776,984,0,985,2,991,6,15779,0
68.8730,794,1049,13089,261,2017,89,280,13,14,13,0,0,0,0,0,0,2380,0,0,0,0,0,0,1006,15456,984,0,985,2,991,7,5694,0
68.9656,794,1049,13089,351,2017,89,280,13,13,13,0,0,0,0,0,0,2373,0,0,0,0,0,0,1006,-31664,984,0,985,2,991,6,171,0
69.0601,794,1049,13089,446,2017,89,280,13,12,13,0,0,0,0,0,0,2392,0,0,0,0,0,0,1006,-22224,984,0,985,2,992,7,11997,0
69.1551,794,1049,13089,541,2017,89,280,34,20,23,0,0,0,0,0,0,2386,0,0,0,0,0,0,1007,-14120,984,0,984,4,991,26,-12257,0
69.2474,794,1049,13089,636,2017,89,280,34,20,23,0,0,0,0,0,0,2380,0,0,0,0,0,0,1007,-14120,984,0,984,4,991,26,-12257,0
69.3404,794,1049,13089,726,2017,89,279,78,64,72,0,0,0,0,0,0,2380,0,0,0,0,0,0,1028,30724,984,0,986,15,1014,49,26820,0
69.4332,794,1049,13089,821,2017,89,279,85,74,73,124,0,0,0,0,0,2386,6,0,0,291,214,281,1033,1884,984,0,985,16,1018,51,-18992,0
69.5262,794,1049,13089,916,2017,89,279,59,54,62,91,0,0,0,0,0,2373,5,0,0,291,214,281,1025,-23607,984,0,985,11,1010,34,14998,0
69.6192,794,1049,13345,6,2017,89,279,46,44,49,71,0,0,0,0,0,2373,4,0,0,291,214,281,1021,-31443,984,0,984,9,1005,25,9542,0
69.7122,794,1049,13345,101,2017,89,279,34,35,34,72,0,0,0,0,0,2392,5,0,0,291,214,281,1016,-891,984,0,985,7,1001,18,28145,0
69.8054,794,1049,13345,191,2017,89,279,27,32,31,60,0,0,0,0,0,2380,4,0,0,291,214,281,1012,-3277,984,0,985,5,997,15,25466,0
69.8982,794,1049,13345,286,2017,89,279,23,25,24,0,0,0,0,0,0,2386,0,0,0,0,0,0,1010,9526,985,0,985,4,996,12,20169,0
69.9905,794,1049,13345,381,2017,89,279,20,21,21,0,0,0,0,0,0,2373,0,0,0,0,0,0,1010,24512,985,0,985,4,995,11,-28524,0
70.0822,794,1049,13345,471,2017,89,279,18,18,18,0,0,0,0,0,0,2392,0,0,0,0,0,0,1009,26432,985,0,985,3,994,9,21680,0
70.1748,794,1049,13345,561,2017,89,279,16,18,16,0,0,0,0,0,0,2392,0,0,0,0,0,0,1008,16136,985,0,985,3,993,8,-27347,0
70.2676,794,1049,13345,656,2017,89,279,14,15,16,0,0,0,0,0,0,2386,0,0,0,0,0,0,1007,-13300,985,0,985,2,992,7,-27850,0
70.3607,794,1049,13345,746,2017,89,279,14,14,14,0,0,0,0,0,0,2380,0,0,0,0,0,0,1007,-22220,985,0,985,2,992,7,10528,0
70.4536,794,1049,13345,836,2017,89,279,13,14,13,0,0,0,0,0,0,2373,0,0,0,0,0,0,1007,6720,985,0,985,2,992,7,11413,0
70.5467,794,1049,13345,931,2017,89,279,13,13,14,0,0,0,0,0,0,2367,0,0,0,0,0,0,1007,-5944,985,0,985,2,992,7,-636,0
70.6400,794,1049,13601,26,2017,89,279,13,14,13,0,0,0,0,0,0,2373,0,0,0,0,0,0,1006,12688,985,0,985,2,991,6,-2002,0
70.7327,794,1049,13601,116,2017,89,279,12,14,13,0,0,0,0,0,0,2411,0,0,0,0,0,0,1006,-29376,985,0,985,2,991,6,32112,0
70.8253,794,1049,13601,211,2017,89,279,12,15,13,0,0,0,0,0,0,2386,0,0,0,0,0,0,1006,22912,985,0,985,2,991,6,-22093,0
70.9184,794,1049,13601,301,2017,89,279,13,14,13,0,0,0,0,0,0,2392,0,0,0,0,0,0,1006,-30424,985,0,985,2,991,6,-14673,0
71.0113,794,1049,13601,396,2017,89,279,13,13,13,0,0,0,0,0,0,2392,0,0,0,0,0,0,1006,-25216,985,0,985,2,992,7,-13776,0
71.1036,794,1049,13601,491,2017,89,279,12,13,13,0,0,0,0,0,0,2373,0,0,0,0,0,0,1006,16240,985,0,985,2,991,6,-6736,0
71.1987,794,1049,13601,581,2017,89,279,12,13,13,0,0,0,0,0,0,2380,0,0,0,0,0,0,1006,16240,985,0,985,2,991,6,-6736,0
71.2917,794,1049,13601,676,2017,89,279,12,13,14,0,0,0,0,0,0,2380,0,0,0,0,0,0,1006,-1952,985,0,985,2,991,6,9863,0
71.3842,794,1049,13601,771,2017,89,279,12,14,15,0,0,0,0,0,0,2405,0,0,0,0,0,0,1006,-8448,985,0,985,2,991,6,-29267,0
71.4764,794,1049,13601,861,2017,88,279,52,32,42,90,0,0,0,0,0,2380,6,0,0,217,241,256,1020,-1488,985,0,986,9,1006,31,19406,0
71.5689,794,1049,13601,956,2017,89,279,63,61,66,113,0,0,0,0,0,2392,7,0,0,217,241,256,1027,25508,985,0,985,13,1012,35,-22791,0
71.6617,794,1049,13857,46,2017,88,279,54,65,62,96,0,0,0,0,0,2373,6,0,0,217,241,256,1028,-31862,985,0,985,10,1013,32,-14535,0
71.7542,794,1049,13857,141,2017,88,279,41,45,46,70,0,0,0,0,0,2392,4,0,0,217,241,256,1021,-27782,985,0,985,8,1006,23,22079,0
71.8466,794,1049,13857,231,2017,88,279,35,36,40,61,0,0,0,0,0,2386,3,0,0,217,241,256,1018,-10522,985,0,985,7,1003,19,21025,0
71.9396,794,1049,13857,326,2017,88,278,27,28,28,0,0,0,0,0,0,2386,0,0,0,0,0,0,1013,-14984,985,0,985,5,998,15,61,0
72.0325,794,1049,13857,416,2017,88,278,22,24,25,0,0,0,0,0,0,2392,0,0,0,0,0,0,1010,-12004,985,0,985,4,996,11,-28701,0
72.1254,794,1049,13857,511,2017,88,278,19,19,22,0,0,0,0,0,0,2386,0,0,0,0,0,0,1009,4960,985,0,985,3,994,10,-5115,0
72.2186,794,1049,13857,601,2017,88,278,16,16,18,0,0,0,0,0,0,2392,0,0,0,0,0,0,1007,-27608,985,0,985,3,992,8,-29777,0
72.3117,794,1049,13857,696,2017,88,278,14,15,15,0,0,0,0,0,0,2373,0,0,0,0,0,0,1006,8040,985,0,985,3,991,8,5111,0
72.4054,794,1049,13857,791,2017,88,278,13,14,15,0,0,0,0,0,0,2386,0,0,0,0,0,0,1006,19600,985,0,985,2,991,7,-21406,0
72.4968,794,1049,13857,881,2017,88,278,13,14,14,0,0,0,0,0,0,2405,0,0,0,0,0,0,1007,-29072,985,0,985,2,992,7,3589,0
72.5888,794,1049,13857,971,2017,88,278,12,14,13,0,0,0,0,0,0,2386,0,0,0,0,0,0,1005,5408,985,0,985,2,991,7,-14695,0
72.6812,794,1049,14113,61,2017,88,278,11,13,13,0,0,0,0,0,0,2380,0,0,0,0,0,0,1005,-1312,985,0,985,2,991,6,-13894,0
72.7734,794,1049,14113,156,2017,88,278,11,13,13,0,0,0,0,0,0,2386,0,0,0,0,0,0,1005,-20872,985,0,985,2,991,6,-16060,0
72.8653,794,1049,14113,246,2017,88,278,11,13,14,0,0,0,0,0,0,2380,0,0,0,0,0,0,1006,-15852,985,0,985,2,991,6,-26946,0
72.9576,794,1049,14113,341,2017,88,278,13,13,15,0,0,0,0,0,0,2373,0,0,0,0,0,0,1006,-25312,985,0,985,2,991,6,19845,0
73.0496,794,1049,14113,431,2017,88,278,13,13,15,0,0,0,0,0,0,2380,0,0,0,0,0,0,1006,-25312,985,0,985,2,991,6,19845,0
73.1421,794,1049,14113,521,2017,88,278,13,13,14,0,0,0,0,0,0,2386,0,0,0,0,0,0,1006,27692,985,0,985,2,991,7,20777,0
73.2339,794,1049,14113,616,2017,88,278,12,13,15,0,0,0,0,0,0,2373,0,0,0,0,0,0,1006,8624,985,0,985,2,991,6,3667,0
73.3266,794,1049,14113,706,2017,88,278,12,13,14,0,0,0,0,0,0,2367,0,0,0,0,0,0,1005,-2304,985,0,985,2,991,6,-10868,0
73.4196,794,1049,14113,801,2017,88,278,11,12,13,0,0,0,0,0,0,2411,0,0,0,0,0,0,1006,-192,985,0,985,2,991,6,9193,0
73.5129,794,1049,14113,891,2017,88,278,11,13,13,0,0,0,0,0,0,2367,0,0,0,0,0,0,1005,-9856,985,0,985,2,991,5,19655,0
73.6057,794,1049,14113,981,2017,88,278,12,13,13,0,0,0,0,0,0,2386,0,0,0,0,0,0,1006,-544,985,0,985,2,991,6,-9456,0
73.6985,794,1049,14369,76,2017,88,278,12,13,14,0,0,0,0,0,0,2392,0,0,0,0,0,0,1006,-21664,985,0,985,2,991,6,-26191,0
73.7910,794,1049,14369,166,2017,88,278,12,13,14,0,0,0,0,0,0,2380,0,0,0,0,0,0,1006,-23648,985,0,985,2,991,6,3183,0
73.8857,794,1049,14369,261,2017,88,278,12,12,14,0,0,0,0,0,0,2405,0,0,0,0,0,0,1006,-11824,985,0,985,2,991,6,-14479,0
73.9786,794,1049,14369,356,2017,88,278,12,12,14,0,0,0,0,0,0,2380,0,0,0,0,0,0,1006,-25408,985,0,985,2,991,6,-29970,0
74.0713,794,1049,14369,446,2017,88,278,54,34,54,0,0,0,0,0,0,2373,0,0,0,0,0,0,1023,11224,985,0,986,10,1009,31,18296,0
74.1640,794,1049,14369,541,2017,88,278,63,66,63,0,0,0,0,0,0,2386,0,0,0,0,0,0,1029,-7668,985,0,985,13,1014,34,-23840,0
74.2562,794,1049,14369,631,2017,88,278,48,64,56,0,0,0,0,0,0,2373,0,0,0,0,0,0,1022,-520,985,0,984,10,1006,26,-9002,0
74.3493,794,1049,14369,726,2017,88,278,42,46,40,0,0,0,0,0,0,2386,0,0,0,0,0,0,1020,-16053,985,0,985,8,1005,22,17807,0
74.4421,794,1049,14369,821,2017,88,278,42,46,40,0,0,0,0,0,0,2411,0,0,0,0,0,0,1020,-16053,985,0,985,8,1005,22,17807,0
74.5355,794,1049,14369,911,2017,88,278,30,39,37,61,0,0,0,0,0,2386,4,0,0,288,219,286,1015,2738,985,0,985,6,1000,16,-9542,0
74.6289,794,1049,14625,6,2017,88,278,25,29,31,38,0,0,0,0,0,2405,2,0,0,288,219,286,1011,5466,985,0,985,5,997,13,-1771,0
74.7223,794,1049,14625,96,2017,88,278,20,26,24,0,0,0,0,0,0,2380,0,0,0,0,0,0,1009,10342,985,0,985,3,994,10,-22998,0
74.8151,794,1049,14625,191,2017,88,278,17,21,21,0,0,0,0,0,0,2373,0,0,0,0,0,0,1008,12708,985,0,985,3,993,9,-23140,0
74.9082,794,1049,14625,286,2017,88,278,15,18,18,0,0,0,0,0,0,2373,0,0,0,0,0,0,1007,-26416,985,0,985,3,992,7,7265,0
75.0012,794,1049,14625,376,2017,88,277,13,17,17,0,0,0,0,0,0,2373,0,0,0,0,0,0,1006,-2662,985,0,985,2,992,7,6664,0
75.0942,794,1049,14625,471,2017,88,277,13,15,15,0,0,0,0,0,0,2392,0,0,0,0,0,0,1006,-4008,985,0,985,2,991,7,-7412,0
75.1862,794,1049,14625,566,2017,88,277,13,14,14,0,0,0,0,0,0,2380,0,0,0,0,0,0,1006,19840,985,0,985,2,991,7,-27431,0
75.2776,794,1049,14625,656,2017,88,277,12,13,13,0,0,0,0,0,0,2380,0,0,0,0,0,0,1006,-3584,985,0,985,2,991,6,-28249,0
75.3719,794,1049,14625,746,2017,88,277,12,13,12,0,0,0,0,0,0,2373,0,0,0,0,0,0,1006,-11824,985,0,985,2,991,6,1852,0
75.4663,794,1049,14625,841,2017,88,277,12,13,13,0,0,0,0,0,0,2386,0,0,0,0,0,0,1006,-27968,985,0,985,2,991,6,30061,0
75.5606,794,1049,14625,931,2017,88,277,12,13,13,0,0,0,0,0,0,2386,0,0,0,0,0,0,1006,-15536,985,0,985,2,991,6,-31176,0
75.6565,794,1049,14881,26,2017,88,277,12,13,13,0,0,0,0,0,0,2380,0,0,0,0,0,0,1005,10768,985,0,985,2,990,6,13767,0
75.7492,794,1049,14881,121,2017,88,277,12,13,13,0,0,0,0,0,0,2373,0,0,0,0,0,0,1005,-9184,985,0,985,2,990,6,-1262,0
75.8422,794,1049,14881,216,2017,88,277,12,13,13,0,0,0,0,0,0,2373,0,0,0,0,0,0,1005,-32576,985,0,985,2,990,6,8562,0
75.9346,794,1049,14881,306,2017,88,277,11,13,13,0,0,0,0,0,0,2367,0,0,0,0,0,0,1005,14896,985,0,985,2,990,6,19354,0
76.0268,794,1049,14881,401,2017,88,277,12,13,12,0,0,0,0,0,0,2373,0,0,0,0,0,0,1006,-6416,985,0,985,2,991,6,-7788,0
76.1186,794,1049,14881,491,2017,88,277,12,12,14,0,0,0,0,0,0,2386,0,0,0,0,0,0,1006,1664,985,0,985,2,991,6,-9599,0
76.2124,794,1049,14881,586,2017,88,277,12,12,14,0,0,0,0,0,0,2380,0,0,0,0,0,0,1006,1664,985,0,985,2,991,6,-9599,0
76.3052,794,1049,14881,676,2017,88,277,11,13,14,0,0,0,0,0,0,2380,0,0,0,0,0,0,1005,19864,985,0,985,2,990,6,2033,0
76.3982,794,1049,14881,771,2017,88,277,11,14,13,0,0,0,0,0,0,2386,0,0,0,0,0,0,1005,11040,985,0,985,2,990,6,12296,0
76.4910,794,1049,14881,866,2017,88,277,12,13,13,0,0,0,0,0,0,2386,0,0,0,0,0,0,1006,20640,985,0,985,2,991,6,-3670,0
76.5840,794,1049,14881,951,2017,88,277,12,12,13,0,0,0,0,0,0,2380,0,0,0,0,0,0,1006,-18544,985,0,985,2,991,6,9574,0
76.6761,794,1049,15137,46,2017,88,277,12,12,13,0,0,0,0,0,0,2392,0,0,0,0,0,0,1005,5840,985,0,985,2,990,6,-30600,0
76.7717,794,1049,15137,136,2017,88,277,12,12,12,0,0,0,0,0,0,2373,0,0,0,0,0,0,1006,4256,985,0,985,2,991,6,-14786,0
76.8650,794,1049,15137,236,2017,88,277,12,13,12,0,0,0,0,0,0,2367,0,0,0,0,0,0,1005,-25888,985,0,985,2,991,6,30329,0
76.9582,794,1049,15137,326,2017,88,277,12,13,13,0,0,0,0,0,0,2392,0,0,0,0,0,0,1005,-31152,985,0,985,2,991,6,-26673,0
77.0511,794,1049,15137,421,2017,88,277,12,13,13,0,0,0,0,0,0,2386,0,0,0,0,0,0,1005,6932,985,0,985,2,991,6,6059,0
77.1440,794,1049,15137,516,2017,88,277,11,14,13,0,0,0,0,0,0,2386,0,0,0,0,0,0,1005,15252,985,0,985,2,991,5,-20190,0
77.2366,794,1049,15137,606,2017,88,277,12,14,13,0,0,0,0,0,0,2405,0,0,0,0,0,0,1007,5664,985,0,985,2,992,7,3133,0
77.3284,794,1049,15137,701,2017,88,277,13,13,12,0,0,0,0,0,0,2392,0,0,0,0,0,0,1007,-7120,985,0,985,2,992,7,-10094,0
77.4203,794,1049,15137,791,2017,88,277,12,13,13,0,0,0,0,0,0,2373,0,0,0,0,0,0,1006,-7200,985,0,985,2,992,6,3229,0
77.5124,794,1049,15137,881,2017,88,277,13,13,12,0,0,0,0,0,0,2380,0,0,0,0,0,0,1006,25808,985,0,985,2,991,7,-11133,0
77.6053,794,1049,15137,971,2017,88,277,13,13,12,0,0,0,0,0,0,2373,0,0,0,0,0,0,1006,25808,985,0,985,2,991,7,-11133,0
77.6980,794,1049,34,66,2017,88,277,12,13,13,0,0,0,0,0,0,2392,0,0,0,0,0,0,1006,23104,985,0,985,2,991,6,2595,0
77.7907,794,1049,34,156,2017,88,277,50,52,53,0,0,0,0,0,0,2380,0,0,0,0,0,0,1022,24632,985,0,986,10,1008,27,1500,0
77.8840,794,1049,34,251,2017,88,277,61,59,54,0,0,0,0,0,0,2373,0,0,0,0,0,0,1027,17152,985,0,985,13,1012,32,-32000,0
77.9765,794,1049,34,341,2017,88,277,44,47,48,0,0,0,0,0,0,2386,0,0,0,0,0,0,1021,13358,985,0,985,9,1006,23,-17529,0
78.0695,794,1049,34,436,2017,88,277,36,38,40,0,0,0,0,0,0,2373,0,0,0,0,0,0,1017,9863,985,0,985,7,1002,19,30539,0
78.1623,794,1049,34,531,2017,88,277,27,31,30,0,0,0,0,0,0,2380,0,0,0,0,0,0,1013,16762,985,0,985,5,998,14,-2122,0
78.2547,794,1049,34,621,2017,88,277,23,27,26,0,0,0,0,0,0,2373,0,0,0,0,0,0,1010,-9376,985,0,985,4,996,12,-30721,0
78.3471,794,1049,34,716,2017,88,277,19,20,24,0,0,0,0,0,0,2392,0,0,0,0,0,0,1009,-15616,985,0,985,3,994,10,-18477,0
78.4397,794,1049,34,806,2017,88,277,17,17,20,0,0,0,0,0,0,2386,0,0,0,0,0,0,1008,3380,985,0,985,3,994,9,14444,0
78.5323,794,1049,34,901,2017,88,277,14,16,18,0,0,0,0,0,0,2380,0,0,0,0,0,0,1007,1688,985,0,985,3,992,7,31946,0
78.6246,794,1049,34,991,2017,88,276,13,15,15,0,0,0,0,0,0,2380,0,0,0,0,0,0,1006,15776,985,0,985,2,991,6,-10801,0
78.7171,794,1049,290,81,2017,88,276,13,14,14,0,0,0,0,0,0,2367,0,0,0,0,0,0,1007,15168,985,0,985,2,992,7,-13444,0
78.8092,794,1049,290,171,2017,88,276,13,14,13,0,0,0,0,0,0,2373,0,0,0,0,0,0,1006,-4112,985,0,985,2,992,7,-9541,0
78.9023,794,1049,290,266,2017,88,276,12,14,13,0,0,0,0,0,0,2386,0,0,0,0,0,0,1006,10424,985,0,985,2,991,6,53,0
78.9956,794,1049,290,361,2017,88,276,12,14,13,0,0,0,0,0,0,2380,0,0,0,0,0,0,1006,10424,985,0,985,2,991,6,53,0
79.0886,794,1049,290,451,2017,88,276,13,14,12,0,0,0,0,0,0,2386,0,0,0,0,0,0,1006,-11240,985,0,985,2,992,7,-28785,0
79.1820,794,1049,290,546,2017,88,276,13,13,13,0,0,0,0,0,0,2392,0,0,0,0,0,0,1006,30384,985,0,985,2,992,6,2835,0
79.2756,794,1049,290,636,2017,88,276,12,13,13,0,0,0,0,0,0,2380,0,0,0,0,0,0,1006,-14704,985,0,985,2,991,6,23689,0
79.3686,794,1049,290,731,2017,88,276,12,13,12,0,0,0,0,0,0,2392,0,0,0,0,0,0,1006,22960,985,0,985,2,991,6,29877,0
79.4614,794,1049,290,826,2017,88,276,12,13,12,0,0,0,0,0,0,2373,0,0,0,0,0,0,1006,-17088,985,0,985,2,991,6,-15332,0
79.5540,794,1049,290,916,2017,88,276,12,12,13,0,0,0,0,0,0,2411,0,0,0,0,0,0,1006,-16960,985,0,985,2,991,6,-11191,0
79.6473,794,1049,546,6,2017,88,276,12,12,13,0,0,0,0,0,0,2386,0,0,0,0,0,0,1006,-992,985,0,985,2,991,6,29163,0
79.7407,794,1049,546,101,2017,88,276,12,12,13,0,0,0,0,0,0,2392,0,0,0,0,0,0,1006,25136,985,0,985,2,991,6,10669,0
79.8333,794,1049,546,196,2017,88,276,13,13,14,0,0,0,0,0,0,2373,0,0,0,0,0,0,1006,-1520,985,0,985,2,991,7,27071,0
79.9260,794,1049,546,286,2017,88,276,13,13,13,0,0,0,0,0,0,2386,0,0,0,0,0,0,1006,-1856,985,0,985,2,991,7,-7932,0
80.0174,794,1049,546,381,2017,88,276,13,13,12,0,0,0,0,0,0,2373,0,0,0,0,0,0,1006,-10864,985,0,985,2,991,6,2098,0
80.1096,794,1049,546,471,2017,87,276,12,13,12,0,0,0,0,0,0,2373,0,0,0,0,0,0,1006,23504,985,0,985,2,991,6,14620,0
80.2027,794,1049,546,561,2017,87,276,12,12,13,0,0,0,0,0,0,2405,0,0,0,0,0,0,1006,10720,985,0,985,2,991,6,-8680,0
80.2956,794,1049,546,656,2017,87,276,12,13,13,0,0,0,0,0,0,2373,0,0,0,0,0,0,1005,15936,985,0,985,2,991,6,9374,0
80.3886,794,1049,546,751,2017,87,276,12,13,13,0,0,0,0,0,0,2373,0,0,0,0,0,0,1005,15936,985,0,985,2,991,6,9374,0
80.4815,794,1049,546,841,2017,87,276,13,13,13,0,0,0,0,0,0,2373,0,0,0,0,0,0,1005,22640,985,0,985,2,991,7,-14026,0
80.5745,794,1049,546,936,2017,87,276,12,12,14,0,0,0,0,0,0,2373,0,0,0,0,0,0,1005,-13088,985,0,985,2,991,6,20560,0
80.6681,794,1049,802,26,2017,87,276,12,13,13,0,0,0,0,0,0,2380,0,0,0,0,0,0,1006,-22144,985,0,985,2,991,6,5773,0
80.7613,794,1049,802,116,2017,87,276,12,14,12,0,0,0,0,0,0,2354,0,0,0,0,0,0,1006,-4336,985,0,985,2,992,6,29192,0
80.8540,794,1049,802,211,2017,87,276,13,13,12,0,0,0,0,0,0,2373,0,0,0,0,0,0,1006,-21584,985,0,985,2,992,6,13631,0
80.9472,794,1049,802,301,2017,87,276,12,12,12,0,0,0,0,0,0,2386,0,0,0,0,0,0,1006,-11296,985,0,985,2,991,6,-31023,0
81.0402,794,1049,802,396,2017,87,276,56,32,43,0,0,0,0,0,0,2373,0,0,0,0,0,0,1025,-5856,985,0,985,9,1010,31,-14758,0
81.1330,794,1049,802,491,2017,87,276,70,67,74,0,0,0,0,0,0,2405,0,0,0,0,0,0,1032,-15880,985,0,984,14,1017,36,-7435,0
81.2268,794,1049,802,581,2017,87,276,63,73,69,0,0,0,0,0,0,2380,0,0,0,0,0,0,1034,17932,985,0,985,13,1019,36,-4216,0
81.3192,794,1049,802,676,2017,87,276,49,49,51,0,0,0,0,0,0,2386,0,0,0,0,0,0,1025,-120,985,0,985,10,1010,26,28279,0
81.4119,794,1049,802,771,2017,87,276,37,39,43,0,0,0,0,0,0,2367,0,0,0,0,0,0,1019,-32346,985,0,985,7,1005,20,-31345,0
81.5052,794,1049,802,861,2017,87,276,29,29,33,0,0,0,0,0,0,2367,0,0,0,0,0,0,1015,1065,985,0,985,5,1000,16,-21054,0
81.5970,794,1049,802,956,2017,87,276,23,27,29,0,0,0,0,0,0,2380,0,0,0,0,0,0,1012,-10828,985,0,985,4,997,12,-4570,0
81.6890,794,1049,1058,41,2017,87,276,19,22,24,0,0,0,0,0,0,2380,0,0,0,0,0,0,1009,-760,985,0,985,3,994,10,11532,0
81.7812,794,1049,1058,136,2017,87,276,19,22,24,0,0,0,0,0,0,2392,0,0,0,0,0,0,1009,-760,985,0,985,3,994,10,11532,0
81.8737,794,1049,1058,226,2017,87,276,16,19,20,0,0,0,0,0,0,2392,0,0,0,0,0,0,1008,-4020,985,0,985,3,993,8,-5191,0
81.9662,794,1049,1058,321,2017,87,276,15,17,17,0,0,0,0,0,0,2380,0,0,0,0,0,0,1007,-5796,985,0,985,2,993,7,-26630,0
82.0589,794,1049,1058,411,2017,87,276,14,15,15,0,0,0,0,0,0,2392,0,0,0,0,0,0,1007,-18320,985,0,985,2,992,7,13955,0
82.1514,794,1049,1058,506,2017,87,276,14,14,14,0,0,0,0,0,0,2380,0,0,0,0,0,0,1006,-25696,985,0,985,2,992,7,-12593,0
82.2440,794,1049,1058,596,2017,87,276,14,15,15,0,0,0,0,0,0,2380,0,0,0,0,0,0,1006,15488,985,0,985,2,991,7,-30992,0
82.3371,794,1049,1058,691,2017,87,276,13,13,14,0,0,0,0,0,0,2386,0,0,0,0,0,0,1006,25472,985,0,985,2,991,7,-5189,0
82.4304,794,1049,1058,781,2017,87,276,13,13,14,0,0,0,0,0,0,2392,0,0,0,0,0,0,1006,-14976,985,0,985,2,991,6,23912,0
82.5231,794,1049,1058,876,2017,87,276,12,13,13,0,0,0,0,0,0,2392,0,0,0,0,0,0,1006,-30080,985,0,985,2,992,6,2841,0
82.6159,794,1049,1058,971,2017,87,276,12,13,13,0,0,0,0,0,0,2405,0,0,0,0,0,0,1006,6992,985,0,985,2,992,6,20229,0
82.7084,794,1049,1314,61,2017,87,276,12,14,12,0,0,0,0,0,0,2380,0,0,0,0,0,0,1006,-19584,985,0,985,2,991,6,-26625,0
82.8010,794,1049,1314,151,2017,87,276,13,15,13,0,0,0,0,0,0,2373,0,0,0,0,0,0,1007,-656,985,0,985,2,992,7,13028,0
82.8942,794,1049,1314,246,2017,87,275,12,15,13,0,0,0,0,0,0,2380,0,0,0,0,0,0,1006,22816,985,0,985,2,991,6,11814,0
82.9866,794,1049,1314,336,2017,87,275,12,14,13,0,0,0,0,0,0,2386,0,0,0,0,0,0,1006,-10896,985,0,985,2,991,6,16308,0
83.0783,794,1049,1314,431,2017,87,275,11,14,13,0,0,0,0,0,0,2373,0,0,0,0,0,0,1005,13424,985,0,985,2,991,5,-17548,0
83.1715,794,1049,1314,521,2017,87,275,11,14,13,0,0,0,0,0,0,2380,0,0,0,0,0,0,1005,13424,985,0,985,2,991,5,-17548,0
83.2649,794,1049,1314,616,2017,87,275,11,13,13,0,0,0,0,0,0,2373,0,0,0,0,0,0,1005,-6800,985,0,985,2,991,6,-11201,0
83.3577,794,1049,1314,706,2017,87,275,12,13,13,0,0,0,0,0,0,2386,0,0,0,0,0,0,1006,-10368,985,0,985,2,991,6,-23387,0
83.4504,794,1049,1314,801,2018,87,275,12,12,14,0,0,0,0,0,0,2367,0,0,0,0,0,0,1006,6688,985,0,985,2,991,6,23766,0
83.5433,794,1049,1314,896,2018,87,275,12,12,14,0,0,0,0,0,0,2367,0,0,0,0,0,0,1006,-21328,985,0,985,2,991,6,-13628,0
83.6362,794,1049,1314,986,2018,87,275,12,12,14,0,0,0,0,0,0,2386,0,0,0,0,0,0,1006,2496,985,0,985,2,991,6,-2558,0
83.7290,794,1049,1570,76,2018,87,275,13,12,13,0,0,0,0,0,0,2386,0,0,0,0,0,0,1006,6552,985,0,985,2,991,6,-17091,0
83.8218,794,1049,1570,166,2017,87,275,43,30,40,0,0,0,0,0,0,2405,0,0,0,0,0,0,1010,9132,985,0,983,7,994,32,28049,0
83.9142,794,1049,1570,261,2017,87,275,72,70,80,0,0,0,0,0,0,2354,0,0,0,0,0,0,1029,11474,985,0,985,16,1015,41,14238,0
84.0091,794,1049,1570,351,2018,87,275,68,78,76,0,0,0,0,0,0,2367,0,0,0,0,0,0,1033,-24096,985,0,986,15,1019,38,-25774,0
84.1007,794,1049,1570,446,2018,87,275,48,55,60,0,0,0,0,0,0,2392,0,0,0,0,0,0,1023,-15929,985,0,986,11,1009,26,12900,0
84.1932,794,1049,1570,541,2018,87,275,39,45,48,0,0,0,0,0,0,2386,0,0,0,0,0,0,1019,30442,985,0,985,8,1004,20,21464,0
84.2854,794,1049,1570,631,2018,87,275,30,33,32,0,0,0,0,0,0,2386,0,0,0,0,0,0,1014,-4910,985,0,985,6,999,16,-6143,0
84.3776,794,1049,1570,726,2018,87,275,22,29,30,0,0,0,0,0,0,2373,0,0,0,0,0,0,1010,-10924,985,0,985,4,996,11,-20112,0
84.4699,794,1049,1570,816,2018,87,275,19,24,24,0,0,0,0,0,0,2373,0,0,0,0,0,0,1009,-12001,985,0,985,3,995,10,18997,0
84.5627,794,1049,1570,911,2018,87,275,19,24,24,0,0,0,0,0,0,2386,0,0,0,0,0,0,1009,-12001,985,0,985,3,995,10,18997,0
84.6553,794,1049,1826,1,2018,87,275,18,19,20,0,0,0,0,0,0,2373,0,0,0,0,0,0,1008,19024,985,0,985,3,994,10,28694,0
84.7473,794,1049,1826,91,2018,87,275,15,17,17,0,0,0,0,0,0,2367,0,0,0,0,0,0,1007,-30224,985,0,985,3,992,8,-28986,0
84.8396,794,1049,1826,186,2018,87,275,16,15,15,0,0,0,0,0,0,2373,0,0,0,0,0,0,1007,-31456,985,0,985,2,993,8,8978,0
84.9324,794,1049,1826,276,2018,87,275,15,14,13,0,0,0,0,0,0,2405,0,0,0,0,0,0,1007,-16880,985,0,985,2,993,7,-13493,0
85.0253,794,1049,1826,371,2018,87,275,14,13,15,0,0,0,0,0,0,2367,0,0,0,0,0,0,1006,-24944,985,0,985,2,992,7,-11305,0
85.1164,794,1049,1826,461,2018,87,275,13,13,14,0,0,0,0,0,0,2367,0,0,0,0,0,0,1006,22448,985,0,985,2,991,7,-32246,0
85.2117,794,1049,1826,551,2018,87,275,12,13,14,0,0,0,0,0,0,2411,0,0,0,0,0,0,1005,1200,985,0,985,2,991,6,-19335,0
85.3050,794,1049,1826,646,2018,87,275,11,13,13,0,0,0,0,0,0,2380,0,0,0,0,0,0,1005,18096,985,0,985,2,991,6,-14638,0
85.3977,794,1049,1826,741,2018,87,275,11,13,13,0,0,0,0,0,0,2380,0,0,0,0,0,0,1005,-25856,985,0,985,2,991,6,19022,0
85.4905,794,1049,1826,836,2018,87,275,12,13,13,0,0,0,0,0,0,2380,0,0,0,0,0,0,1006,5344,985,0,985,2,991,6,-21059,0
85.5832,794,1049,1826,926,2018,87,275,11,13,12,0,0,0,0,0,0,2380,0,0,0,0,0,0,1005,2672,985,0,985,2,991,5,-2253,0
85.6764,794,1049,2082,21,2018,87,275,13,13,12,0,0,0,0,0,0,2380,0,0,0,0,0,0,1006,-16016,985,0,985,2,992,6,-7202,0
85.7690,794,1049,2082,111,2018,87,275,11,13,12,0,0,0,0,0,0,2373,0,0,0,0,0,0,1006,-26208,985,0,985,2,991,6,6528,0
85.8615,794,1049,2082,201,2018,87,275,12,13,12,0,0,0,0,0,0,2386,0,0,0,0,0,0,1006,-4816,985,0,985,2,991,6,5439,0
85.9543,794,1049,2082,296,2018,87,275,12,13,12,0,0,0,0,0,0,2411,0,0,0,0,0,0,1006,-4816,985,0,985,2,991,6,5439,0
86.0480,794,1049,2082,386,2018,87,275,12,13,13,0,0,0,0,0,0,2386,0,0,0,0,0,0,1006,-2672,985,0,985,2,991,6,10706,0
86.1412,794,1049,2082,481,2018,87,275,12,12,12,0,0,0,0,0,0,2405,0,0,0,0,0,0,1006,14096,985,0,985,2,991,6,-1938,0
86.2345,794,1049,2082,576,2018,87,275,12,13,12,0,0,0,0,0,0,2380,0,0,0,0,0,0,1006,13728,985,0,985,2,991,6,-12542,0
86.3260,794,1049,2082,666,2018,87,275,12,13,13,0,0,0,0,0,0,2373,0,0,0,0,0,0,1006,-4816,985,0,985,2,991,6,8061,0
86.4185,794,1049,2082,761,2018,87,275,12,13,13,0,0,0,0,0,0,2380,0,0,0,0,0,0,1006,-24336,985,0,985,2,991,6,10854,0
86.5113,794,1049,2082,851,2018,87,275,12,13,13,0,0,0,0,0,0,2354,0,0,0,0,0,0,1005,25664,985,0,985,2,991,6,18201,0
86.6064,794,1049,2082,946,2018,87,275,12,13,13,0,0,0,0,0,0,2386,0,0,0,0,0,0,1005,-9008,985,0,985,2,991,6,-8967,0
86.6980,794,1049,2338,41,2018,87,275,43,45,44,0,0,0,0,0,0,2373,0,0,0,0,0,0,1018,-11056,985,0,986,8,1004,24,-4000,0
86.7910,794,1049,2338,131,2018,87,275,51,48,43,115,0,0,0,0,0,2373,9,0,0,194,194,296,1024,-5528,985,0,985,10,1008,26,30690,0
86.8837,794,1049,2338,226,2018,87,275,39,44,39,85,0,0,0,0,0,2386,6,0,0,194,194,296,1019,-3018,985,0,985,7,1005,21,-12489,0
86.9763,794,1049,2338,316,2018,87,275,32,34,34,67,0,0,0,0,0,2373,5,0,0,194,194,296,1017,-1252,985,0,985,6,1002,18,-17139,0
87.0686,794,1049,2338,411,2018,87,275,23,27,26,0,0,0,0,0,0,2367,0,0,0,0,0,0,1012,-23764,985,0,985,4,997,12,32673,0
87.1617,794,1049,2338,501,2018,87,275,20,25,24,0,0,0,0,0,0,2386,0,0,0,0,0,0,1009,-1064,985,0,985,3,994,11,-31506,0
87.2547,794,1049,2338,596,2018,87,275,18,19,21,0,0,0,0,0,0,2380,0,0,0,0,0,0,1007,-8584,985,0,985,3,993,10,24460,0
87.3476,794,1049,2338,686,2018,87,275,17,17,17,0,0,0,0,0,0,2380,0,0,0,0,0,0,1007,-21848,985,0,985,3,992,9,-22216,0
87.4403,794,1049,2338,781,2018,87,275,17,17,17,0,0,0,0,0,0,2386,0,0,0,0,0,0,1007,-21848,985,0,985,3,992,9,-22216,0
87.5329,794,1049,2338,876,2018,87,275,15,17,15,0,0,0,0,0,0,2367,0,0,0,0,0,0,1007,3344,985,0,985,2,992,8,20833,0
87.6257,794,1049,2338,966,2018,87,274,13,15,15,0,0,0,0,0,0,2373,0,0,0,0,0,0,1006,12592,985,0,985,2,992,7,10112,0
87.7186,794,1049,2594,61,2018,87,274,13,14,13,0,0,0,0,0,0,2392,0,0,0,0,0,0,1006,1280,985,0,985,2,991,6,18153,0
87.8139,794,1049,2594,151,2018,87,274,12,13,13,0,0,0,0,0,0,2373,0,0,0,0,0,0,1005,-28416,985,0,985,2,991,6,-27685,0
87.9090,794,1049,2594,246,2018,87,274,12,12,14,0,0,0,0,0,0,2367,0,0,0,0,0,0,1005,-8560,985,0,985,2,991,6,-17012,0
88.0017,794,1049,2594,341,2018,87,274,13,13,14,0,0,0,0,0,0,2367,0,0,0,0,0,0,1006,30944,985,0,985,2,991,6,5070,0
88.0942,794,1049,2594,431,2018,87,274,13,12,14,0,0,0,0,0,0,2373,0,0,0,0,0,0,1006,-17312,985,0,985,2,991,7,30299,0
88.1870,794,1049,2594,526,2018,87,274,12,12,13,0,0,0,0,0,0,2386,0,0,0,0,0,0,1006,-24416,985,0,985,2,991,6,31108,0
88.2797,794,1049,2594,616,2018,87,274,12,12,13,0,0,0,0,0,0,2411,0,0,0,0,0,0,1006,12208,985,0,985,2,991,6,-23236,0
88.3728,794,1049,2594,711,2018,87,274,11,12,13,0,0,0,0,0,0,2380,0,0,0,0,0,0,1006,20160,985,0,985,2,991,6,-7675,0
88.4653,794,1049,2594,801,2018,87,274,11,12,13,0,0,0,0,0,0,2392,0,0,0,0,0,0,1006,5632,985,0,985,2,991,6,4842,0
88.5594,794,1049,2594,896,2018,87,274,11,13,13,0,0,0,0,0,0,2392,0,0,0,0,0,0,1006,-27440,985,0,985,2,991,6,10181,0
88.6545,794,1049,2594,991,2018,87,274,11,13,13,0,0,0,0,0,0,2392,0,0,0,0,0,0,1005,17952,985,0,985,2,990,5,-22604,0
88.7462,794,1049,2850,86,2018,87,274,11,12,13,0,0,0,0,0,0,2373,0,0,0,0,0,0,1005,23456,985,0,985,2,991,6,-15225,0
88.8388,794,1049,2850,171,2018,87,274,12,12,14,0,0,0,0,0,0,2373,0,0,0,0,0,0,1006,4128,985,0,985,2,991,6,-23974,0
88.9325,794,1049,2850,266,2018,87,274,12,12,14,0,0,0,0,0,0,2367,0,0,0,0,0,0,1006,4128,985,0,985,2,991,6,-23974,0
89.0254,794,1049,2850,361,2018,87,274,12,12,13,0,0,0,0,0,0,2392,0,0,0,0,0,0,1005,30112,985,0,985,2,991,6,-3078,0
89.1186,794,1049,2850,451,2018,87,274,12,13,13,0,0,0,0,0,0,2373,0,0,0,0,0,0,1006,22672,985,0,985,2,991,6,20197,0
89.2117,794,1049,2850,546,2018,87,274,12,12,13,0,0,0,0,0,0,2367,0,0,0,0,0,0,1005,-22352,985,0,985,2,991,6,25365,0
89.3050,794,1049,2850,641,2018,87,274,13,11,12,0,0,0,0,0,0,2386,0,0,0,0,0,0,1006,31760,985,0,985,2,991,6,-18862,0
89.3984,794,1049,2850,731,2018,87,274,12,12,13,0,0,0,0,0,0,2386,0,0,0,0,0,0,1006,6112,985,0,985,2,991,6,-7128,0
89.4914,794,1049,2850,826,2018,87,274,61,58,59,0,0,0,0,0,0,2386,0,0,0,0,0,0,1025,-2272,985,0,986,12,1011,34,29411,0
89.5843,794,1049,2850,921,2018,87,274,72,66,62,0,0,0,0,0,0,2411,0,0,0,0,0,0,1033,16476,985,0,984,14,1017,39,-18025,0
89.6771,794,1049,3106,11,2018,87,274,51,50,52,0,0,0,0,0,0,2373,0,0,0,0,0,0,1024,21584,985,0,985,10,1009,27,-13373,0
89.7696,794,1049,3106,106,2018,87,274,40,39,43,0,0,0,0,0,0,2373,0,0,0,286,219,0,1019,-14866,985,0,985,8,1004,21,-31661,0
89.8625,794,1049,3106,196,2018,87,274,31,33,32,62,0,0,0,0,0,2392,4,0,0,286,219,288,1015,-14500,985,0,985,6,1000,16,-7067,0
89.9557,794,1049,3106,291,2018,87,274,26,29,28,0,0,0,0,0,0,2373,0,0,0,0,0,0,1012,-6216,985,0,985,5,998,13,8937,0
90.0485,794,1049,3106,381,2018,87,274,20,23,24,0,0,0,0,0,0,2386,0,0,0,0,0,0,1010,14992,985,0,985,4,995,10,-3825,0
90.1412,794,1049,3106,476,2018,87,274,19,19,19,0,0,0,0,0,0,2380,0,0,0,0,0,0,1009,-27124,985,0,985,3,995,9,-17277,0
90.2349,794,1049,3106,566,2018,87,274,17,17,17,0,0,0,0,0,0,2386,0,0,0,0,0,0,1008,-27776,985,0,985,3,994,9,26890,0
90.3272,794,1049,3106,661,2018,87,274,16,15,16,0,0,0,0,0,0,2386,0,0,0,0,0,0,1008,-16960,985,0,985,2,993,8,-12013,0
90.4197,794,1049,3106,756,2018,87,274,15,14,14,0,0,0,0,0,0,2367,0,0,0,0,0,0,1008,6088,985,0,985,2,993,8,31283,0
90.5127,794,1049,3106,846,2018,87,274,15,14,14,0,0,0,0,0,0,2380,0,0,0,0,0,0,1008,6088,985,0,985,2,993,8,31283,0
90.6064,794,1049,3106,941,2018,87,274,14,14,14,0,0,0,0,0,0,2367,0,0,0,0,0,0,1007,-30284,985,0,985,2,992,7,888,0
90.6989,794,1049,3362,36,2018,87,274,14,13,14,0,0,0,0,0,0,2367,0,0,0,0,0,0,1006,7072,985,0,985,2,992,7,-15297,0
90.7919,794,1049,3362,121,2018,87,274,14,13,13,0,0,0,0,0,0,2380,0,0,0,0,0,0,1007,6448,985,0,985,2,992,7,14869,0
90.8852,794,1049,3362,216,2018,87,274,13,13,13,0,0,0,0,0,0,2342,0,0,0,0,0,0,1006,3072,985,0,985,2,991,6,5772,0
90.9781,794,1049,3362,311,2018,87,274,12,13,12,0,0,0,0,0,0,2380,0,0,0,0,0,0,1006,-4256,985,0,985,2,991,6,-400,0
91.0710,794,1049,3362,401,2018,87,274,12,12,12,0,0,0,0,0,0,2411,0,0,0,0,0,0,1006,17536,985,0,985,2,991,6,24943,0
91.1636,794,1049,3362,496,2018,87,274,13,12,13,0,0,0,0,0,0,2386,0,0,0,0,0,0,1006,30592,985,0,985,2,992,7,-1673,0
91.2561,794,1049,3362,586,2018,87,274,12,12,12,0,0,0,0,0,0,2386,0,0,0,0,0,0,1006,1744,985,0,985,2,992,6,-8270,0
91.3487,794,1049,3362,681,2018,87,274,11,12,13,0,0,0,0,0,0,2373,0,0,0,0,0,0,1006,-8880,985,0,985,2,991,6,11144,0
91.4415,794,1049,3362,771,2018,87,274,12,12,13,0,0,0,0,0,0,2373,0,0,0,0,0,0,1006,-16896,985,0,985,2,991,6,2754,0
91.5342,794,1049,3362,866,2018,87,274,11,12,14,0,0,0,0,0,0,2380,0,0,0,0,0,0,1005,21408,985,0,985,2,991,6,5591,0
91.6269,794,1049,3362,961,2018,87,274,12,13,12,0,0,0,0,0,0,2411,0,0,0,0,0,0,1005,-8768,985,0,985,2,991,6,-22191,0
91.7196,794,1049,3618,51,2018,87,274,12,12,13,0,0,0,0,0,0,2386,0,0,0,0,0,0,1005,13824,985,0,985,2,991,6,4078,0
91.8124,794,1049,3618,141,2018,87,274,13,13,13,0,0,0,0,0,0,2386,0,0,0,0,0,0,1006,7232,985,0,985,2,991,7,-5222,0
91.9053,794,1049,3618,231,2018,87,274,13,13,13,0,0,0,0,0,0,2386,0,0,0,0,0,0,1006,7232,985,0,985,2,991,7,-5222,0
91.9983,794,1049,3618,326,2018,87,274,13,12,13,0,0,0,0,0,0,2392,0,0,0,0,0,0,1006,29520,985,0,985,2,992,6,23619,0
92.0906,794,1049,3618,416,2018,87,274,12,13,14,0,0,0,0,0,0,2380,0,0,0,0,0,0,1006,10672,985,0,985,2,991,6,19080,0
92.1826,794,1049,3618,511,2018,87,274,11,12,14,0,0,0,0,0,0,2373,0,0,0,0,0,0,1006,16016,985,0,985,2,991,6,18205,0
92.2742,794,1049,3618,601,2018,87,274,12,12,12,0,0,0,0,0,0,2386,0,0,0,0,0,0,1006,-11816,985,0,985,2,991,6,-26062,0
92.3667,794,1049,3618,696,2018,87,274,11,12,13,0,0,0,0,0,0,2392,0,0,0,0,0,0,1006,-2272,985,0,985,2,991,6,-30524,0
92.4592,794,1049,3618,786,2018,87,274,12,13,14,0,0,0,0,0,0,2380,0,0,0,0,0,0,1006,7104,985,0,985,2,991,6,-2530,0
92.5519,794,1049,3618,881,2018,87,274,12,13,15,0,0,0,0,0,0,2380,0,0,0,0,0,0,1006,656,985,0,985,2,991,6,25525,0
92.6446,794,1049,3618,971,2018,87,274,12,13,14,0,0,0,0,0,0,2373,0,0,0,0,0,0,1006,29440,985,0,985,2,992,6,12114,0
92.7369,794,1049,3874,66,2018,87,274,50,52,53,0,0,0,0,0,0,2373,0,0,0,0,0,0,1023,-29056,985,0,985,10,1007,27,-26922,0
92.8303,794,1049,3874,156,2018,87,274,59,59,54,96,0,0,0,0,0,2386,5,0,0,293,207,291,1026,32732,985,0,986,13,1012,31,19753,0
92.9233,794,1049,3874,251,2018,86,273,44,52,48,101,0,0,0,0,0,2367,7,0,0,293,207,291,1020,-18107,985,0,985,9,1006,23,-27270,0
93.0160,794,1049,3874,341,2018,86,273,35,40,38,79,0,0,0,0,0,2386,6,0,0,293,207,291,1016,24588,985,0,985,7,1001,18,18755,0
93.1092,794,1049,3874,436,2018,86,273,26,33,32,58,0,0,0,0,0,2386,4,0,0,293,207,291,1012,12084,985,0,985,5,997,13,-7288,0
93.2016,794,1049,3874,531,2018,86,273,22,27,26,0,0,0,0,0,0,2367,0,0,0,0,0,0,1010,17985,985,0,985,4,995,11,-12514,0
93.2940,794,1049,3874,621,2018,86,273,18,24,20,0,0,0,0,0,0,2373,0,0,0,0,0,0,1008,-6448,985,0,985,3,994,9,30516,0
93.3862,794,1049,3874,716,2018,86,273,17,19,18,0,0,0,0,0,0,2380,0,0,0,0,0,0,1008,-7448,985,0,985,3,994,8,-11183,0
93.4790,794,1049,3874,806,2018,86,273,17,19,18,0,0,0,0,0,0,2380,0,0,0,0,0,0,1008,-7448,985,0,985,3,994,8,-11183,0
93.5718,794,1049,3874,901,2018,86,273,15,16,16,0,0,0,0,0,0,2373,0,0,0,0,0,0,1007,-8,985,0,985,3,992,7,-9247,0
93.6647,794,1049,3874,991,2018,86,273,14,15,15,0,0,0,0,0,0,2392,0,0,0,0,0,0,1006,-10384,985,0,985,2,992,7,-19089,0
93.7572,794,1049,4130,86,2018,86,273,14,14,14,0,0,0,0,0,0,2373,0,0,0,0,0,0,1006,19152,985,0,985,2,991,7,-21206,0
93.8495,794,1049,4130,171,2018,86,273,13,15,14,0,0,0,0,0,0,2386,0,0,0,0,0,0,1006,-29824,985,0,985,2,991,6,-2617,0
93.9421,794,1049,4130,266,2018,86,273,12,13,15,0,0,0,0,0,0,2380,0,0,0,0,0,0,1005,5168,985,0,985,2,991,6,29810,0
94.0334,794,1049,4130,356,2018,86,273,13,13,14,0,0,0,0,0,0,2367,0,0,0,0,0,0,1006,-1344,985,0,985,2,992,6,13408,0
94.1283,794,1049,4130,451,2018,86,273,13,13,13,0,0,0,0,0,0,2386,0,0,0,0,0,0,1006,28256,985,0,985,2,991,6,-4987,0
94.2211,794,1049,4130,546,2018,86,273,13,12,13,0,0,0,0,0,0,2380,0,0,0,0,0,0,1006,29136,985,0,985,2,992,7,-24457,0
94.3147,794,1049,4130,636,2018,86,273,13,12,14,0,0,0,0,0,0,2386,0,0,0,0,0,0,1006,-31936,985,0,985,2,992,6,-19990,0
94.4094,794,1049,4130,731,2018,86,273,12,13,13,0,0,0,0,0,0,2386,0,0,0,0,0,0,1006,25440,985,0,985,2,991,6,-19943,0
94.5024,794,1049,4130,826,2018,86,273,12,13,14,0,0,0,0,0,0,2380,0,0,0,0,0,0,1006,11632,985,0,985,2,992,6,21880,0
94.5956,794,1049,4130,921,2018,86,273,12,13,13,0,0,0,0,0,0,2373,0,0,0,0,0,0,1006,-896,985,0,985,2,991,6,-21727,0
94.6890,794,1049,4386,11,2018,86,273,11,14,14,0,0,0,0,0,0,2392,0,0,0,0,0,0,1005,-31872,985,0,985,2,991,6,-5680,0
94.7821,794,1049,4386,106,2018,86,273,12,13,14,0,0,0,0,0,0,2373,0,0,0,0,0,0,1006,-17048,985,0,985,2,991,6,-22235,0
94.8747,794,1049,4386,196,2018,86,273,12,13,13,0,0,0,0,0,0,2373,0,0,0,0,0,0,1006,12654,985,0,985,2,991,6,15188,0
94.9674,794,1049,4386,286,2018,86,273,12,13,13,0,0,0,0,0,0,2380,0,0,0,0,0,0,1006,12654,985,0,985,2,991,6,15188,0
95.0605,794,1049,4386,381,2018,86,273,11,13,13,0,0,0,0,0,0,2386,0,0,0,0,0,0,1005,22512,985,0,985,2,991,6,11659,0
95.1517,794,1049,4386,476,2018,86,273,12,12,13,0,0,0,0,0,0,2367,0,0,0,0,0,0,1005,10112,985,0,985,2,991,6,22872,0
95.2434,794,1049,4386,566,2018,86,273,12,12,13,0,0,0,0,0,0,2386,0,0,0,0,0,0,1005,16576,985,0,985,2,991,6,-9936,0
95.3366,794,1049,4386,656,2018,86,273,12,12,13,0,0,0,0,0,0,2367,0,0,0,0,0,0,1005,21280,985,0,985,2,991,6,26085,0
95.4297,794,1049,4386,751,2018,86,273,12,12,13,0,0,0,0,0,0,2386,0,0,0,0,0,0,1006,-27232,985,0,985,2,991,6,31961,0
95.5226,794,1049,4386,841,2018,86,273,12,12,12,0,0,0,0,0,0,2386,0,0,0,0,0,0,1006,25628,985,0,985,2,991,6,856,0
95.6157,794,1049,4386,936,2018,86,273,11,12,12,0,0,0,0,0,0,2373,0,0,0,0,0,0,1006,29376,985,0,985,2,991,6,-9421,0
95.7087,794,1049,4642,31,2018,86,273,27,17,23,0,0,0,0,0,0,2411,0,0,0,0,0,0,1007,-31008,985,0,984,4,991,20,-27892,0
95.8020,794,1049,4642,121,2018,86,273,44,49,49,0,0,0,0,0,0,2392,0,0,0,0,0,0,1018,-7706,985,0,985,9,1003,26,18803,0
95.8952,794,1049,4642,216,2018,86,273,45,51,48,102,0,0,0,0,0,2367,7,0,0,204,207,291,1022,26036,985,0,986,9,1008,26,-20448,0
95.9876,794,1049,4642,306,2018,86,273,35,40,40,54,0,0,0,0,0,2367,2,0,0,204,207,291,1017,18474,985,0,986,7,1003,19,-25714,0
96.0792,794,1049,4642,401,2018,86,273,29,32,34,44,0,0,0,0,0,2386,2,0,0,204,207,291,1014,1090,985,0,985,5,999,16,-21360,0
96.1718,794,1049,4642,491,2018,86,273,21,24,26,0,0,0,0,0,0,2386,0,0,0,0,0,0,1010,-16304,985,0,985,4,995,11,-31637,0
96.2649,794,1049,4642,586,2018,86,273,18,23,22,0,0,0,0,0,0,2373,0,0,0,0,0,0,1009,20694,985,0,985,3,995,9,61,0
96.3577,794,1049,4642,676,2018,86,273,16,19,18,0,0,0,0,0,0,2373,0,0,0,0,0,0,1008,21268,985,0,985,3,993,8,24958,0
96.4502,794,1049,4642,771,2018,86,273,16,19,18,0,0,0,0,0,0,2373,0,0,0,0,0,0,1008,21268,985,0,985,3,993,8,24958,0
96.5426,794,1049,4642,861,2018,86,273,14,16,15,0,0,0,0,0,0,2392,0,0,0,0,0,0,1007,3024,985,0,985,2,993,7,-28364,0
96.6356,794,1049,4642,956,2018,86,273,13,14,13,0,0,0,0,0,0,2380,0,0,0,0,0,0,1006,23817,985,0,985,2,992,6,22728,0
96.7280,794,1049,4898,51,2018,86,273,13,13,14,0,0,0,0,0,0,2392,0,0,0,0,0,0,1006,-13886,985,0,985,2,992,6,-20760,0
96.8205,794,1049,4898,141,2018,86,273,12,12,14,0,0,0,0,0,0,2367,0,0,0,0,0,0,1006,8664,985,0,985,2,992,6,-24255,0
96.9124,794,1049,4898,231,2018,86,273,12,12,14,0,0,0,0,0,0,2373,0,0,0,0,0,0,1006,-15728,985,0,985,2,991,6,22276,0
97.0053,794,1049,4898,321,2018,86,273,12,12,14,0,0,0,0,0,0,2367,0,0,0,0,0,0,1006,13584,985,0,985,2,991,6,2611,0
97.0990,794,1049,4898,416,2018,86,273,12,13,13,0,0,0,0,0,0,2380,0,0,0,0,0,0,1006,12304,985,0,985,2,991,6,-28791,0
97.1915,794,1049,4898,506,2018,86,273,12,13,13,0,0,0,0,0,0,2386,0,0,0,0,0,0,1005,30560,985,0,985,2,991,6,15107,0
97.2837,794,1049,4898,601,2018,86,273,11,14,13,0,0,0,0,0,0,2380,0,0,0,0,0,0,1005,9984,985,0,985,2,991,6,-4994,0
97.3757,794,1049,4898,691,2018,86,273,11,13,12,0,0,0,0,0,0,2392,0,0,0,0,0,0,1005,-17488,985,0,985,2,991,6,31667,0
97.4672,794,1049,4898,786,2018,86,273,11,12,13,0,0,0,0,0,0,2386,0,0,0,0,0,0,1005,-2128,985,0,985,2,991,5,-31307,0
97.5602,794,1049,4898,876,2018,86,273,12,12,13,0,0,0,0,0,0,2392,0,0,0,0,0,0,1005,9072,985,0,985,2,990,7,-28149,0
97.6531,794,1049,4898,971,2018,86,273,13,13,12,0,0,0,0,0,0,2380,0,0,0,0,0,0,1005,4536,985,0,985,2,991,7,10400,0
97.7455,794,1049,5154,61,2018,86,273,13,13,12,0,0,0,0,0,0,2392,0,0,0,0,0,0,1005,4536,985,0,985,2,991,7,10400,0
97.8381,794,1049,5154,156,2018,86,273,13,13,12,0,0,0,0,0,0,2392,0,0,0,0,0,0,1006,3040,985,0,985,2,992,7,-17435,0
97.9307,794,1049,5154,241,2018,86,273,12,12,13,0,0,0,0,0,0,2380,0,0,0,0,0,0,1006,19248,985,0,985,2,991,6,2087,0
98.0224,794,1049,5154,336,2018,86,273,12,12,12,0,0,0,0,0,0,2361,0,0,0,0,0,0,1005,-672,985,0,985,2,991,6,1111,0
98.1142,794,1049,5154,426,2018,86,273,11,12,12,0,0,0,0,0,0,2373,0,0,0,0,0,0,1005,4352,985,0,985,2,991,6,15258,0
98.2067,794,1049,5154,521,2018,86,273,12,13,12,0,0,0,0,0,0,2386,0,0,0,0,0,0,1005,2176,985,0,985,2,991,6,26684,0
98.2992,794,1049,5154,611,2018,86,273,12,14,12,0,0,0,0,0,0,2380,0,0,0,0,0,0,1005,32416,985,0,985,2,991,6,14161,0
98.3923,794,1049,5154,706,2018,86,273,11,14,13,0,0,0,0,0,0,2373,0,0,0,0,0,0,1006,9440,985,0,985,2,991,6,-12914,0
98.4854,794,1049,5154,796,2018,86,273,12,13,12,0,0,0,0,0,0,2373,0,0,0,0,0,0,1006,-11328,985,0,985,2,991,6,-393,0
98.5788,794,1049,5154,891,2018,86,273,12,14,12,0,0,0,0,0,0,2373,0,0,0,0,0,0,1005,-21120,985,0,985,2,991,6,4961,0
98.6714,794,1049,5154,986,2018,86,273,12,13,12,0,0,0,0,0,0,2380,0,0,0,0,0,0,1005,-28464,985,0,985,2,991,6,-32330,0
98.7634,794,1049,5410,76,2018,86,273,37,40,42,0,0,0,0,0,0,2392,0,0,0,0,0,0,1017,-23016,985,0,985,7,1002,20,-16025,0
98.8554,794,1049,5410,171,2018,86,273,45,49,43,0,0,0,0,0,0,2367,0,0,0,0,0,0,1021,-25660,985,0,985,9,1006,23,22937,0
98.9477,794,1049,5410,261,2018,86,273,35,46,41,73,0,0,0,0,0,2386,5,0,0,286,214,288,1018,21484,985,0,985,7,1003,18,-5038,0
99.0405,794,1049,5410,351,2018,86,272,31,35,32,65,0,0,0,0,0,2411,4,0,0,286,214,288,1016,11905,985,0,985,6,1001,16,-15252,0
99.1329,794,1049,5410,446,2018,86,272,23,28,28,0,0,0,0,0,0,2392,0,0,0,0,0,0,1011,25514,985,0,985,4,997,11,30552,0
99.2252,794,1049,5410,536,2018,86,272,19,23,23,0,0,0,0,0,0,2380,0,0,0,0,0,0,1009,28380,985,0,985,3,995,9,24613,0
99.3176,794,1049,5410,631,2018,86,272,19,23,23,0,0,0,0,0,0,2361,0,0,0,0,0,0,1009,28380,985,0,985,3,995,9,24613,0
99.4089,794,1049,5410,721,2018,86,272,16,22,20,0,0,0,0,0,0,2380,0,0,0,0,0,0,1008,-5552,985,0,985,3,993,8,-29996,0
99.5003,794,1049,5410,816,2018,86,272,16,18,18,0,0,0,0,0,0,2367,0,0,0,0,0,0,1008,-3368,985,0,985,3,993,8,29164,0
99.5927,794,1049,5410,906,2018,86,272,15,16,16,0,0,0,0,0,0,2392,0,0,0,0,0,0,1007,24416,985,0,985,2,993,7,11388,0
99.6853,794,1049,5410,996,2018,86,272,14,14,14,0,0,0,0,0,0,2380,0,0,0,0,0,0,1006,16734,985,0,985,2,992,7,-24167,0
99.7778,794,1049,5666,91,2018,86,272,13,14,14,0,0,0,0,0,0,2405,0,0,0,0,0,0,1006,-8224,985,0,985,2,992,7,-7578,0
99.8708,794,1049,5666,181,2018,86,272,12,13,13,0,0,0,0,0,0,2354,0,0,0,0,0,0,1006,-27248,985,0,985,2,992,6,2885,0
99.9637,794,1049,5666,271,2018,86,272,12,13,12,0,0,0,0,0,0,2392,0,0,0,0,0,0,1006,11008,985,0,985,2,992,6,-24749,0
100.0566,794,1049,5666,366,2018,86,272,12,14,13,0,0,0,0,0,0,2380,0,0,0,0,0,0,1006,32704,985,0,985,2,991,6,28076,0
100.1493,794,1049,5666,461,2018,86,272,12,13,12,0,0,0,0,0,0,2373,0,0,0,0,0,0,1006,7184,985,0,985,2,991,6,32341,0
100.2416,794,1049,5666,551,2018,86,272,12,13,13,0,0,0,0,0,0,2386,0,0,0,0,0,0,1006,-5248,985,0,985,2,991,6,-27455,0
100.3339,794,1049,5666,646,2018,86,272,13,12,13,0,0,0,0,0,0,2392,0,0,0,0,0,0,1006,-4848,985,0,985,2,992,7,6005,0
100.4265,794,1049,5666,736,2018,86,272,13,12,12,0,0,0,0,0,0,2392,0,0,0,0,0,0,1006,-10560,985,0,985,2,992,7,5345,0
100.5189,794,1049,5666,831,2018,86,272,13,13,11,0,0,0,0,0,0,2392,0,0,0,0,0,0,1006,23024,985,0,985,2,992,6,2505,0
100.6114,794,1049,5666,921,2018,86,272,13,14,12,0,0,0,0,0,0,2392,0,0,0,0,0,0,1007,3056,985,0,985,2,992,7,25493,0
100.7039,794,1049,5922,16,2018,86,272,13,14,12,0,0,0,0,0,0,2380,0,0,0,0,0,0,1007,3056,985,0,985,2,992,7,25493,0
100.7965,794,1049,5922,106,2018,86,272,12,13,12,0,0,0,0,0,0,2392,0,0,0,0,0,0,1006,27152,985,0,985,2,991,6,8562,0
100.8896,794,1049,5922,201,2018,86,272,12,12,13,0,0,0,0,0,0,2367,0,0,0,0,0,0,1006,15616,985,0,985,2,991,6,1063,0
100.9824,794,1049,5922,286,2018,86,272,12,12,13,0,0,0,0,0,0,2361,0,0,0,0,0,0,1006,26032,985,0,985,2,991,6,21872,0
101.0747,794,1049,5922,381,2018,86,272,13,13,13,0,0,0,0,0,0,2373,0,0,0,0,0,0,1006,2456,985,0,985,2,992,6,-15855,0
101.1668,794,1049,5922,471,2018,86,272,12,13,13,0,0,0,0,0,0,2380,0,0,0,0,0,0,1006,22656,985,0,985,2,991,6,-29395,0
101.2581,794,1049,5922,566,2018,86,272,12,13,13,0,0,0,0,0,0,2373,0,0,0,0,0,0,1006,19600,985,0,985,2,991,6,7381,0
101.3524,794,1049,5922,656,2018,86,272,12,12,13,0,0,0,0,0,0,2386,0,0,0,0,0,0,1005,20192,985,0,985,2,991,6,13475,0
101.4442,794,1049,5922,751,2018,86,272,11,13,13,0,0,0,0,0,0,2367,0,0,0,0,0,0,1005,23200,985,0,985,2,991,6,23121,0
101.5370,794,1049,5922,841,2018,86,272,12,12,13,0,0,0,0,0,0,2373,0,0,0,0,0,0,1006,-6608,985,0,985,2,991,6,26261,0
101.6283,794,1049,5922,936,2018,86,272,12,13,12,0,0,0,0,0,0,2367,0,0,0,0,0,0,1006,-18464,985,0,985,2,992,6,19023,0
101.7193,794,1049,6178,26,2018,86,272,12,12,13,0,0,0,0,0,0,2386,0,0,0,0,0,0,1006,8968,985,0,985,2,991,6,-12911,0
101.8136,794,1049,6178,116,2018,86,272,11,13,13,0,0,0,0,0,0,2380,0,0,0,0,0,0,1005,28532,985,0,985,2,991,6,-12314,0
101.9079,794,1049,6178,211,2018,86,272,12,13,12,0,0,0,0,0,0,2392,0,0,0,0,0,0,1006,-32440,985,0,985,2,991,6,-17097,0
102.0020,794,1049,6178,301,2018,86,272,12,13,12,0,0,0,0,0,0,2373,0,0,0,0,0,0,1006,-32440,985,0,985,2,991,6,-17097,0
102.0962,794,1049,6178,396,2018,86,272,12,13,13,0,0,0,0,0,0,2392,0,0,0,0,0,0,1006,5648,985,0,985,2,991,6,26047,0
102.1917,794,1049,6178,491,2018,86,272,12,13,13,0,0,0,0,0,0,2386,0,0,0,0,0,0,1006,11104,985,0,985,2,991,6,13495,0
102.2841,794,1049,6178,586,2018,86,272,12,12,13,0,0,0,0,0,0,2392,0,0,0,0,0,0,1006,16408,985,0,985,2,991,6,-16460,0
102.3793,794,1049,6178,681,2018,86,272,11,15,12,0,0,0,0,0,0,2373,0,0,0,0,0,0,1005,11184,985,0,985,2,991,5,-8332,0
102.4713,794,1049,6178,776,2018,86,272,12,13,12,0,0,0,0,0,0,2367,0,0,0,0,0,0,1006,9592,985,0,985,2,991,6,-15198,0
102.5640,794,1049,6178,866,2018,86,272,13,12,14,0,0,0,0,0,0,2392,0,0,0,0,0,0,1007,16288,985,0,985,2,992,7,15320,0
102.6574,794,1049,6178,961,2018,86,272,13,13,13,0,0,0,0,0,0,2380,0,0,0,0,0,0,1006,-22841,985,0,985,2,992,7,29451,0
102.7500,794,1049,6434,51,2018,86,272,13,13,12,0,0,0,0,0,0,2386,0,0,0,0,0,0,1006,18112,985,0,985,2,992,6,26165,0
102.8422,794,1049,6434,146,2018,86,272,12,12,13,0,0,0,0,0,0,2392,0,0,0,0,0,0,1006,-4048,985,0,985,2,992,6,21274,0
102.9345,794,1049,6434,236,2018,86,272,12,14,12,0,0,0,0,0,0,2373,0,0,0,0,0,0,1007,-11088,985,0,985,2,992,7,14779,0
103.0270,794,1049,6434,326,2018,86,272,24,17,19,0,0,0,0,0,0,2367,0,0,0,0,0,0,1007,28700,985,0,984,4,992,17,17042,0
103.1199,794,1049,6434,416,2018,86,272,36,40,40,0,0,0,0,0,0,2386,0,0,0,0,0,0,1016,-21864,985,0,985,7,1001,21,9491,0
103.2125,794,1049,6434,511,2018,86,272,39,42,40,0,0,0,0,0,0,2392,0,0,0,0,0,0,1019,26857,985,0,986,7,1005,21,-29844,0
103.3053,794,1049,6434,606,2018,86,272,38,37,40,0,0,0,0,0,0,2373,0,0,0,0,0,0,1019,8572,985,0,986,8,1006,21,14721,0
103.3979,794,1049,6434,696,2018,86,272,38,47,42,0,0,0,0,0,0,2380,0,0,0,0,0,0,1019,-24500,985,0,985,8,1005,20,5540,0
103.4899,794,1049,6434,791,2018,86,272,38,47,42,0,0,0,0,0,0,2380,0,0,0,0,0,0,1019,-24500,985,0,985,8,1005,20,5540,0
103.5820,794,1049,6434,881,2018,86,272,31,42,36,0,0,0,0,0,0,2386,0,0,0,0,0,0,1015,857,985,0,985,6,1000,16,29906,0
103.6745,794,1049,6434,971,2018,86,272,37,43,45,0,0,0,0,0,0,2386,0,0,0,0,0,0,1019,-17874,985,0,985,7,1004,19,14788,0
103.7669,794,1049,6690,66,2018,86,272,40,45,42,0,0,0,0,0,0,2373,0,0,0,0,0,0,1020,8175,985,0,985,8,1005,20,7101,0
103.8592,794,1049,6690,156,2018,86,272,39,40,38,0,0,0,0,0,0,2392,0,0,0,0,0,0,1017,-14914,985,0,984,7,1002,22,11402,0
103.9524,794,1049,6690,251,2018,86,272,43,49,47,0,0,0,0,0,0,2373,0,0,0,0,0,0,1021,6426,985,0,985,9,1007,24,6937,0
104.0454,794,1049,6690,346,2018,86,272,41,42,41,91,0,0,0,0,0,2361,6,0,0,288,214,288,1021,8204,985,0,986,8,1007,22,7029,0
104.1365,794,1049,6690,436,2018,86,272,50,55,51,112,0,0,0,0,0,2380,8,0,0,288,214,288,1026,27,985,0,986,11,1012,26,3033,0
104.2311,794,1049,6690,526,2018,86,272,47,52,44,108,0,0,0,0,0,2392,8,0,0,288,214,288,1024,-31134,985,0,985,10,1009,24,-2448,0
104.3241,794,1049,6690,621,2018,86,272,34,45,40,78,0,0,0,0,0,2361,5,0,0,288,214,288,1018,-2548,985,0,985,7,1003,18,5184,0
104.4157,794,1049,6690,716,2018,86,272,44,57,53,110,0,0,0,0,0,2405,8,0,0,288,214,288,1021,17106,985,0,987,10,1008,23,1892,0
104.5101,794,1049,6690,806,2018,86,272,49,63,50,114,0,0,0,0,0,2373,8,0,0,288,214,288,1022,13687,985,0,985,11,1007,26,713,0
104.6045,794,1049,6690,901,2018,86,272,61,50,53,96,0,0,0,0,0,2367,5,0,0,288,214,288,1028,-25940,985,0,986,12,1015,31,651,0
104.6987,794,1049,6690,996,2018,86,272,53,59,61,91,0,0,0,0,0,2380,5,0,0,288,214,288,1025,19713,985,0,985,12,1010,27,778,0
104.7931,794,1049,6946,91,2018,86,272,46,51,51,101,0,0,0,0,0,2392,7,0,0,288,214,288,1023,-16359,985,0,985,10,1008,24,-243,0
104.8876,794,1049,6946,186,2018,86,272,56,47,56,83,0,0,0,0,0,2405,4,0,0,288,214,288,1024,9014,985,0,985,11,1009,32,-1354,0
104.9818,794,1049,6946,281,2018,86,272,57,63,62,125,0,0,0,0,0,2392,9,0,0,288,214,288,1023,8034,985,0,984,12,1008,33,-309,0
105.0760,794,1049,6946,371,2018,86,272,53,63,60,126,0,0,0,0,0,2411,9,0,0,278,202,278,1025,-4211,985,0,986,11,1011,30,1239,0
