t_seconds,0x0000,0x0001,0x0002,0x0003,0x0004,0x0005,0x0006,0x0007,0x0008,0x0009,0x000A,0x000B,0x000C,0x000D,0x000E,0x000F,0x0010,0x0011,0x0012,0x0013,0x0014,0x0015,0x0016,0x0017,0x0018,0x0019,0x001A,0x001B,0x001C,0x001D,0x001E,0x001F,0x0020,0x0021,0x0022,0x0023,0x0024,0x0025,0x0026,0x0027,0x0028,0x0029,0x002A,0x002B,0x002C,0x002D,0x002E,0x002F,0x0030,0x0031,0x0032,0x0033,0x0034,0x0035,0x0036,0x0037,0x0038,0x0039,0x003A,0x003B,0x003C,0x003D,0x003E,0x003F,0x0040,0x0041,0x0042,0x0043,0x0044,0x0045,0x0046,0x0047,0x0048,0x0049,0x004A,0x004B,0x004C,0x004D,0x004E,0x004F,0x0050,0x0051,0x0052,0x0053,0x0054,0x0055,0x0056,0x0057,0x0058,0x0059,0x005A,0x005B,0x005C,0x005D,0x005E,0x005F,0x0060,0x0061,0x0062,0x0063,0x0064,0x0065,0x0066,0x0067,0x0068,0x0069,0x006A,0x006B,0x006C,0x006D,0x006E,0x006F,0x0070,0x0071,0x0072,0x0073,0x0074,0x0075,0x0076,0x0077,0x0078,0x0079,0x007A,0x007B,0x007C
0.2857,0,0,14371,6,2,4,0,2,100,0,0,0,0,0,0,0,0,0,0,0,0,0,0,0,0,0,80,0,0,0,0,0,0,0,0,0,0,0,0,255,0,7,50,1,0,1,-32490,-30216,794,1049,4901,556,28,40,2034,14,13,18,0,0,0,0,0,0,2367,0,0,0,0,0,0,1530,3440,13,0,13,148,20,582,21,0,0,0,1354,3062,19,0,20,0,27,362,0,0,0,0,1008,0,993,0,993,0,1002,9,0,0,0,0,0,0,0,0,0,0,0,0,0,0,0,0,0,0,0,0,0,0
0.5726,0,0,14371,6,2,4,0,2,100,0,0,0,0,0,0,0,0,0,0,0,0,0,0,0,0,0,80,0,0,0,0,0,0,0,0,0,0,0,0,255,0,7,50,1,0,1,-32490,-30216,794,1049,4901,841,28,40,2034,12,13,14,0,0,0,0,0,0,2373,0,0,0,0,0,0,1430,2886,13,0,13,147,19,472,26,0,0,0,1348,3091,19,0,19,0,26,356,0,0,0,0,1007,0,993,0,993,0,1000,7,0,0,0,0,0,0,0,0,0,0,0,0,0,0,0,0,0,0,0,0,0,0
0.8590,0,0,14371,6,2,4,0,2,100,0,0,0,0,0,0,0,0,0,0,0,0,0,0,0,0,0,80,0,0,0,0,0,0,0,0,0,0,0,0,255,0,7,50,1,0,1,-32490,-30216,794,1049,5157,126,28,40,2034,14,15,15,0,0,0,0,0,0,2354,0,0,0,0,0,0,1534,3108,13,0,13,156,20,560,-15,0,0,0,1368,3163,19,0,19,0,27,384,0,0,0,0,1007,0,993,0,993,0,1000,7,0,0,0,0,0,0,0,0,0,0,0,0,0,0,0,0,0,0,0,0,0,0
1.1428,0,0,14371,6,2,4,0,2,100,0,0,0,0,0,0,0,0,0,0,0,0,0,0,0,0,0,80,0,0,0,0,0,0,0,0,0,0,0,0,255,0,7,50,1,0,1,-32490,-30216,794,1049,5157,411,28,40,2034,14,12,15,0,0,0,0,0,0,2373,0,0,0,0,0,0,1543,3342,13,0,13,151,21,561,-48,0,0,0,1300,2964,19,0,20,0,26,318,0,0,0,0,1007,0,993,0,993,0,1000,8,0,0,0,0,0,0,0,0,0,0,0,0,0,0,0,0,0,0,0,0,0,0
1.4287,0,0,14371,6,2,4,0,2,100,0,0,0,0,0,0,0,0,0,0,0,0,0,0,0,0,0,80,0,0,0,0,0,0,0,0,0,0,0,0,255,0,7,50,1,0,1,-32490,-30216,794,1049,5157,696,28,40,2034,13,14,16,0,0,0,0,0,0,2354,0,0,0,0,0,0,1542,2986,13,0,13,148,20,559,-150,0,0,0,1306,3038,19,0,20,0,26,376,0,0,0,0,1008,0,993,0,993,0,1001,8,0,0,0,0,0,0,0,0,0,0,0,0,0,0,0,0,0,0,0,0,0,0
1.7133,0,0,14371,6,2,4,0,2,100,0,0,0,0,0,0,0,0,0,0,0,0,0,0,0,0,0,80,0,0,0,0,0,0,0,0,0,0,0,0,255,0,7,50,1,0,1,-32490,-30216,794,1049,5157,981,28,40,2034,14,16,14,0,0,0,0,0,0,2367,0,0,0,0,0,0,1502,3014,13,0,13,166,20,610,-89,0,0,0,1358,2711,19,0,19,0,26,450,0,0,0,0,1007,0,993,0,993,0,1000,7,0,0,0,0,0,0,0,0,0,0,0,0,0,0,0,0,0,0,0,0,0,0
1.9991,0,0,14371,6,2,4,0,2,100,0,0,0,0,0,0,0,0,0,0,0,0,0,0,0,0,0,80,0,0,0,0,0,0,0,0,0,0,0,0,255,0,7,50,1,0,1,-32490,-30216,794,1049,5413,266,28,40,2034,13,12,13,0,0,0,0,0,0,2354,0,0,0,0,0,0,1484,2973,13,0,13,149,20,518,-14,0,0,0,1293,2895,19,0,19,0,25,333,0,0,0,0,1006,0,993,0,993,0,999,7,0,0,0,0,0,0,0,0,0,0,0,0,0,0,0,0,0,0,0,0,0,0
2.2841,0,0,14371,6,2,4,0,2,100,0,0,0,0,0,0,0,0,0,0,0,0,0,0,0,0,0,80,0,0,0,0,0,0,0,0,0,0,0,0,255,0,7,50,1,0,1,-32490,-30216,794,1049,5413,551,28,40,2034,15,12,16,0,0,0,0,0,0,2373,0,0,0,0,0,0,1515,3279,13,0,13,154,20,607,-48,0,0,0,1301,2825,19,0,19,0,25,317,0,0,0,0,1007,0,993,0,993,0,1001,8,0,0,0,0,0,0,0,0,0,0,0,0,0,0,0,0,0,0,0,0,0,0
2.5695,0,0,14371,6,2,4,0,2,100,0,0,0,0,0,0,0,0,0,0,0,0,0,0,0,0,0,80,0,0,0,0,0,0,0,0,0,0,0,0,255,0,7,50,1,0,1,-32490,-30216,794,1049,5413,836,28,40,2034,13,13,14,0,0,0,0,0,0,2367,0,0,0,0,0,0,1430,2905,13,0,13,150,19,496,-59,0,0,0,1326,2983,19,0,20,0,27,355,0,0,0,0,1007,0,993,0,993,0,1000,7,0,0,0,0,0,0,0,0,0,0,0,0,0,0,0,0,0,0,0,0,0,0
2.8551,0,0,14371,6,2,4,0,2,100,0,0,0,0,0,0,0,0,0,0,0,0,0,0,0,0,0,80,0,0,0,0,0,0,0,0,0,0,0,0,255,0,7,50,1,0,1,-32490,-30216,794,1049,5669,116,27,40,2034,13,14,14,0,0,0,0,0,0,2354,0,0,0,0,0,0,1502,2996,13,0,13,151,20,531,-45,0,0,0,1351,3138,19,0,20,0,27,364,0,0,0,0,1006,0,993,0,993,0,999,8,0,0,0,0,0,0,0,0,0,0,0,0,0,0,0,0,0,0,0,0,0,0
3.1421,0,0,14371,6,2,4,0,2,100,0,0,0,0,0,0,0,0,0,0,0,0,0,0,0,0,0,80,0,0,0,0,0,0,0,0,0,0,0,0,255,0,7,50,1,0,1,-32490,-30216,794,1049,5669,401,27,40,2034,18,16,30,0,0,0,0,0,0,2367,0,0,0,0,0,0,1648,2823,13,0,13,221,22,692,-60,0,0,0,1369,2718,19,0,20,0,27,410,0,0,0,0,1014,0,993,0,993,0,1008,15,0,0,0,0,0,0,0,0,0,0,0,0,0,0,0,0,0,0,0,0,0,0
3.4260,0,0,14371,6,2,4,0,2,100,0,0,0,0,0,0,0,0,0,0,0,0,0,0,0,0,0,80,0,0,0,0,0,0,0,0,0,0,0,0,255,0,7,50,1,0,1,-32490,-30216,794,1049,5669,691,28,40,2034,18,16,29,0,0,0,0,0,0,2342,0,0,0,0,0,0,1623,2667,13,0,14,235,23,687,-48,0,0,0,1394,2440,19,0,21,0,29,413,0,0,0,0,1013,0,993,0,993,0,1007,15,0,0,0,0,0,0,0,0,0,0,0,0,0,0,0,0,0,0,0,0,0,0
3.7098,0,0,14371,6,2,4,0,2,100,0,0,0,0,0,0,0,0,0,0,0,0,0,0,0,0,0,80,0,0,0,0,0,0,0,0,0,0,0,0,255,0,7,50,1,0,1,-32490,-30216,794,1049,5669,971,27,40,2034,15,14,21,0,0,0,0,0,0,2392,0,0,0,0,0,0,1504,2872,13,0,13,186,20,577,-1,0,0,0,1332,2918,19,0,20,0,27,393,0,0,0,0,1009,0,993,0,993,0,1002,11,0,0,0,0,0,0,0,0,0,0,0,0,0,0,0,0,0,0,0,0,0,0
3.9954,0,0,14371,6,2,4,0,2,100,0,0,0,0,0,0,0,0,0,0,0,0,0,0,0,0,0,80,0,0,0,0,0,0,0,0,0,0,0,0,255,0,7,50,1,0,1,-32490,-30216,794,1049,5925,251,27,40,2034,24,14,65,0,0,0,0,0,0,2367,0,0,0,0,0,0,1735,5374,13,0,14,254,24,996,421,0,0,0,1334,2895,19,0,20,0,27,371,0,0,0,0,1026,0,993,0,993,0,1020,40,0,0,0,0,0,0,0,0,0,0,0,0,0,0,0,0,0,0,0,0,0,0
4.2806,0,0,14371,6,2,4,0,2,100,0,0,0,0,0,0,0,0,0,0,0,0,0,0,0,0,0,80,0,0,0,0,0,0,0,0,0,0,0,0,255,0,7,50,1,0,1,-32490,-30216,794,1049,5925,536,27,40,2034,15,13,23,0,0,0,0,0,0,2367,0,0,0,0,0,0,1509,3383,13,0,13,175,20,610,62,0,0,0,1316,2590,19,0,20,0,26,348,0,0,0,0,1010,0,993,0,993,0,1003,13,0,0,0,0,0,0,0,0,0,0,0,0,0,0,0,0,0,0,0,0,0,0
4.5659,0,0,14371,6,2,4,0,2,100,0,0,0,0,0,0,0,0,0,0,0,0,0,0,0,0,0,80,0,0,0,0,0,0,0,0,0,0,0,0,255,0,7,50,1,0,1,-32490,-30216,794,1049,5925,821,27,40,2034,15,15,30,0,0,0,0,0,0,2342,0,0,0,0,0,0,1515,3017,13,0,13,175,21,566,-98,0,0,0,1361,3059,19,0,20,0,27,401,0,0,0,0,1013,0,993,0,993,0,1007,15,0,0,0,0,0,0,0,0,0,0,0,0,0,0,0,0,0,0,0,0,0,0
4.8501,0,0,14371,6,2,4,0,2,100,0,0,0,0,0,0,0,0,0,0,0,0,0,0,0,0,0,80,0,0,0,0,0,0,0,0,0,0,0,0,255,0,7,50,1,0,1,-32490,-30216,794,1049,6181,106,27,40,2034,19,15,44,300,0,0,0,0,0,2361,215,0,0,0,0,22,1660,3148,13,0,13,223,22,816,25,0,0,0,1370,3067,19,0,20,0,27,420,0,0,0,0,1021,0,993,0,993,0,1014,22,0,0,0,0,0,0,0,0,0,0,0,0,0,0,0,0,0,0,0,0,0,0
5.1374,0,0,14371,6,2,4,0,2,100,0,0,0,0,0,0,0,0,0,0,0,0,0,0,0,0,0,80,0,0,0,0,0,0,0,0,0,0,0,0,255,0,7,50,1,0,1,-32490,-30216,794,1049,6181,391,27,40,2034,15,14,23,0,0,0,0,0,0,2386,0,0,0,0,0,0,1489,2831,13,0,13,183,20,595,84,0,0,0,1361,2973,19,0,20,0,27,388,0,0,0,0,1011,0,993,0,993,0,1004,11,0,0,0,0,0,0,0,0,0,0,0,0,0,0,0,0,0,0,0,0,0,0
5.4226,0,0,14371,6,2,4,0,2,100,0,0,0,0,0,0,0,0,0,0,0,0,0,0,0,0,0,80,0,0,0,0,0,0,0,0,0,0,0,0,255,0,7,50,1,0,1,-32490,-30216,794,1049,6181,681,27,40,2034,19,16,37,0,0,0,0,0,0,2361,0,0,0,0,0,0,1682,2624,13,0,14,230,23,761,66,0,0,0,1437,2867,19,0,20,0,28,454,0,0,0,0,1013,0,993,0,992,0,1006,23,0,0,0,0,0,0,0,0,0,0,0,0,0,0,0,0,0,0,0,0,0,0
5.7069,0,0,14371,6,2,4,0,2,100,0,0,0,0,0,0,0,0,0,0,0,0,0,0,0,0,0,80,0,0,0,0,0,0,0,0,0,0,0,0,255,0,7,50,1,0,1,-32490,-30216,794,1049,6181,966,27,40,2034,17,15,28,0,0,0,0,0,0,2354,0,0,0,0,0,0,1591,3255,13,0,13,193,22,725,0,0,0,0,1359,2634,19,0,20,0,27,413,0,0,0,0,1013,0,993,0,993,0,1006,15,0,0,0,0,0,0,0,0,0,0,0,0,0,0,0,0,0,0,0,0,0,0
5.9930,0,0,14371,6,2,4,0,2,100,0,0,0,0,0,0,0,0,0,0,0,0,0,0,0,0,0,80,0,0,0,0,0,0,0,0,0,0,0,0,255,0,7,50,1,0,1,-32490,-30216,794,1049,6437,251,27,40,2034,18,17,59,5,0,0,0,0,0,2373,0,0,0,150,34,1258,1661,2992,13,0,13,229,23,758,-225,0,0,0,1386,2947,19,0,20,0,28,442,0,0,0,0,1027,0,993,0,993,0,1020,34,0,0,0,0,0,0,0,0,0,0,0,0,0,0,0,0,0,0,0,0,0,1
6.2779,0,0,14371,6,2,4,0,2,100,0,0,0,0,0,0,0,0,0,0,0,0,0,0,0,0,0,80,0,0,0,0,0,0,0,0,0,0,0,0,255,0,7,50,1,0,1,-32490,-30216,794,1049,6437,536,27,40,2034,17,18,28,0,0,0,0,0,0,2380,0,0,0,0,0,0,1551,2902,13,0,13,218,21,696,89,0,0,0,1415,2912,19,0,20,0,28,466,0,0,0,0,1014,0,993,0,993,0,1007,15,0,0,0,0,0,0,0,0,0,0,0,0,0,0,0,0,0,0,0,0,0,0
6.5622,0,0,14371,6,2,4,0,2,100,0,0,0,0,0,0,0,0,0,0,0,0,0,0,0,0,0,80,0,0,0,0,0,0,0,0,0,0,0,0,255,0,7,50,1,0,1,-32490,-30216,794,1049,6437,821,27,40,2034,17,16,24,0,0,0,0,0,0,2361,0,0,0,0,0,0,1546,2780,13,0,13,213,21,654,96,0,0,0,1374,2814,19,0,20,0,28,408,0,0,0,0,1012,0,993,0,993,0,1005,12,0,0,0,0,0,0,0,0,0,0,0,0,0,0,0,0,0,0,0,0,0,0
6.8491,0,0,14371,6,2,4,0,2,100,0,0,0,0,0,0,0,0,0,0,0,0,0,0,0,0,0,80,0,0,0,0,0,0,0,0,0,0,0,0,255,0,7,50,1,0,1,-32490,-30216,794,1049,6693,101,27,40,2034,18,14,26,0,0,0,0,0,0,2361,0,0,0,0,0,0,1590,2922,13,0,13,211,21,708,49,0,0,0,1341,2661,19,0,19,0,26,369,0,0,0,0,1012,0,993,0,992,0,1005,13,0,0,0,0,0,0,0,0,0,0,0,0,0,0,0,0,0,0,0,0,0,0
7.1360,0,0,14371,6,2,4,0,2,100,0,0,0,0,0,0,0,0,0,0,0,0,0,0,0,0,0,80,0,0,0,0,0,0,0,0,0,0,0,0,255,0,7,50,1,0,1,-32490,-30216,794,1049,6693,386,27,40,2034,15,14,21,0,0,0,0,0,0,2342,0,0,0,0,0,0,1472,3069,13,0,13,186,20,652,269,0,0,0,1357,2919,20,0,20,0,27,370,0,0,0,0,1010,0,993,0,993,0,1003,11,0,0,0,0,0,0,0,0,0,0,0,0,0,0,0,0,0,0,0,0,0,0
7.4228,0,0,14371,6,2,4,0,2,100,0,0,0,0,0,0,0,0,0,0,0,0,0,0,0,0,0,80,0,0,0,0,0,0,0,0,0,0,0,0,255,0,7,50,1,0,1,-32490,-30216,794,1049,6693,676,27,40,2034,21,16,41,0,0,0,0,0,0,2342,0,0,0,0,0,0,1681,3257,13,0,13,243,22,915,153,0,0,0,1342,2983,20,0,20,0,27,452,0,0,0,0,1016,0,993,0,993,0,1010,23,0,0,0,0,0,0,0,0,0,0,0,0,0,0,0,0,0,0,0,0,0,0
7.7096,0,0,14371,6,2,4,0,2,100,0,0,0,0,0,0,0,0,0,0,0,0,0,0,0,0,0,80,0,0,0,0,0,0,0,0,0,0,0,0,255,0,7,50,1,0,1,-32490,-30216,794,1049,6693,961,27,40,2034,17,16,32,0,0,0,0,0,0,2367,0,0,0,0,0,0,1655,3046,13,0,14,229,23,724,-353,0,0,0,1385,3146,20,0,20,0,28,414,0,0,0,0,1013,0,993,0,993,0,1007,17,0,0,0,0,0,0,0,0,0,0,0,0,0,0,0,0,0,0,0,0,0,0
7.9927,0,0,14371,6,2,4,0,2,100,0,0,0,0,0,0,0,0,0,0,0,0,0,0,0,0,0,80,0,0,0,0,0,0,0,0,0,0,0,0,255,0,7,50,1,0,1,-32490,-30216,794,1049,6949,246,27,40,2034,14,14,20,0,0,0,0,0,0,2361,0,0,0,0,0,0,1542,3054,13,0,13,173,21,613,-133,0,0,0,1329,3014,20,0,20,0,26,379,0,0,0,0,1010,0,993,0,993,0,1003,11,0,0,0,0,0,0,0,0,0,0,0,0,0,0,0,0,0,0,0,0,0,0
8.2797,0,0,14371,6,2,4,0,2,100,0,0,0,0,0,0,0,0,0,0,0,0,0,0,0,0,0,80,0,0,0,0,0,0,0,0,0,0,0,0,255,0,7,50,1,0,1,-32490,-30216,794,1049,6949,526,27,41,2034,15,15,23,0,0,0,0,0,0,2342,0,0,0,0,0,0,1575,3021,13,0,13,180,21,622,-154,0,0,0,1353,3118,20,0,20,0,27,386,0,0,0,0,1011,0,993,0,993,0,1004,12,0,0,0,0,0,0,0,0,0,0,0,0,0,0,0,0,0,0,0,0,0,0
8.5666,0,0,14371,6,2,4,0,2,100,0,0,0,0,0,0,0,0,0,0,0,0,0,0,0,0,0,80,0,0,0,0,0,0,0,0,0,0,0,0,255,0,7,50,1,0,1,-32490,-30216,794,1049,6949,816,27,41,2034,18,14,47,0,0,0,0,0,0,2367,0,0,0,0,0,0,1591,3440,13,0,13,214,22,748,260,0,0,0,1343,3010,20,0,20,0,27,369,0,0,0,0,1021,0,993,0,993,0,1014,27,0,0,0,0,0,0,0,0,0,0,0,0,0,0,0,0,0,0,0,0,0,0
8.8533,0,0,14371,6,2,4,0,2,100,0,0,0,0,0,0,0,0,0,0,0,0,0,0,0,0,0,80,0,0,0,0,0,0,0,0,0,0,0,0,255,0,7,50,1,0,1,-32490,-30216,794,1049,7205,96,27,41,2034,14,13,19,0,0,0,0,0,0,2354,0,0,0,0,0,0,1494,3045,13,0,13,167,20,581,78,0,0,0,1328,3026,20,0,20,0,26,360,0,0,0,0,1008,0,993,0,993,0,1001,10,0,0,0,0,0,0,0,0,0,0,0,0,0,0,0,0,0,0,0,0,0,0
9.1398,0,0,14371,6,2,4,0,2,100,0,0,0,0,0,0,0,0,0,0,0,0,0,0,0,0,0,80,0,0,0,0,0,0,0,0,0,0,0,0,255,0,7,50,1,0,1,-32490,-30216,794,1049,7205,386,27,41,2034,13,15,17,0,0,0,0,0,0,2380,0,0,0,0,0,0,1463,2800,13,0,13,171,20,542,49,0,0,0,1360,2869,20,0,19,0,27,422,0,0,0,0,1007,0,993,0,992,0,1000,9,0,0,0,0,0,0,0,0,0,0,0,0,0,0,0,0,0,0,0,0,0,0
9.4241,0,0,14371,6,2,4,0,2,100,0,0,0,0,0,0,0,0,0,0,0,0,0,0,0,0,0,80,0,0,0,0,0,0,0,0,0,0,0,0,255,0,7,50,1,0,1,-32490,-30216,794,1049,7205,671,27,41,2034,15,14,24,0,0,0,0,0,0,2361,0,0,0,0,0,0,1525,2814,13,0,13,200,20,616,-52,0,0,0,1340,2880,20,0,20,0,26,371,0,0,0,0,1012,0,993,0,993,0,1006,13,0,0,0,0,0,0,0,0,0,0,0,0,0,0,0,0,0,0,0,0,0,0
9.7111,0,0,14371,6,2,4,0,2,100,0,0,0,0,0,0,0,0,0,0,0,0,0,0,0,0,0,80,0,0,0,0,0,0,0,0,0,0,0,0,255,0,7,50,1,0,1,-32490,-30216,794,1049,7205,956,27,41,2034,14,13,16,0,0,0,0,0,0,2354,0,0,0,0,0,0,1509,2787,13,0,13,179,20,564,10,0,0,0,1313,2887,20,0,20,0,26,352,0,0,0,0,1008,0,993,0,993,0,1001,8,0,0,0,0,0,0,0,0,0,0,0,0,0,0,0,0,0,0,0,0,0,0
9.9978,0,0,14371,6,2,4,0,2,100,0,0,0,0,0,0,0,0,0,0,0,0,0,0,0,0,0,80,0,0,0,0,0,0,0,0,0,0,0,0,255,0,7,50,1,0,1,-32490,-30216,794,1049,7461,241,27,41,2034,13,12,13,0,0,0,0,0,0,2367,0,0,0,0,0,0,1503,3025,13,0,13,153,20,529,-58,0,0,0,1312,2970,20,0,20,0,26,323,0,0,0,0,1006,0,993,0,993,0,999,7,0,0,0,0,0,0,0,0,0,0,0,0,0,0,0,0,0,0,0,0,0,0
10.2842,0,0,14371,6,2,4,0,2,100,0,0,0,0,0,0,0,0,0,0,0,0,0,0,0,0,0,80,0,0,0,0,0,0,0,0,0,0,0,0,255,0,7,50,1,0,1,-32490,-30216,794,1049,7461,526,27,41,2034,12,13,13,0,0,0,0,0,0,2367,0,0,0,0,0,0,1428,2944,13,0,13,149,19,469,34,0,0,0,1329,2971,20,0,20,0,27,343,0,0,0,0,1006,0,993,0,993,0,999,7,0,0,0,0,0,0,0,0,0,0,0,0,0,0,0,0,0,0,0,0,0,0
10.5706,0,0,14371,6,2,4,0,2,100,0,0,0,0,0,0,0,0,0,0,0,0,0,0,0,0,0,80,0,0,0,0,0,0,0,0,0,0,0,0,255,0,7,50,1,0,1,-32490,-30216,794,1049,7461,811,27,41,2034,12,13,13,0,0,0,0,0,0,2354,0,0,0,0,0,0,1453,2947,13,0,13,147,19,489,23,0,0,0,1347,3023,20,0,20,0,27,355,0,0,0,0,1006,0,993,0,993,0,999,7,0,0,0,0,0,0,0,0,0,0,0,0,0,0,0,0,0,0,0,0,0,0
10.8575,0,0,14371,6,2,4,0,2,100,0,0,0,0,0,0,0,0,0,0,0,0,0,0,0,0,0,80,0,0,0,0,0,0,0,0,0,0,0,0,255,0,7,50,1,0,1,-32490,-30216,794,1049,7717,96,27,41,2034,13,14,19,0,0,0,0,0,0,2380,0,0,0,0,0,0,1465,2924,13,0,13,160,20,497,-20,0,0,0,1305,3225,20,0,20,0,26,404,0,0,0,0,1008,0,993,0,993,0,1001,10,0,0,0,0,0,0,0,0,0,0,0,0,0,0,0,0,0,0,0,0,0,0
11.1441,0,0,14371,6,2,4,0,2,100,0,0,0,0,0,0,0,0,0,0,0,0,0,0,0,0,0,80,0,0,0,0,0,0,0,0,0,0,0,0,255,0,7,50,1,0,1,-32490,-30216,794,1049,7717,381,27,41,2034,13,13,14,0,0,0,0,0,0,2367,0,0,0,0,0,0,1494,2973,13,0,13,147,20,512,-60,0,0,0,1295,3158,20,0,20,0,26,372,0,0,0,0,1006,0,993,0,993,0,999,7,0,0,0,0,0,0,0,0,0,0,0,0,0,0,0,0,0,0,0,0,0,0
11.4305,0,0,14371,6,2,4,0,2,100,0,0,0,0,0,0,0,0,0,0,0,0,0,0,0,0,0,80,0,0,0,0,0,0,0,0,0,0,0,0,255,0,7,50,1,0,1,-32490,-30216,794,1049,7717,666,27,41,2034,12,12,14,0,0,0,0,0,0,2367,0,0,0,0,0,0,1421,3083,13,0,13,140,19,442,49,0,0,0,1281,2935,20,0,20,0,26,320,0,0,0,0,1007,0,993,0,993,0,1000,7,0,0,0,0,0,0,0,0,0,0,0,0,0,0,0,0,0,0,0,0,0,0
11.7134,0,0,14371,6,2,4,0,2,100,0,0,0,0,0,0,0,0,0,0,0,0,0,0,0,0,0,80,0,0,0,0,0,0,0,0,0,0,0,0,255,0,7,50,1,0,1,-32490,-30216,794,1049,7717,956,27,41,2034,13,14,14,0,0,0,0,0,0,2367,0,0,0,0,0,0,1498,2986,13,0,13,143,20,525,-6,0,0,0,1327,3243,20,0,20,0,26,364,0,0,0,0,1006,0,993,0,993,0,1000,7,0,0,0,0,0,0,0,0,0,0,0,0,0,0,0,0,0,0,0,0,0,0
12.0002,0,0,14371,6,2,4,0,2,100,0,0,0,0,0,0,0,0,0,0,0,0,0,0,0,0,0,80,0,0,0,0,0,0,0,0,0,0,0,0,255,0,7,50,1,0,1,-32490,-30216,794,1049,7973,236,27,41,2034,12,13,14,0,0,0,0,0,0,2367,0,0,0,0,0,0,1425,2900,13,0,13,142,19,467,-33,0,0,0,1317,3008,20,0,20,0,26,331,0,0,0,0,1006,0,993,0,993,0,999,7,0,0,0,0,0,0,0,0,0,0,0,0,0,0,0,0,0,0,0,0,0,0
12.2831,0,0,14371,6,2,4,0,2,100,0,0,0,0,0,0,0,0,0,0,0,0,0,0,0,0,0,80,0,0,0,0,0,0,0,0,0,0,0,0,255,0,7,50,1,0,1,-32490,-30216,794,1049,7973,521,27,41,2034,12,12,12,0,0,0,0,0,0,2373,0,0,0,0,0,0,1470,2887,13,0,13,144,20,488,-120,0,0,0,1288,3004,20,0,20,0,26,328,0,0,0,0,1005,0,993,0,993,0,998,6,0,0,0,0,0,0,0,0,0,0,0,0,0,0,0,0,0,0,0,0,0,0
12.5699,0,0,14371,6,2,4,0,2,100,0,0,0,0,0,0,0,0,0,0,0,0,0,0,0,0,0,80,0,0,0,0,0,0,0,0,0,0,0,0,255,0,7,50,1,0,1,-32490,-30216,794,1049,7973,806,27,41,2034,12,12,12,0,0,0,0,0,0,2354,0,0,0,0,0,0,1428,2800,13,0,13,145,19,448,-36,0,0,0,1298,3091,20,0,20,0,26,320,0,0,0,0,1006,0,993,0,993,0,999,6,0,0,0,0,0,0,0,0,0,0,0,0,0,0,0,0,0,0,0,0,0,0
12.8568,0,0,14371,6,2,4,0,2,100,0,0,0,0,0,0,0,0,0,0,0,0,0,0,0,0,0,80,0,0,0,0,0,0,0,0,0,0,0,0,255,0,7,50,1,0,1,-32490,-30216,794,1049,8229,91,27,41,2034,12,13,13,0,0,0,0,0,0,2361,0,0,0,0,0,0,1444,2903,13,0,13,138,19,459,-77,0,0,0,1306,3027,20,0,20,0,26,359,0,0,0,0,1006,0,993,0,993,0,999,6,0,0,0,0,0,0,0,0,0,0,0,0,0,0,0,0,0,0,0,0,0,0
13.1438,0,0,14371,6,2,4,0,2,100,0,0,0,0,0,0,0,0,0,0,0,0,0,0,0,0,0,80,0,0,0,0,0,0,0,0,0,0,0,0,255,0,7,50,1,0,1,-32490,-30216,794,1049,8229,371,27,41,2034,11,13,14,0,0,0,0,0,0,2367,0,0,0,0,0,0,1395,2848,13,0,13,138,19,432,74,0,0,0,1295,3142,20,0,20,0,26,358,0,0,0,0,1006,0,993,0,993,0,999,7,0,0,0,0,0,0,0,0,0,0,0,0,0,0,0,0,0,0,0,0,0,0
13.4307,0,0,14371,6,2,4,0,2,100,0,0,0,0,0,0,0,0,0,0,0,0,0,0,0,0,0,80,0,0,0,0,0,0,0,0,0,0,0,0,255,0,7,50,1,0,1,-32490,-30216,794,1049,8229,661,27,41,2034,12,12,13,0,0,0,0,0,0,2373,0,0,0,0,0,0,1416,2964,13,0,13,143,19,462,-75,0,0,0,1288,2902,20,0,20,0,26,335,0,0,0,0,1007,0,993,0,993,0,1000,7,0,0,0,0,0,0,0,0,0,0,0,0,0,0,0,0,0,0,0,0,0,0
13.7175,0,0,14371,6,2,4,0,2,100,0,0,0,0,0,0,0,0,0,0,0,0,0,0,0,0,0,80,0,0,0,0,0,0,0,0,0,0,0,0,255,0,7,50,1,0,1,-32490,-30216,794,1049,8229,946,27,41,2034,12,12,13,0,0,0,0,0,0,2342,0,0,0,0,0,0,1409,3198,13,0,13,143,19,515,134,0,0,0,1293,2859,20,0,20,0,26,318,0,0,0,0,1006,0,993,0,993,0,999,7,0,0,0,0,0,0,0,0,0,0,0,0,0,0,0,0,0,0,0,0,0,0
14.0044,0,0,14371,6,2,4,0,2,100,0,0,0,0,0,0,0,0,0,0,0,0,0,0,0,0,0,80,0,0,0,0,0,0,0,0,0,0,0,0,255,0,7,50,1,0,1,-32490,-30216,794,1049,8485,231,27,41,2034,12,13,13,0,0,0,0,0,0,2373,0,0,0,0,0,0,1428,2863,13,0,13,143,19,482,3,0,0,0,1306,3283,20,0,20,0,26,360,0,0,0,0,1005,0,993,0,993,0,999,6,0,0,0,0,0,0,0,0,0,0,0,0,0,0,0,0,0,0,0,0,0,0
14.2912,0,0,14371,6,2,4,0,2,100,0,0,0,0,0,0,0,0,0,0,0,0,0,0,0,0,0,80,0,0,0,0,0,0,0,0,0,0,0,0,255,0,7,50,1,0,1,-32490,-30216,794,1049,8485,516,27,41,2034,11,13,13,0,0,0,0,0,0,2367,0,0,0,0,0,0,1418,2806,13,0,13,143,19,451,-9,0,0,0,1327,3256,20,0,20,0,27,346,0,0,0,0,1006,0,993,0,993,0,999,7,0,0,0,0,0,0,0,0,0,0,0,0,0,0,0,0,0,0,0,0,0,0
14.5779,0,0,14371,6,2,4,0,2,100,0,0,0,0,0,0,0,0,0,0,0,0,0,0,0,0,0,80,0,0,0,0,0,0,0,0,0,0,0,0,255,0,7,50,1,0,1,-32490,-30216,794,1049,8485,806,27,41,2034,11,14,13,0,0,0,0,0,0,2367,0,0,0,0,0,0,1396,2752,13,0,13,140,19,417,-14,0,0,0,1341,3222,20,0,20,0,27,353,0,0,0,0,1006,0,993,0,993,0,999,7,0,0,0,0,0,0,0,0,0,0,0,0,0,0,0,0,0,0,0,0,0,0
14.8613,0,0,14371,6,2,4,0,2,100,0,0,0,0,0,0,0,0,0,0,0,0,0,0,0,0,0,80,0,0,0,0,0,0,0,0,0,0,0,0,255,0,7,50,1,0,1,-32490,-30216,794,1049,8741,91,27,41,2034,12,12,13,0,0,0,0,0,0,2354,0,0,0,0,0,0,1429,2979,13,0,13,140,19,454,-6,0,0,0,1264,2936,20,0,20,0,25,319,0,0,0,0,1006,0,993,0,993,0,999,6,0,0,0,0,0,0,0,0,0,0,0,0,0,0,0,0,0,0,0,0,0,0
15.1481,0,0,14371,6,2,4,0,2,100,0,0,0,0,0,0,0,0,0,0,0,0,0,0,0,0,0,80,0,0,0,0,0,0,0,0,0,0,0,0,255,0,7,50,1,0,1,-32490,-30216,794,1049,8741,371,27,41,2034,12,13,13,0,0,0,0,0,0,2342,0,0,0,0,0,0,1437,3119,13,0,13,139,19,467,20,0,0,0,1277,3103,20,0,20,0,26,344,0,0,0,0,1007,0,993,0,993,0,1000,7,0,0,0,0,0,0,0,0,0,0,0,0,0,0,0,0,0,0,0,0,0,0
15.4330,0,0,14371,6,2,4,0,2,100,0,0,0,0,0,0,0,0,0,0,0,0,0,0,0,0,0,80,0,0,0,0,0,0,0,0,0,0,0,0,255,0,7,50,1,0,1,-32490,-30216,794,1049,8741,656,27,41,2034,11,14,13,0,0,0,0,0,0,2342,0,0,0,0,0,0,1420,2886,13,0,13,138,19,436,29,0,0,0,1326,2978,20,0,20,0,27,350,0,0,0,0,1006,0,993,0,993,0,999,7,0,0,0,0,0,0,0,0,0,0,0,0,0,0,0,0,0,0,0,0,0,0
15.7195,0,0,14371,6,2,4,0,2,100,0,0,0,0,0,0,0,0,0,0,0,0,0,0,0,0,0,80,0,0,0,0,0,0,0,0,0,0,0,0,255,0,7,50,1,0,1,-32490,-30216,794,1049,8741,941,27,41,2034,14,15,18,0,0,0,0,0,0,2361,0,0,0,0,0,0,1496,2964,13,0,13,151,20,543,-97,0,0,0,1352,3272,20,0,20,0,27,382,0,0,0,0,1009,0,993,0,993,0,1002,9,0,0,0,0,0,0,0,0,0,0,0,0,0,0,0,0,0,0,0,0,0,0
16.0051,0,0,14371,6,2,4,0,2,100,0,0,0,0,0,0,0,0,0,0,0,0,0,0,0,0,0,80,0,0,0,0,0,0,0,0,0,0,0,0,255,0,7,50,1,0,1,-32490,-30216,794,1049,8997,231,27,41,2034,14,15,23,0,0,0,0,0,0,2367,0,0,0,0,0,0,1474,3118,13,0,13,160,20,561,-19,0,0,0,1377,2802,20,0,20,0,27,406,0,0,0,0,1012,0,993,0,993,0,1005,13,0,0,0,0,0,0,0,0,0,0,0,0,0,0,0,0,0,0,0,0,0,0
16.2910,0,0,14371,6,2,4,0,2,100,0,0,0,0,0,0,0,0,0,0,0,0,0,0,0,0,0,80,0,0,0,0,0,0,0,0,0,0,0,0,255,0,7,50,1,0,1,-32490,-30216,794,1049,8997,516,27,41,2034,12,14,14,0,0,0,0,0,0,2367,0,0,0,0,0,0,1433,3038,13,0,13,143,19,495,-15,0,0,0,1343,3211,20,0,19,0,26,383,0,0,0,0,1006,0,993,0,993,0,999,7,0,0,0,0,0,0,0,0,0,0,0,0,0,0,0,0,0,0,0,0,0,0
16.5784,0,0,14371,6,2,4,0,2,100,0,0,0,0,0,0,0,0,0,0,0,0,0,0,0,0,0,80,0,0,0,0,0,0,0,0,0,0,0,0,255,0,7,50,1,0,1,-32490,-30216,794,1049,8997,801,27,41,2034,13,14,14,0,0,0,0,0,0,2342,0,0,0,0,0,0,1485,3045,13,0,13,148,20,517,47,0,0,0,1348,2987,20,0,19,0,26,376,0,0,0,0,1007,0,993,0,992,0,999,7,0,0,0,0,0,0,0,0,0,0,0,0,0,0,0,0,0,0,0,0,0,0
16.8641,0,0,14371,6,2,4,0,2,100,0,0,0,0,0,0,0,0,0,0,0,0,0,0,0,0,0,80,0,0,0,0,0,0,0,0,0,0,0,0,255,0,7,50,1,0,1,-32490,-30216,794,1049,9253,86,27,41,2034,13,14,13,0,0,0,0,0,0,2361,0,0,0,0,0,0,1503,3087,13,0,13,146,20,523,-20,0,0,0,1333,2839,20,0,20,0,26,401,0,0,0,0,1006,0,993,0,993,0,999,7,0,0,0,0,0,0,0,0,0,0,0,0,0,0,0,0,0,0,0,0,0,0
17.1507,0,0,14371,6,2,4,0,2,100,0,0,0,0,0,0,0,0,0,0,0,0,0,0,0,0,0,80,0,0,0,0,0,0,0,0,0,0,0,0,255,0,7,50,1,0,1,-32490,-30216,794,1049,9253,371,27,41,2034,12,14,13,0,0,0,0,0,0,2380,0,0,0,0,0,0,1438,3030,13,0,13,147,19,489,19,0,0,0,1297,3092,20,0,20,0,26,384,0,0,0,0,1006,0,993,0,993,0,999,6,0,0,0,0,0,0,0,0,0,0,0,0,0,0,0,0,0,0,0,0,0,0
17.4371,0,0,14371,6,2,4,0,2,100,0,0,0,0,0,0,0,0,0,0,0,0,0,0,0,0,0,80,0,0,0,0,0,0,0,0,0,0,0,0,255,0,7,50,1,0,1,-32490,-30216,794,1049,9253,656,27,41,2034,12,13,13,0,0,0,0,0,0,2367,0,0,0,0,0,0,1424,3011,13,0,13,140,19,467,42,0,0,0,1318,3199,20,0,19,0,26,364,0,0,0,0,1006,0,993,0,993,0,1000,6,0,0,0,0,0,0,0,0,0,0,0,0,0,0,0,0,0,0,0,0,0,0
17.7217,0,0,14371,6,2,4,0,2,100,0,0,0,0,0,0,0,0,0,0,0,0,0,0,0,0,0,80,0,0,0,0,0,0,0,0,0,0,0,0,255,0,7,50,1,0,1,-32490,-30216,794,1049,9253,946,27,41,2034,13,12,15,0,0,0,0,0,0,2367,0,0,0,0,0,0,1457,3233,13,0,13,136,19,522,72,0,0,0,1281,2892,20,0,19,0,25,326,0,0,0,0,1008,0,993,0,993,0,1001,8,0,0,0,0,0,0,0,0,0,0,0,0,0,0,0,0,0,0,0,0,0,0
18.0077,0,0,14371,6,2,4,0,2,100,0,0,0,0,0,0,0,0,0,0,0,0,0,0,0,0,0,80,0,0,0,0,0,0,0,0,0,0,0,0,255,0,7,50,1,0,1,-32490,-30216,794,1049,9509,226,27,41,2034,12,14,13,0,0,0,0,0,0,2386,0,0,0,0,0,0,1432,2998,13,0,13,140,19,470,54,0,0,0,1345,3238,20,0,19,0,26,387,0,0,0,0,1006,0,993,0,993,0,999,6,0,0,0,0,0,0,0,0,0,0,0,0,0,0,0,0,0,0,0,0,0,0
18.2920,0,0,14371,6,2,4,0,2,100,0,0,0,0,0,0,0,0,0,0,0,0,0,0,0,0,0,80,0,0,0,0,0,0,0,0,0,0,0,0,255,0,7,50,1,0,1,-32490,-30216,794,1049,9509,511,27,41,2034,11,12,13,0,0,0,0,0,0,2373,0,0,0,0,0,0,1395,2794,13,0,13,136,19,436,-4,0,0,0,1294,3073,20,0,20,0,26,323,0,0,0,0,1006,0,993,0,993,0,999,7,0,0,0,0,0,0,0,0,0,0,0,0,0,0,0,0,0,0,0,0,0,0
18.5778,0,0,14371,6,2,4,0,2,100,0,0,0,0,0,0,0,0,0,0,0,0,0,0,0,0,0,80,0,0,0,0,0,0,0,0,0,0,0,0,255,0,7,50,1,0,1,-32490,-30216,794,1049,9509,796,27,41,2034,13,13,13,0,0,0,0,0,0,2354,0,0,0,0,0,0,1498,3003,13,0,13,142,20,517,-51,0,0,0,1357,3186,20,0,19,0,27,366,0,0,0,0,1005,0,993,0,993,0,999,7,0,0,0,0,0,0,0,0,0,0,0,0,0,0,0,0,0,0,0,0,0,0
18.8624,0,0,14371,6,2,4,0,2,100,0,0,0,0,0,0,0,0,0,0,0,0,0,0,0,0,0,80,0,0,0,0,0,0,0,0,0,0,0,0,255,0,7,50,1,0,1,-32490,-30216,794,1049,9765,81,27,41,2034,13,13,12,0,0,0,0,0,0,2354,0,0,0,0,0,0,1436,3255,13,0,13,138,19,543,112,0,0,0,1303,3013,20,0,20,0,26,367,0,0,0,0,1006,0,993,0,993,0,999,6,0,0,0,0,0,0,0,0,0,0,0,0,0,0,0,0,0,0,0,0,0,0
19.1464,0,0,14371,6,2,4,0,2,100,0,0,0,0,0,0,0,0,0,0,0,0,0,0,0,0,0,80,0,0,0,0,0,0,0,0,0,0,0,0,255,0,7,50,1,0,1,-32490,-30216,794,1049,9765,361,27,41,2034,12,13,13,0,0,0,0,0,0,2342,0,0,0,0,0,0,1415,2951,13,0,13,140,19,475,52,0,0,0,1300,3100,20,0,19,0,25,349,0,0,0,0,1006,0,993,0,993,0,999,6,0,0,0,0,0,0,0,0,0,0,0,0,0,0,0,0,0,0,0,0,0,0
19.4317,0,0,14371,6,2,4,0,2,100,0,0,0,0,0,0,0,0,0,0,0,0,0,0,0,0,0,80,0,0,0,0,0,0,0,0,0,0,0,0,255,0,7,50,1,0,1,-32490,-30216,794,1049,9765,646,27,41,2034,12,13,14,0,0,0,0,0,0,2373,0,0,0,0,0,0,1475,2923,13,0,13,146,19,497,0,0,0,0,1309,3101,20,0,19,0,25,351,0,0,0,0,1007,0,993,0,992,0,999,7,0,0,0,0,0,0,0,0,0,0,0,0,0,0,0,0,0,0,0,0,0,0
19.7188,0,0,14371,6,2,4,0,2,100,0,0,0,0,0,0,0,0,0,0,0,0,0,0,0,0,0,80,0,0,0,0,0,0,0,0,0,0,0,0,255,0,7,50,1,0,1,-32490,-30216,794,1049,9765,931,27,41,2034,12,13,14,0,0,0,0,0,0,2361,0,0,0,0,0,0,1469,2934,13,0,13,144,19,488,10,0,0,0,1292,3242,20,0,19,0,25,382,0,0,0,0,1006,0,993,0,993,0,999,7,0,0,0,0,0,0,0,0,0,0,0,0,0,0,0,0,0,0,0,0,0,0
20.0038,0,0,14371,6,2,4,0,2,100,0,0,0,0,0,0,0,0,0,0,0,0,0,0,0,0,0,80,0,0,0,0,0,0,0,0,0,0,0,0,255,0,7,50,1,0,1,-32490,-30216,794,1049,10021,221,27,40,2034,11,14,13,0,0,0,0,0,0,2354,0,0,0,0,0,0,1440,2861,13,0,13,139,19,455,-18,0,0,0,1357,3233,20,0,19,0,26,374,0,0,0,0,1006,0,993,0,993,0,999,7,0,0,0,0,0,0,0,0,0,0,0,0,0,0,0,0,0,0,0,0,0,0
20.2886,0,0,14371,6,2,4,0,2,100,0,0,0,0,0,0,0,0,0,0,0,0,0,0,0,0,0,80,0,0,0,0,0,0,0,0,0,0,0,0,255,0,7,50,1,0,1,-32490,-30216,794,1049,10021,501,27,40,2034,12,13,13,0,0,0,0,0,0,2367,0,0,0,0,0,0,1452,3014,13,0,13,140,19,498,-13,0,0,0,1321,3216,19,0,19,0,25,342,0,0,0,0,1006,0,993,0,993,0,999,6,0,0,0,0,0,0,0,0,0,0,0,0,0,0,0,0,0,0,0,0,0,0
20.5764,0,0,14371,6,2,4,0,2,100,0,0,0,0,0,0,0,0,0,0,0,0,0,0,0,0,0,80,0,0,0,0,0,0,0,0,0,0,0,0,255,0,7,50,1,0,1,-32490,-30216,794,1049,10021,786,27,40,2034,12,12,14,0,0,0,0,0,0,2367,0,0,0,0,0,0,1420,3019,13,0,13,141,19,478,36,0,0,0,1316,3055,19,0,19,0,25,345,0,0,0,0,1007,0,993,0,993,0,1000,7,0,0,0,0,0,0,0,0,0,0,0,0,0,0,0,0,0,0,0,0,0,0
20.8633,0,0,14371,6,2,4,0,2,100,0,0,0,0,0,0,0,0,0,0,0,0,0,0,0,0,0,80,0,0,0,0,0,0,0,0,0,0,0,0,255,0,7,50,1,0,1,-32490,-30216,794,1049,10277,76,27,40,2034,13,14,13,0,0,0,0,0,0,2361,0,0,0,0,0,0,1468,2909,13,0,13,151,19,504,11,0,0,0,1355,3166,19,0,18,0,25,412,0,0,0,0,1006,0,993,0,993,0,999,7,0,0,0,0,0,0,0,0,0,0,0,0,0,0,0,0,0,0,0,0,0,0
21.1502,0,0,14371,6,2,4,0,2,100,0,0,0,0,0,0,0,0,0,0,0,0,0,0,0,0,0,80,0,0,0,0,0,0,0,0,0,0,0,0,255,0,7,50,1,0,1,-32490,-30216,794,1049,10277,356,27,40,2034,18,15,30,0,0,0,0,0,0,2373,0,0,0,0,0,0,1637,3201,13,0,13,209,22,695,-30,0,0,0,1368,3181,19,0,19,0,26,426,0,0,0,0,1014,0,993,0,993,0,1007,16,0,0,0,0,0,0,0,0,0,0,0,0,0,0,0,0,0,0,0,0,0,0
21.4367,0,0,14371,6,2,4,0,2,100,0,0,0,0,0,0,0,0,0,0,0,0,0,0,0,0,0,80,0,0,0,0,0,0,0,0,0,0,0,0,255,0,7,50,1,0,1,-32490,-30216,794,1049,10277,646,27,40,2034,13,14,18,0,0,0,0,0,0,2354,0,0,0,0,0,0,1468,3069,13,0,13,160,20,515,-64,0,0,0,1328,3176,19,0,19,0,26,374,0,0,0,0,1009,0,993,0,993,0,1002,9,0,0,0,0,0,0,0,0,0,0,0,0,0,0,0,0,0,0,0,0,0,0
21.7216,0,0,14371,6,2,4,0,2,100,0,0,0,0,0,0,0,0,0,0,0,0,0,0,0,0,0,80,0,0,0,0,0,0,0,0,0,0,0,0,255,0,7,50,1,0,1,-32490,-30216,794,1049,10277,931,27,40,2034,13,13,14,0,0,0,0,0,0,2367,0,0,0,0,0,0,1504,3003,13,0,13,147,20,527,-10,0,0,0,1302,3184,19,0,20,0,26,345,0,0,0,0,1007,0,993,0,993,0,1000,7,0,0,0,0,0,0,0,0,0,0,0,0,0,0,0,0,0,0,0,0,0,0
22.0062,0,0,14371,6,2,4,0,2,100,0,0,0,0,0,0,0,0,0,0,0,0,0,0,0,0,0,80,0,0,0,0,0,0,0,0,0,0,0,0,255,0,7,50,1,0,1,-32490,-30216,794,1049,10533,216,27,40,2034,12,12,16,0,0,0,0,0,0,2354,0,0,0,0,0,0,1439,3079,13,0,13,144,19,468,2,0,0,0,1291,2926,19,0,19,0,25,325,0,0,0,0,1008,0,993,0,993,0,1001,8,0,0,0,0,0,0,0,0,0,0,0,0,0,0,0,0,0,0,0,0,0,0
22.2900,0,0,14371,6,2,4,0,2,100,0,0,0,0,0,0,0,0,0,0,0,0,0,0,0,0,0,80,0,0,0,0,0,0,0,0,0,0,0,0,255,0,7,50,1,0,1,-32490,-30216,794,1049,10533,496,27,40,2034,13,13,15,0,0,0,0,0,0,2361,0,0,0,0,0,0,1485,2999,13,0,13,149,20,503,-16,0,0,0,1334,3058,19,0,20,0,27,350,0,0,0,0,1007,0,993,0,993,0,1000,7,0,0,0,0,0,0,0,0,0,0,0,0,0,0,0,0,0,0,0,0,0,0
22.5734,0,0,14371,6,2,4,0,2,100,0,0,0,0,0,0,0,0,0,0,0,0,0,0,0,0,0,80,0,0,0,0,0,0,0,0,0,0,0,0,255,0,7,50,1,0,1,-32490,-30216,794,1049,10533,781,27,40,2034,12,15,13,0,0,0,0,0,0,2380,0,0,0,0,0,0,1450,2894,13,0,13,146,19,479,28,0,0,0,1383,3169,19,0,19,0,27,399,0,0,0,0,1006,0,993,0,993,0,999,7,0,0,0,0,0,0,0,0,0,0,0,0,0,0,0,0,0,0,0,0,0,0
22.8613,0,0,14371,6,2,4,0,2,100,0,0,0,0,0,0,0,0,0,0,0,0,0,0,0,0,0,80,0,0,0,0,0,0,0,0,0,0,0,0,255,0,7,50,1,0,1,-32490,-30216,794,1049,10789,66,27,40,2034,12,13,14,0,0,0,0,0,0,2367,0,0,0,0,0,0,1458,2970,13,0,13,145,19,510,-101,0,0,0,1333,2956,19,0,20,0,26,374,0,0,0,0,1008,0,993,0,993,0,1001,8,0,0,0,0,0,0,0,0,0,0,0,0,0,0,0,0,0,0,0,0,0,0
23.1468,0,0,14371,6,2,4,0,2,100,0,0,0,0,0,0,0,0,0,0,0,0,0,0,0,0,0,80,0,0,0,0,0,0,0,0,0,0,0,0,255,0,7,50,1,0,1,-32490,-30216,794,1049,10789,351,27,40,2034,13,12,13,0,0,0,0,0,0,2373,0,0,0,0,0,0,1530,3341,13,0,13,142,20,561,-56,0,0,0,1282,3009,19,0,19,0,25,324,0,0,0,0,1007,0,993,0,993,0,1000,7,0,0,0,0,0,0,0,0,0,0,0,0,0,0,0,0,0,0,0,0,0,0
23.4321,0,0,14371,6,2,4,0,2,100,0,0,0,0,0,0,0,0,0,0,0,0,0,0,0,0,0,80,0,0,0,0,0,0,0,0,0,0,0,0,255,0,7,50,1,0,1,-32490,-30216,794,1049,10789,636,27,40,2034,12,12,14,0,0,0,0,0,0,2354,0,0,0,0,0,0,1463,2959,13,0,13,143,19,493,-33,0,0,0,1293,3039,19,0,20,0,26,341,0,0,0,0,1006,0,993,0,993,0,1000,7,0,0,0,0,0,0,0,0,0,0,0,0,0,0,0,0,0,0,0,0,0,0
23.7163,0,0,14371,6,2,4,0,2,100,0,0,0,0,0,0,0,0,0,0,0,0,0,0,0,0,0,80,0,0,0,0,0,0,0,0,0,0,0,0,255,0,7,50,1,0,1,-32490,-30216,794,1049,10789,921,27,40,2034,12,14,15,0,0,0,0,0,0,2342,0,0,0,0,0,0,1438,3010,13,0,13,143,19,492,-21,0,0,0,1323,3293,19,0,20,0,26,374,0,0,0,0,1008,0,993,0,993,0,1001,8,0,0,0,0,0,0,0,0,0,0,0,0,0,0,0,0,0,0,0,0,0,0
24.0006,0,0,14371,6,2,4,0,2,100,0,0,0,0,0,0,0,0,0,0,0,0,0,0,0,0,0,80,0,0,0,0,0,0,0,0,0,0,0,0,255,0,7,50,1,0,1,-32490,-30216,794,1049,11045,206,27,40,2034,12,14,14,0,0,0,0,0,0,2367,0,0,0,0,0,0,1401,2946,13,0,13,142,18,463,100,0,0,0,1387,3366,19,0,19,0,27,402,0,0,0,0,1008,0,993,0,993,0,1001,8,0,0,0,0,0,0,0,0,0,0,0,0,0,0,0,0,0,0,0,0,0,0
24.2867,0,0,14371,6,2,4,0,2,100,0,0,0,0,0,0,0,0,0,0,0,0,0,0,0,0,0,80,0,0,0,0,0,0,0,0,0,0,0,0,255,0,7,50,1,0,1,-32490,-30216,794,1049,11045,486,27,40,2034,12,12,14,0,0,0,0,0,0,2367,0,0,0,0,0,0,1436,3085,13,0,13,140,19,478,35,0,0,0,1287,2778,19,0,20,0,25,312,0,0,0,0,1007,0,993,0,993,0,1000,7,0,0,0,0,0,0,0,0,0,0,0,0,0,0,0,0,0,0,0,0,0,0
24.5711,0,0,14371,6,2,4,0,2,100,0,0,0,0,0,0,0,0,0,0,0,0,0,0,0,0,0,80,0,0,0,0,0,0,0,0,0,0,0,0,255,0,7,50,1,0,1,-32490,-30216,794,1049,11045,771,27,40,2034,12,13,14,0,0,0,0,0,0,2329,0,0,0,0,0,0,1445,3085,13,0,13,141,19,486,-59,0,0,0,1316,2974,19,0,20,0,26,334,0,0,0,0,1007,0,993,0,993,0,1000,7,0,0,0,0,0,0,0,0,0,0,0,0,0,0,0,0,0,0,0,0,0,0
24.8551,0,0,14371,6,2,4,0,2,100,0,0,0,0,0,0,0,0,0,0,0,0,0,0,0,0,0,80,0,0,0,0,0,0,0,0,0,0,0,0,255,0,7,50,1,0,1,-32490,-30216,794,1049,11301,56,27,40,2034,13,13,12,0,0,0,0,0,0,2354,0,0,0,0,0,0,1455,3034,13,0,13,146,19,498,26,0,0,0,1319,3019,19,0,20,0,26,353,0,0,0,0,1006,0,993,0,993,0,999,6,0,0,0,0,0,0,0,0,0,0,0,0,0,0,0,0,0,0,0,0,0,0
25.1397,0,0,14371,6,2,4,0,2,100,0,0,0,0,0,0,0,0,0,0,0,0,0,0,0,0,0,80,0,0,0,0,0,0,0,0,0,0,0,0,255,0,7,50,1,0,1,-32490,-30216,794,1049,11301,336,27,40,2034,11,14,14,0,0,0,0,0,0,2367,0,0,0,0,0,0,1410,2904,13,0,13,139,19,427,-97,0,0,0,1345,3048,19,0,20,0,27,357,0,0,0,0,1007,0,993,0,993,0,1000,7,0,0,0,0,0,0,0,0,0,0,0,0,0,0,0,0,0,0,0,0,0,0
25.4242,0,0,14371,6,2,4,0,2,100,0,0,0,0,0,0,0,0,0,0,0,0,0,0,0,0,0,80,0,0,0,0,0,0,0,0,0,0,0,0,255,0,7,50,1,0,1,-32490,-30216,794,1049,11301,621,27,40,2034,12,12,14,0,0,0,0,0,0,2354,0,0,0,0,0,0,1445,2966,13,0,13,141,19,482,-19,0,0,0,1310,2834,19,0,20,0,26,319,0,0,0,0,1007,0,993,0,993,0,1000,8,0,0,0,0,0,0,0,0,0,0,0,0,0,0,0,0,0,0,0,0,0,0
25.7086,0,0,14371,6,2,4,0,2,100,0,0,0,0,0,0,0,0,0,0,0,0,0,0,0,0,0,80,0,0,0,0,0,0,0,0,0,0,0,0,255,0,7,50,1,0,1,-32490,-30216,794,1049,11301,906,27,40,2034,11,13,14,0,0,0,0,0,0,2367,0,0,0,0,0,0,1413,2958,13,0,13,140,19,437,38,0,0,0,1307,3014,19,0,20,0,26,344,0,0,0,0,1007,0,993,0,993,0,1000,7,0,0,0,0,0,0,0,0,0,0,0,0,0,0,0,0,0,0,0,0,0,0
25.9961,0,0,14371,6,2,4,0,2,100,0,0,0,0,0,0,0,0,0,0,0,0,0,0,0,0,0,80,0,0,0,0,0,0,0,0,0,0,0,0,255,0,7,50,1,0,1,-32490,-30216,794,1049,11557,191,27,40,2034,11,14,15,0,0,0,0,0,0,2354,0,0,0,0,0,0,1377,2817,13,0,13,137,18,440,48,0,0,0,1312,3207,19,0,20,0,26,380,0,0,0,0,1007,0,993,0,993,0,1000,8,0,0,0,0,0,0,0,0,0,0,0,0,0,0,0,0,0,0,0,0,0,0
26.2824,0,0,14371,6,2,4,0,2,100,0,0,0,0,0,0,0,0,0,0,0,0,0,0,0,0,0,80,0,0,0,0,0,0,0,0,0,0,0,0,255,0,7,50,1,0,1,-32490,-30216,794,1049,11557,476,27,40,2034,12,14,14,0,0,0,0,0,0,2367,0,0,0,0,0,0,1418,3146,13,0,13,132,19,493,74,0,0,0,1317,3337,19,0,19,0,26,387,0,0,0,0,1006,0,993,0,993,0,999,7,0,0,0,0,0,0,0,0,0,0,0,0,0,0,0,0,0,0,0,0,0,0
26.5686,0,0,14371,6,2,4,0,2,100,0,0,0,0,0,0,0,0,0,0,0,0,0,0,0,0,0,80,0,0,0,0,0,0,0,0,0,0,0,0,255,0,7,50,1,0,1,-32490,-30216,794,1049,11557,761,27,40,2034,12,13,13,0,0,0,0,0,0,2354,0,0,0,0,0,0,1459,2991,13,0,13,147,19,483,-88,0,0,0,1348,3170,19,0,19,0,26,362,0,0,0,0,1006,0,993,0,993,0,999,7,0,0,0,0,0,0,0,0,0,0,0,0,0,0,0,0,0,0,0,0,0,0
26.8560,0,0,14371,6,2,4,0,2,100,0,0,0,0,0,0,0,0,0,0,0,0,0,0,0,0,0,80,0,0,0,0,0,0,0,0,0,0,0,0,255,0,7,50,1,0,1,-32490,-30216,794,1049,11813,46,27,40,2034,12,13,13,0,0,0,0,0,0,2342,0,0,0,0,0,0,1436,2944,13,0,13,141,19,453,-16,0,0,0,1334,3286,19,0,20,0,26,365,0,0,0,0,1006,0,993,0,993,0,999,7,0,0,0,0,0,0,0,0,0,0,0,0,0,0,0,0,0,0,0,0,0,0
27.1429,0,0,14371,6,2,4,0,2,100,0,0,0,0,0,0,0,0,0,0,0,0,0,0,0,0,0,80,0,0,0,0,0,0,0,0,0,0,0,0,255,0,7,50,1,0,1,-32490,-30216,794,1049,11813,331,27,40,2034,12,12,13,0,0,0,0,0,0,2342,0,0,0,0,0,0,1437,3094,13,0,13,145,19,484,148,0,0,0,1305,2895,19,0,20,0,26,326,0,0,0,0,1006,0,993,0,992,0,999,7,0,0,0,0,0,0,0,0,0,0,0,0,0,0,0,0,0,0,0,0,0,0
27.4274,0,0,14371,6,2,4,0,2,100,0,0,0,0,0,0,0,0,0,0,0,0,0,0,0,0,0,80,0,0,0,0,0,0,0,0,0,0,0,0,255,0,7,50,1,0,1,-32490,-30216,794,1049,11813,616,27,40,2034,13,12,14,0,0,0,0,0,0,2361,0,0,0,0,0,0,1524,3043,13,0,13,148,20,545,-69,0,0,0,1295,2852,19,0,20,0,26,331,0,0,0,0,1007,0,993,0,993,0,1000,7,0,0,0,0,0,0,0,0,0,0,0,0,0,0,0,0,0,0,0,0,0,0
27.7108,0,0,14371,6,2,4,0,2,100,0,0,0,0,0,0,0,0,0,0,0,0,0,0,0,0,0,80,0,0,0,0,0,0,0,0,0,0,0,0,255,0,7,50,1,0,1,-32490,-30216,794,1049,11813,901,27,40,2034,14,14,15,0,0,0,0,0,0,2380,0,0,0,0,0,0,1532,3414,13,0,13,152,20,594,-24,0,0,0,1328,2968,19,0,20,0,26,410,0,0,0,0,1008,0,993,0,993,0,1001,8,0,0,0,0,0,0,0,0,0,0,0,0,0,0,0,0,0,0,0,0,0,0
27.9961,0,0,14371,6,2,4,0,2,100,0,0,0,0,0,0,0,0,0,0,0,0,0,0,0,0,0,80,0,0,0,0,0,0,0,0,0,0,0,0,255,0,7,50,1,0,1,-32490,-30216,794,1049,12069,186,27,40,2034,13,12,14,0,0,0,0,0,0,2373,0,0,0,0,0,0,1482,3028,13,0,13,141,20,511,-60,0,0,0,1297,2979,19,0,20,0,26,323,0,0,0,0,1007,0,993,0,993,0,1000,7,0,0,0,0,0,0,0,0,0,0,0,0,0,0,0,0,0,0,0,0,0,0
28.2822,0,0,14371,6,2,4,0,2,100,0,0,0,0,0,0,0,0,0,0,0,0,0,0,0,0,0,80,0,0,0,0,0,0,0,0,0,0,0,0,255,0,7,50,1,0,1,-32490,-30216,794,1049,12069,466,27,40,2034,12,13,13,0,0,0,0,0,0,2361,0,0,0,0,0,0,1453,2970,13,0,13,141,19,497,-70,0,0,0,1331,3123,19,0,20,0,26,346,0,0,0,0,1006,0,993,0,993,0,999,7,0,0,0,0,0,0,0,0,0,0,0,0,0,0,0,0,0,0,0,0,0,0
28.5659,0,0,14371,6,2,4,0,2,100,0,0,0,0,0,0,0,0,0,0,0,0,0,0,0,0,0,80,0,0,0,0,0,0,0,0,0,0,0,0,255,0,7,50,1,0,1,-32490,-30216,794,1049,12069,751,27,40,2034,11,13,15,0,0,0,0,0,0,2386,0,0,0,0,0,0,1419,2937,13,0,13,141,19,458,-88,0,0,0,1310,2881,19,0,19,0,26,354,0,0,0,0,1007,0,993,0,993,0,1000,7,0,0,0,0,0,0,0,0,0,0,0,0,0,0,0,0,0,0,0,0,0,0
28.8511,0,0,14371,6,2,4,0,2,100,0,0,0,0,0,0,0,0,0,0,0,0,0,0,0,0,0,80,0,0,0,0,0,0,0,0,0,0,0,0,255,0,7,50,1,0,1,-32490,-30216,794,1049,12325,36,27,40,2034,12,13,13,0,0,0,0,0,0,2342,0,0,0,0,0,0,1440,3076,13,0,13,141,19,490,-37,0,0,0,1311,3180,19,0,19,0,26,354,0,0,0,0,1007,0,993,0,993,0,1000,7,0,0,0,0,0,0,0,0,0,0,0,0,0,0,0,0,0,0,0,0,0,0
29.1348,0,0,14371,6,2,4,0,2,100,0,0,0,0,0,0,0,0,0,0,0,0,0,0,0,0,0,80,0,0,0,0,0,0,0,0,0,0,0,0,255,0,7,50,1,0,1,-32490,-30216,794,1049,12325,321,27,40,2034,12,13,14,0,0,0,0,0,0,2380,0,0,0,0,0,0,1495,2937,13,0,13,141,20,519,-74,0,0,0,1322,3492,19,0,20,0,26,374,0,0,0,0,1006,0,993,0,993,0,999,7,0,0,0,0,0,0,0,0,0,0,0,0,0,0,0,0,0,0,0,0,0,0
29.4193,0,0,14371,6,2,4,0,2,100,0,0,0,0,0,0,0,0,0,0,0,0,0,0,0,0,0,80,0,0,0,0,0,0,0,0,0,0,0,0,255,0,7,50,1,0,1,-32490,-30216,794,1049,12325,601,27,40,2034,12,13,13,0,0,0,0,0,0,2354,0,0,0,0,0,0,1426,2997,13,0,13,143,19,450,0,0,0,0,1297,3334,19,0,19,0,25,371,0,0,0,0,1006,0,993,0,993,0,999,6,0,0,0,0,0,0,0,0,0,0,0,0,0,0,0,0,0,0,0,0,0,0
29.7057,0,0,14371,6,2,4,0,2,100,0,0,0,0,0,0,0,0,0,0,0,0,0,0,0,0,0,80,0,0,0,0,0,0,0,0,0,0,0,0,255,0,7,50,1,0,1,-32490,-30216,794,1049,12325,886,27,40,2034,12,12,13,0,0,0,0,0,0,2367,0,0,0,0,0,0,1438,3134,13,0,13,138,19,458,38,0,0,0,1310,3136,19,0,19,0,26,351,0,0,0,0,1006,0,993,0,993,0,999,7,0,0,0,0,0,0,0,0,0,0,0,0,0,0,0,0,0,0,0,0,0,0
29.9895,0,0,14371,6,2,4,0,2,100,0,0,0,0,0,0,0,0,0,0,0,0,0,0,0,0,0,80,0,0,0,0,0,0,0,0,0,0,0,0,255,0,7,50,1,0,1,-32490,-30216,794,1049,12581,171,27,40,2034,12,13,15,0,0,0,0,0,0,2354,0,0,0,0,0,0,1455,3034,13,0,13,137,19,470,45,0,0,0,1311,3201,19,0,19,0,26,340,0,0,0,0,1006,0,993,0,993,0,999,8,0,0,0,0,0,0,0,0,0,0,0,0,0,0,0,0,0,0,0,0,0,0
30.2765,0,0,14371,6,2,4,0,2,100,0,0,0,0,0,0,0,0,0,0,0,0,0,0,0,0,0,80,0,0,0,0,0,0,0,0,0,0,0,0,255,0,7,50,1,0,1,-32490,-30216,794,1049,12581,451,27,40,2034,11,12,14,0,0,0,0,0,0,2342,0,0,0,0,0,0,1395,2981,13,0,13,137,18,430,27,0,0,0,1284,2970,19,0,20,0,25,320,0,0,0,0,1007,0,993,0,993,0,1000,7,0,0,0,0,0,0,0,0,0,0,0,0,0,0,0,0,0,0,0,0,0,0
30.5636,0,0,14371,6,2,4,0,2,100,0,0,0,0,0,0,0,0,0,0,0,0,0,0,0,0,0,80,0,0,0,0,0,0,0,0,0,0,0,0,255,0,7,50,1,0,1,-32490,-30216,794,1049,12581,741,27,40,2034,12,12,13,0,0,0,0,0,0,2392,0,0,0,0,0,0,1464,3078,13,0,13,138,19,502,7,0,0,0,1308,2789,19,0,20,0,26,318,0,0,0,0,1007,0,993,0,993,0,1000,7,0,0,0,0,0,0,0,0,0,0,0,0,0,0,0,0,0,0,0,0,0,0
30.8481,0,0,14371,6,2,4,0,2,100,0,0,0,0,0,0,0,0,0,0,0,0,0,0,0,0,0,80,0,0,0,0,0,0,0,0,0,0,0,0,255,0,7,50,1,0,1,-32490,-30216,794,1049,12837,26,27,40,2034,12,13,15,0,0,0,0,0,0,2335,0,0,0,0,0,0,1424,2886,13,0,13,149,19,481,22,0,0,0,1364,2936,19,0,19,0,27,371,0,0,0,0,1007,0,993,0,993,0,1000,7,0,0,0,0,0,0,0,0,0,0,0,0,0,0,0,0,0,0,0,0,0,0
31.1353,0,0,14371,6,2,4,0,2,100,0,0,0,0,0,0,0,0,0,0,0,0,0,0,0,0,0,80,0,0,0,0,0,0,0,0,0,0,0,0,255,0,7,50,1,0,1,-32490,-30216,794,1049,12837,311,27,40,2034,12,12,13,0,0,0,0,0,0,2354,0,0,0,0,0,0,1429,2877,13,0,13,141,19,450,0,0,0,0,1328,2966,19,0,20,0,26,334,0,0,0,0,1006,0,993,0,993,0,999,6,0,0,0,0,0,0,0,0,0,0,0,0,0,0,0,0,0,0,0,0,0,0
31.4224,0,0,14371,6,2,4,0,2,100,0,0,0,0,0,0,0,0,0,0,0,0,0,0,0,0,0,80,0,0,0,0,0,0,0,0,0,0,0,0,255,0,7,50,1,0,1,-32490,-30216,794,1049,12837,596,27,40,2034,11,13,13,0,0,0,0,0,0,2373,0,0,0,0,0,0,1407,2922,13,0,13,141,19,432,20,0,0,0,1342,3006,19,0,20,0,26,349,0,0,0,0,1006,0,993,0,993,0,999,7,0,0,0,0,0,0,0,0,0,0,0,0,0,0,0,0,0,0,0,0,0,0
31.7087,0,0,14371,6,2,4,0,2,100,0,0,0,0,0,0,0,0,0,0,0,0,0,0,0,0,0,80,0,0,0,0,0,0,0,0,0,0,0,0,255,0,7,50,1,0,1,-32490,-30216,794,1049,12837,881,27,40,2034,12,12,14,0,0,0,0,0,0,2373,0,0,0,0,0,0,1456,3010,13,0,13,142,19,475,-85,0,0,0,1307,3004,19,0,20,0,26,325,0,0,0,0,1006,0,993,0,992,0,999,7,0,0,0,0,0,0,0,0,0,0,0,0,0,0,0,0,0,0,0,0,0,0
31.9968,0,0,14371,6,2,4,0,2,100,0,0,0,0,0,0,0,0,0,0,0,0,0,0,0,0,0,80,0,0,0,0,0,0,0,0,0,0,0,0,255,0,7,50,1,0,1,-32490,-30216,794,1049,13093,166,27,40,2034,11,14,13,0,0,0,0,0,0,2361,0,0,0,0,0,0,1411,2983,13,0,13,142,19,453,15,0,0,0,1298,3285,19,0,20,0,26,404,0,0,0,0,1006,0,993,0,993,0,999,6,0,0,0,0,0,0,0,0,0,0,0,0,0,0,0,0,0,0,0,0,0,0
32.2838,0,0,14371,6,2,4,0,2,100,0,0,0,0,0,0,0,0,0,0,0,0,0,0,0,0,0,80,0,0,0,0,0,0,0,0,0,0,0,0,255,0,7,50,1,0,1,-32490,-30216,794,1049,13093,451,27,40,2034,12,12,13,0,0,0,0,0,0,2367,0,0,0,0,0,0,1462,3068,13,0,13,142,19,484,-25,0,0,0,1301,2910,19,0,20,0,26,326,0,0,0,0,1006,0,993,0,993,0,999,7,0,0,0,0,0,0,0,0,0,0,0,0,0,0,0,0,0,0,0,0,0,0
32.5693,0,0,14371,6,2,4,0,2,100,0,0,0,0,0,0,0,0,0,0,0,0,0,0,0,0,0,80,0,0,0,0,0,0,0,0,0,0,0,0,255,0,7,50,1,0,1,-32490,-30216,794,1049,13093,741,27,40,2034,12,12,14,0,0,0,0,0,0,2329,0,0,0,0,0,0,1423,2997,13,0,13,142,19,468,-56,0,0,0,1305,3174,19,0,20,0,26,355,0,0,0,0,1007,0,993,0,993,0,1001,7,0,0,0,0,0,0,0,0,0,0,0,0,0,0,0,0,0,0,0,0,0,0
32.8564,0,0,14371,6,2,4,0,2,100,0,0,0,0,0,0,0,0,0,0,0,0,0,0,0,0,0,80,0,0,0,0,0,0,0,0,0,0,0,0,255,0,7,50,1,0,1,-32490,-30216,794,1049,13349,26,27,40,2034,12,13,13,0,0,0,0,0,0,2373,0,0,0,0,0,0,1452,3011,13,0,13,140,19,470,-146,0,0,0,1323,3102,19,0,20,0,26,340,0,0,0,0,1006,0,993,0,993,0,999,6,0,0,0,0,0,0,0,0,0,0,0,0,0,0,0,0,0,0,0,0,0,0
33.1401,0,0,14371,6,2,4,0,2,100,0,0,0,0,0,0,0,0,0,0,0,0,0,0,0,0,0,80,0,0,0,0,0,0,0,0,0,0,0,0,255,0,7,50,1,0,1,-32490,-30216,794,1049,13349,311,27,40,2034,13,13,13,0,0,0,0,0,0,2361,0,0,0,0,0,0,1468,3168,13,0,13,139,20,549,-10,0,0,0,1297,3162,19,0,20,0,26,367,0,0,0,0,1007,0,993,0,993,0,1000,7,0,0,0,0,0,0,0,0,0,0,0,0,0,0,0,0,0,0,0,0,0,0
33.4246,0,0,14371,6,2,4,0,2,100,0,0,0,0,0,0,0,0,0,0,0,0,0,0,0,0,0,80,0,0,0,0,0,0,0,0,0,0,0,0,255,0,7,50,1,0,1,-32490,-30216,794,1049,13349,591,27,40,2034,11,12,12,0,0,0,0,0,0,2380,0,0,0,0,0,0,1418,2855,13,0,13,139,19,452,-16,0,0,0,1300,2922,19,0,20,0,26,322,0,0,0,0,1006,0,993,0,993,0,999,6,0,0,0,0,0,0,0,0,0,0,0,0,0,0,0,0,0,0,0,0,0,0
33.7091,0,0,14371,6,2,4,0,2,100,0,0,0,0,0,0,0,0,0,0,0,0,0,0,0,0,0,80,0,0,0,0,0,0,0,0,0,0,0,0,255,0,7,50,1,0,1,-32490,-30216,794,1049,13349,876,27,40,2034,13,13,15,0,0,0,0,0,0,2361,0,0,0,0,0,0,1427,3169,13,0,13,142,19,522,71,0,0,0,1332,2934,19,0,20,0,26,352,0,0,0,0,1007,0,993,0,993,0,1000,7,0,0,0,0,0,0,0,0,0,0,0,0,0,0,0,0,0,0,0,0,0,0
33.9947,0,0,14371,6,2,4,0,2,100,0,0,0,0,0,0,0,0,0,0,0,0,0,0,0,0,0,80,0,0,0,0,0,0,0,0,0,0,0,0,255,0,7,50,1,0,1,-32490,-30216,794,1049,13605,161,27,40,2034,14,12,14,0,0,0,0,0,0,2342,0,0,0,0,0,0,1503,3298,13,0,13,138,20,550,2,0,0,0,1295,2924,19,0,20,0,26,309,0,0,0,0,1007,0,993,0,993,0,1000,7,0,0,0,0,0,0,0,0,0,0,0,0,0,0,0,0,0,0,0,0,0,0
34.2783,0,0,14371,6,2,4,0,2,100,0,0,0,0,0,0,0,0,0,0,0,0,0,0,0,0,0,80,0,0,0,0,0,0,0,0,0,0,0,0,255,0,7,50,1,0,1,-32490,-30216,794,1049,13605,441,27,40,2034,14,12,20,0,0,0,0,0,0,2373,0,0,0,0,0,0,1485,3049,13,0,13,149,20,550,-46,0,0,0,1347,2931,19,0,19,0,26,355,0,0,0,0,1009,0,993,0,993,0,1002,10,0,0,0,0,0,0,0,0,0,0,0,0,0,0,0,0,0,0,0,0,0,0
34.5627,0,0,14371,6,2,4,0,2,100,0,0,0,0,0,0,0,0,0,0,0,0,0,0,0,0,0,80,0,0,0,0,0,0,0,0,0,0,0,0,255,0,7,50,1,0,1,-32490,-30216,794,1049,13605,726,27,40,2034,13,13,16,0,0,0,0,0,0,2373,0,0,0,0,0,0,1478,3113,13,0,13,146,20,517,-54,0,0,0,1336,3009,19,0,20,0,26,343,0,0,0,0,1008,0,993,0,993,0,1001,8,0,0,0,0,0,0,0,0,0,0,0,0,0,0,0,0,0,0,0,0,0,0
34.8484,0,0,14371,6,2,4,0,2,100,0,0,0,0,0,0,0,0,0,0,0,0,0,0,0,0,0,80,0,0,0,0,0,0,0,0,0,0,0,0,255,0,7,50,1,0,1,-32490,-30216,794,1049,13861,11,27,40,2034,12,13,13,0,0,0,0,0,0,2367,0,0,0,0,0,0,1427,3030,13,0,13,145,19,497,143,0,0,0,1308,2887,19,0,20,0,26,345,0,0,0,0,1006,0,993,0,993,0,1000,7,0,0,0,0,0,0,0,0,0,0,0,0,0,0,0,0,0,0,0,0,0,0
35.1328,0,0,14371,6,2,4,0,2,100,0,0,0,0,0,0,0,0,0,0,0,0,0,0,0,0,0,80,0,0,0,0,0,0,0,0,0,0,0,0,255,0,7,50,1,0,1,-32490,-30216,794,1049,13861,296,27,40,2034,11,12,14,0,0,0,0,0,0,2373,0,0,0,0,0,0,1411,2893,13,0,13,139,19,436,19,0,0,0,1307,3081,19,0,19,0,26,336,0,0,0,0,1006,0,993,0,993,0,1000,7,0,0,0,0,0,0,0,0,0,0,0,0,0,0,0,0,0,0,0,0,0,0
35.4167,0,0,14371,6,2,4,0,2,100,0,0,0,0,0,0,0,0,0,0,0,0,0,0,0,0,0,80,0,0,0,0,0,0,0,0,0,0,0,0,255,0,7,50,1,0,1,-32490,-30216,794,1049,13861,576,27,40,2034,11,15,14,0,0,0,0,0,0,2367,0,0,0,0,0,0,1414,2899,13,0,13,144,19,446,50,0,0,0,1341,3458,19,0,20,0,26,413,0,0,0,0,1006,0,993,0,993,0,1000,7,0,0,0,0,0,0,0,0,0,0,0,0,0,0,0,0,0,0,0,0,0,0
35.7000,0,0,14371,6,2,4,0,2,100,0,0,0,0,0,0,0,0,0,0,0,0,0,0,0,0,0,80,0,0,0,0,0,0,0,0,0,0,0,0,255,0,7,50,1,0,1,-32490,-30216,794,1049,13861,861,27,40,2033,13,12,13,0,0,0,0,0,0,2361,0,0,0,0,0,0,1477,3043,13,0,13,146,20,516,-7,0,0,0,1281,2863,19,0,20,0,25,332,0,0,0,0,1007,0,993,0,993,0,1000,7,0,0,0,0,0,0,0,0,0,0,0,0,0,0,0,0,0,0,0,0,0,0
35.9861,0,0,14371,6,2,4,0,2,100,0,0,0,0,0,0,0,0,0,0,0,0,0,0,0,0,0,80,0,0,0,0,0,0,0,0,0,0,0,0,255,0,7,50,1,0,1,-32490,-30216,794,1049,14117,146,27,40,2034,12,13,13,0,0,0,0,0,0,2367,0,0,0,0,0,0,1393,2941,13,0,13,144,18,499,72,0,0,0,1304,3182,19,0,20,0,26,347,0,0,0,0,1006,0,993,0,993,0,1000,7,0,0,0,0,0,0,0,0,0,0,0,0,0,0,0,0,0,0,0,0,0,0
36.2702,0,0,14371,6,2,4,0,2,100,0,0,0,0,0,0,0,0,0,0,0,0,0,0,0,0,0,80,0,0,0,0,0,0,0,0,0,0,0,0,255,0,7,50,1,0,1,-32490,-30216,794,1049,14117,431,27,40,2034,12,14,16,0,0,0,0,0,0,2354,0,0,0,0,0,0,1427,2916,13,0,13,144,19,466,-47,0,0,0,1359,3075,19,0,20,0,27,371,0,0,0,0,1008,0,993,0,993,0,1001,8,0,0,0,0,0,0,0,0,0,0,0,0,0,0,0,0,0,0,0,0,0,0
36.5557,0,0,14371,6,2,4,0,2,100,0,0,0,0,0,0,0,0,0,0,0,0,0,0,0,0,0,80,0,0,0,0,0,0,0,0,0,0,0,0,255,0,7,50,1,0,1,-32490,-30216,794,1049,14117,711,27,40,2033,12,11,12,0,0,0,0,0,0,2342,0,0,0,0,0,0,1449,3042,13,0,13,140,19,479,-56,0,0,0,1272,2958,19,0,20,0,25,309,0,0,0,0,1006,0,993,0,993,0,999,6,0,0,0,0,0,0,0,0,0,0,0,0,0,0,0,0,0,0,0,0,0,0
36.8424,0,0,14371,6,2,4,0,2,100,0,0,0,0,0,0,0,0,0,0,0,0,0,0,0,0,0,80,0,0,0,0,0,0,0,0,0,0,0,0,255,0,7,50,1,0,1,-32490,-30216,794,1049,14117,996,27,40,2033,12,12,13,0,0,0,0,0,0,2361,0,0,0,0,0,0,1409,2940,13,0,13,142,19,462,-3,0,0,0,1308,2986,19,0,20,0,26,326,0,0,0,0,1006,0,993,0,993,0,999,7,0,0,0,0,0,0,0,0,0,0,0,0,0,0,0,0,0,0,0,0,0,0
37.1304,0,0,14371,6,2,4,0,2,100,0,0,0,0,0,0,0,0,0,0,0,0,0,0,0,0,0,80,0,0,0,0,0,0,0,0,0,0,0,0,255,0,7,50,1,0,1,-32490,-30216,794,1049,14373,286,27,40,2033,11,12,14,0,0,0,0,0,0,2373,0,0,0,0,0,0,1444,2874,13,0,13,141,19,463,-84,0,0,0,1335,2943,19,0,20,0,26,346,0,0,0,0,1007,0,993,0,993,0,1000,7,0,0,0,0,0,0,0,0,0,0,0,0,0,0,0,0,0,0,0,0,0,0
37.4146,0,0,14371,6,2,4,0,2,100,0,0,0,0,0,0,0,0,0,0,0,0,0,0,0,0,0,80,0,0,0,0,0,0,0,0,0,0,0,0,255,0,7,50,1,0,1,-32490,-30216,794,1049,14373,571,27,40,2033,12,12,14,0,0,0,0,0,0,2354,0,0,0,0,0,0,1433,3047,13,0,13,143,19,525,80,0,0,0,1278,2961,19,0,19,0,25,341,0,0,0,0,1006,0,993,0,993,0,999,7,0,0,0,0,0,0,0,0,0,0,0,0,0,0,0,0,0,0,0,0,0,0
37.6984,0,0,14371,6,2,4,0,2,100,0,0,0,0,0,0,0,0,0,0,0,0,0,0,0,0,0,80,0,0,0,0,0,0,0,0,0,0,0,0,255,0,7,50,1,0,1,-32490,-30216,794,1049,14373,851,27,40,2033,12,12,14,0,0,0,0,0,0,2354,0,0,0,0,0,0,1425,3080,13,0,13,140,19,475,10,0,0,0,1290,2981,19,0,20,0,25,309,0,0,0,0,1006,0,993,0,993,0,999,7,0,0,0,0,0,0,0,0,0,0,0,0,0,0,0,0,0,0,0,0,0,0
37.9852,0,0,14371,6,2,4,0,2,100,0,0,0,0,0,0,0,0,0,0,0,0,0,0,0,0,0,80,0,0,0,0,0,0,0,0,0,0,0,0,255,0,7,50,1,0,1,-32490,-30216,794,1049,14629,136,27,40,2033,13,12,13,0,0,0,0,0,0,2367,0,0,0,0,0,0,1497,3145,13,0,13,140,20,517,-39,0,0,0,1289,2907,19,0,20,0,25,344,0,0,0,0,1006,0,993,0,993,0,999,6,0,0,0,0,0,0,0,0,0,0,0,0,0,0,0,0,0,0,0,0,0,0
38.2685,0,0,14371,6,2,4,0,2,100,0,0,0,0,0,0,0,0,0,0,0,0,0,0,0,0,0,80,0,0,0,0,0,0,0,0,0,0,0,0,255,0,7,50,1,0,1,-32490,-30216,794,1049,14629,426,27,40,2033,12,12,14,0,0,0,0,0,0,2361,0,0,0,0,0,0,1461,3005,13,0,13,147,19,491,18,0,0,0,1311,2961,19,0,19,0,26,335,0,0,0,0,1006,0,993,0,993,0,999,7,0,0,0,0,0,0,0,0,0,0,0,0,0,0,0,0,0,0,0,0,0,0
38.5532,0,0,14371,6,2,4,0,2,100,0,0,0,0,0,0,0,0,0,0,0,0,0,0,0,0,0,80,0,0,0,0,0,0,0,0,0,0,0,0,255,0,7,50,1,0,1,-32490,-30216,794,1049,14629,706,27,40,2033,12,13,13,0,0,0,0,0,0,2354,0,0,0,0,0,0,1436,2731,13,0,13,140,19,452,54,0,0,0,1351,3007,19,0,20,0,27,362,0,0,0,0,1006,0,993,0,993,0,999,6,0,0,0,0,0,0,0,0,0,0,0,0,0,0,0,0,0,0,0,0,0,0
38.8368,0,0,14371,6,2,4,0,2,100,0,0,0,0,0,0,0,0,0,0,0,0,0,0,0,0,0,80,0,0,0,0,0,0,0,0,0,0,0,0,255,0,7,50,1,0,1,-32490,-30216,794,1049,14629,991,27,40,2033,12,13,14,0,0,0,0,0,0,2373,0,0,0,0,0,0,1440,3032,13,0,13,142,19,496,-21,0,0,0,1337,3047,19,0,20,0,26,354,0,0,0,0,1006,0,993,0,993,0,999,7,0,0,0,0,0,0,0,0,0,0,0,0,0,0,0,0,0,0,0,0,0,0
39.1220,0,0,14371,6,2,4,0,2,100,0,0,0,0,0,0,0,0,0,0,0,0,0,0,0,0,0,80,0,0,0,0,0,0,0,0,0,0,0,0,255,0,7,50,1,0,1,-32490,-30216,794,1049,14885,271,27,40,2034,12,12,14,0,0,0,0,0,0,2361,0,0,0,0,0,0,1430,3031,13,0,13,139,19,483,15,0,0,0,1320,2892,19,0,20,0,26,329,0,0,0,0,1006,0,993,0,993,0,999,7,0,0,0,0,0,0,0,0,0,0,0,0,0,0,0,0,0,0,0,0,0,0
39.4099,0,0,14371,6,2,4,0,2,100,0,0,0,0,0,0,0,0,0,0,0,0,0,0,0,0,0,80,0,0,0,0,0,0,0,0,0,0,0,0,255,0,7,50,1,0,1,-32490,-30216,794,1049,14885,551,27,40,2034,13,12,15,0,0,0,0,0,0,2373,0,0,0,0,0,0,1466,3158,13,0,13,142,20,499,36,0,0,0,1299,3082,19,0,20,0,26,342,0,0,0,0,1007,0,993,0,993,0,1000,7,0,0,0,0,0,0,0,0,0,0,0,0,0,0,0,0,0,0,0,0,0,0
39.6967,0,0,14371,6,2,4,0,2,100,0,0,0,0,0,0,0,0,0,0,0,0,0,0,0,0,0,80,0,0,0,0,0,0,0,0,0,0,0,0,255,0,7,50,1,0,1,-32490,-30216,794,1049,14885,841,27,40,2034,12,14,14,0,0,0,0,0,0,2342,0,0,0,0,0,0,1482,2990,13,0,13,141,20,499,52,0,0,0,1322,3166,19,0,19,0,26,415,0,0,0,0,1006,0,993,0,993,0,999,7,0,0,0,0,0,0,0,0,0,0,0,0,0,0,0,0,0,0,0,0,0,0
39.9837,0,0,14371,6,2,4,0,2,100,0,0,0,0,0,0,0,0,0,0,0,0,0,0,0,0,0,80,0,0,0,0,0,0,0,0,0,0,0,0,255,0,7,50,1,0,1,-32490,-30216,794,1049,15141,126,27,40,2033,12,14,13,0,0,0,0,0,0,2361,0,0,0,0,0,0,1485,2868,13,0,13,143,20,500,16,0,0,0,1316,3203,19,0,19,0,25,413,0,0,0,0,1005,0,993,0,993,0,998,7,0,0,0,0,0,0,0,0,0,0,0,0,0,0,0,0,0,0,0,0,0,0
40.2696,0,0,14371,6,2,4,0,2,100,0,0,0,0,0,0,0,0,0,0,0,0,0,0,0,0,0,80,0,0,0,0,0,0,0,0,0,0,0,0,255,0,7,50,1,0,1,-32490,-30216,794,1049,15141,416,27,40,2033,13,13,12,0,0,0,0,0,0,2361,0,0,0,0,0,0,1492,3058,13,0,13,144,20,508,40,0,0,0,1343,2921,19,0,19,0,26,366,0,0,0,0,1006,0,993,0,993,0,999,6,0,0,0,0,0,0,0,0,0,0,0,0,0,0,0,0,0,0,0,0,0,0
40.5557,0,0,14371,6,2,4,0,2,100,0,0,0,0,0,0,0,0,0,0,0,0,0,0,0,0,0,80,0,0,0,0,0,0,0,0,0,0,0,0,255,0,7,50,1,0,1,-32490,-30216,794,1049,15141,696,27,40,2033,12,13,13,0,0,0,0,0,0,2367,0,0,0,0,0,0,1418,2989,13,0,13,144,19,508,-4,0,0,0,1324,3032,19,0,19,0,26,364,0,0,0,0,1007,0,993,0,993,0,1000,7,0,0,0,0,0,0,0,0,0,0,0,0,0,0,0,0,0,0,0,0,0,0
40.8416,0,0,14371,6,2,4,0,2,100,0,0,0,0,0,0,0,0,0,0,0,0,0,0,0,0,0,80,0,0,0,0,0,0,0,0,0,0,0,0,255,0,7,50,1,0,1,-32490,-30216,794,1049,15141,981,27,40,2034,12,13,13,0,0,0,0,0,0,2367,0,0,0,0,0,0,1424,2849,13,0,13,144,19,460,76,0,0,0,1318,2977,19,0,19,0,26,350,0,0,0,0,1006,0,993,0,993,0,999,7,0,0,0,0,0,0,0,0,0,0,0,0,0,0,0,0,0,0,0,0,0,0
41.1291,0,0,14371,6,2,4,0,2,100,0,0,0,0,0,0,0,0,0,0,0,0,0,0,0,0,0,80,0,0,0,0,0,0,0,0,0,0,0,0,255,0,7,50,1,0,1,-32490,-30216,794,1049,38,271,27,40,2034,12,12,14,0,0,0,0,0,0,2342,0,0,0,0,0,0,1440,3093,13,0,13,138,19,456,-52,0,0,0,1311,2917,19,0,19,0,25,341,0,0,0,0,1008,0,993,0,993,0,1001,8,0,0,0,0,0,0,0,0,0,0,0,0,0,0,0,0,0,0,0,0,0,0
41.4151,0,0,14371,6,2,4,0,2,100,0,0,0,0,0,0,0,0,0,0,0,0,0,0,0,0,0,80,0,0,0,0,0,0,0,0,0,0,0,0,255,0,7,50,1,0,1,-32490,-30216,794,1049,38,556,27,40,2034,36,19,119,35,0,0,0,0,0,2354,1,0,0,577,71,288,2247,5070,13,0,14,335,32,1440,33,0,0,0,1383,4069,19,0,18,0,26,658,0,0,0,0,1043,0,993,0,994,0,1038,73,0,0,0,0,0,0,0,0,0,0,0,0,0,0,0,0,0,0,0,0,0,1
41.7006,0,0,14371,6,2,4,0,2,100,0,0,0,0,0,0,0,0,0,0,0,0,0,0,0,0,0,80,0,0,0,0,0,0,0,0,0,0,0,0,255,0,7,50,1,0,1,-32490,-30216,794,1049,38,841,27,40,2034,21,21,54,24,0,0,0,0,0,2361,1,0,0,577,71,288,1752,3534,13,0,13,235,24,832,-104,0,0,0,1449,2879,19,0,20,0,29,611,0,0,0,0,1025,0,993,0,993,0,1018,29,0,0,0,0,0,0,0,0,0,0,0,0,0,0,0,0,0,0,0,0,0,1
41.9867,0,0,14371,6,2,4,0,2,100,0,0,0,0,0,0,0,0,0,0,0,0,0,0,0,0,0,80,0,0,0,0,0,0,0,0,0,0,0,0,255,0,7,50,1,0,1,-32490,-30216,794,1049,294,126,27,40,2034,27,28,90,34,0,0,0,0,0,2367,1,0,0,577,71,288,1798,3059,13,0,14,314,26,1005,69,0,0,0,1659,2713,19,0,20,0,33,783,0,0,0,0,1038,0,993,0,993,0,1030,50,0,0,0,0,0,0,0,0,0,0,0,0,0,0,0,0,0,0,0,0,0,1
42.2739,0,0,14371,6,2,4,0,2,100,0,0,0,0,0,0,0,0,0,0,0,0,0,0,0,0,0,80,0,0,0,0,0,0,0,0,0,0,0,0,255,0,7,50,1,0,1,-32490,-30216,794,1049,294,416,28,41,2034,324,264,179,115,0,0,0,0,0,2361,3,0,0,577,71,288,5226,21113,13,1,34,1197,191,8282,1038,0,0,0,4159,10302,20,1,36,0,179,5409,0,0,0,0,1101,0,993,0,992,0,1093,106,0,0,0,0,0,0,0,0,0,0,0,0,0,0,0,0,0,0,0,0,0,1
42.5604,0,0,14371,6,2,4,0,2,100,0,0,0,0,0,0,0,0,0,0,0,0,0,0,0,0,0,80,0,0,0,0,0,0,0,0,0,0,0,0,255,0,7,50,1,0,1,-32490,-30216,794,1049,294,701,28,41,2034,64,53,91,70,0,0,0,0,0,2354,5,0,0,525,303,222,2417,6349,13,0,16,395,49,2037,-190,0,0,0,1844,3491,20,0,22,0,50,1183,0,0,0,0,1041,0,993,0,992,0,1033,52,0,0,0,0,0,0,0,0,0,0,0,0,0,0,0,0,12,14,1,0,0,28
42.8472,0,0,14371,6,2,4,0,2,100,0,0,0,0,0,0,0,0,0,0,0,0,0,0,0,0,0,80,0,0,0,0,0,0,0,0,0,0,0,0,255,0,7,50,1,0,1,-32490,-30216,794,1049,294,986,28,41,2034,38,30,93,56,0,0,0,0,0,2354,4,0,0,525,303,222,2105,4044,13,0,14,396,32,1371,72,0,0,0,1604,2609,20,0,20,0,34,768,0,0,0,0,1040,0,993,0,993,0,1033,52,0,0,0,0,0,0,0,0,0,0,0,0,0,0,0,0,12,14,1,0,0,28
43.1341,0,0,14371,6,2,4,0,2,100,0,0,0,0,0,0,0,0,0,0,0,0,0,0,0,0,0,80,0,0,0,0,0,0,0,0,0,0,0,0,255,0,7,50,1,0,1,-32490,-30216,794,1049,550,276,28,41,2034,17,15,32,27,0,0,0,0,0,2373,1,0,0,525,303,222,1616,3132,13,0,13,206,22,674,-23,0,0,0,1390,2849,20,0,19,0,27,420,0,0,0,0,1015,0,993,0,993,0,1008,18,0,0,0,0,0,0,0,0,0,0,0,0,0,0,0,0,12,14,1,0,0,28
43.4204,0,0,14371,6,2,4,0,2,100,0,0,0,0,0,0,0,0,0,0,0,0,0,0,0,0,0,80,0,0,0,0,0,0,0,0,0,0,0,0,255,0,7,50,1,0,1,-32490,-30216,794,1049,550,561,28,41,2034,14,13,18,0,0,0,0,0,0,2354,0,0,0,0,0,0,1513,3023,13,0,13,171,20,576,65,0,0,0,1336,2872,20,0,19,0,25,351,0,0,0,0,1009,0,993,0,992,0,1002,9,0,0,0,0,0,0,0,0,0,0,0,0,0,0,0,0,0,0,0,0,0,0
43.7072,0,0,14371,6,2,4,0,2,100,0,0,0,0,0,0,0,0,0,0,0,0,0,0,0,0,0,80,0,0,0,0,0,0,0,0,0,0,0,0,255,0,7,50,1,0,1,-32490,-30216,794,1049,550,841,28,40,2034,13,14,13,0,0,0,0,0,0,2367,0,0,0,0,0,0,1465,3004,13,0,13,153,19,492,-55,0,0,0,1369,3092,20,0,19,0,26,379,0,0,0,0,1006,0,993,0,993,0,1000,7,0,0,0,0,0,0,0,0,0,0,0,0,0,0,0,0,0,0,0,0,0,0
43.9938,0,0,14371,6,2,4,0,2,100,0,0,0,0,0,0,0,0,0,0,0,0,0,0,0,0,0,80,0,0,0,0,0,0,0,0,0,0,0,0,255,0,7,50,1,0,1,-32490,-30216,794,1049,806,131,28,40,2033,20,17,37,0,0,0,0,0,0,2354,0,0,0,0,0,0,1727,2933,13,0,13,248,23,795,-40,0,0,0,1417,2822,20,0,19,0,28,464,0,0,0,0,1018,0,993,0,992,0,1010,20,0,0,0,0,0,0,0,0,0,0,0,0,0,0,0,0,0,0,0,0,0,0
44.2805,0,0,14371,6,2,4,0,2,100,0,0,0,0,0,0,0,0,0,0,0,0,0,0,0,0,0,80,0,0,0,0,0,0,0,0,0,0,0,0,255,0,7,50,1,0,1,-32490,-30216,794,1049,806,416,27,40,2034,21,17,49,0,0,0,0,0,0,2361,0,0,0,0,0,0,1714,3010,13,0,13,271,24,811,75,0,0,0,1430,2882,20,0,20,0,28,450,0,0,0,0,1024,0,993,0,993,0,1017,25,0,0,0,0,0,0,0,0,0,0,0,0,0,0,0,0,0,0,0,0,0,0
44.5671,0,0,14371,6,2,4,0,2,100,0,0,0,0,0,0,0,0,0,0,0,0,0,0,0,0,0,80,0,0,0,0,0,0,0,0,0,0,0,0,255,0,7,50,1,0,1,-32490,-30216,794,1049,806,701,27,40,2033,25,21,68,45,0,0,0,0,0,2354,3,0,0,525,301,222,1772,2955,13,0,14,340,25,980,117,0,0,0,1535,2674,19,0,20,0,30,577,0,0,0,0,1032,0,993,0,993,0,1025,34,0,0,0,0,0,0,0,0,0,0,0,0,0,0,0,0,0,1,0,0,0,1
44.8535,0,0,14371,6,2,4,0,2,100,0,0,0,0,0,0,0,0,0,0,0,0,0,0,0,0,0,80,0,0,0,0,0,0,0,0,0,0,0,0,255,0,7,50,1,0,1,-32490,-30216,794,1049,806,991,27,40,2033,33,24,78,55,0,0,0,0,0,2361,3,0,0,525,301,222,2074,3908,13,0,14,404,30,1274,-135,0,0,0,1562,2450,19,0,20,0,31,630,0,0,0,0,1034,0,993,0,993,0,1027,44,0,0,0,0,0,0,0,0,0,0,0,0,0,0,0,0,0,1,0,0,0,1
45.1403,0,0,14371,6,2,4,0,2,100,0,0,0,0,0,0,0,0,0,0,0,0,0,0,0,0,0,80,0,0,0,0,0,0,0,0,0,0,0,0,255,0,7,50,1,0,1,-32490,-30216,794,1049,1062,276,27,40,2034,38,25,116,72,0,0,0,0,0,2354,5,0,0,525,301,222,2117,3106,13,0,15,514,33,1395,-132,0,0,0,1575,2768,19,0,20,0,32,649,0,0,0,0,1050,0,993,0,993,0,1043,64,0,0,0,0,0,0,0,0,0,0,0,0,0,0,0,0,0,1,0,0,0,1
45.4251,0,0,14371,6,2,4,0,2,100,0,0,0,0,0,0,0,0,0,0,0,0,0,0,0,0,0,80,0,0,0,0,0,0,0,0,0,0,0,0,255,0,7,50,1,0,1,-32490,-30216,794,1049,1062,561,27,40,2034,38,23,121,62,0,0,0,0,0,2367,4,0,0,525,301,222,2078,4289,13,0,14,451,31,1467,85,0,0,0,1525,2792,19,0,19,0,29,662,0,0,0,0,1052,0,993,0,992,0,1045,66,0,0,0,0,0,0,0,0,0,0,0,0,0,0,0,0,0,1,0,0,0,1
45.7120,0,0,14371,6,2,4,0,2,100,0,0,0,0,0,0,0,0,0,0,0,0,0,0,0,0,0,80,0,0,0,0,0,0,0,0,0,0,0,0,255,0,7,50,1,0,1,-32490,-30216,794,1049,1062,846,27,40,2034,38,24,110,72,0,0,0,0,0,2361,5,0,0,525,296,209,2174,3244,13,0,15,504,33,1481,-136,0,0,0,1525,2646,19,0,20,0,30,647,0,0,0,0,1047,0,993,0,993,0,1041,61,0,0,0,0,0,0,0,0,0,0,0,0,0,0,0,0,1,4,0,0,0,7
45.9973,0,0,14371,6,2,4,0,2,100,0,0,0,0,0,0,0,0,0,0,0,0,0,0,0,0,0,80,0,0,0,0,0,0,0,0,0,0,0,0,255,0,7,50,1,0,1,-32490,-30216,794,1049,1318,136,27,40,2034,38,23,89,63,0,0,0,0,0,2373,4,0,0,525,296,209,2264,4493,13,0,14,441,33,1503,-360,0,0,0,1519,2509,19,0,20,0,31,611,0,0,0,0,1040,0,993,0,993,0,1033,48,0,0,0,0,0,0,0,0,0,0,0,0,0,0,0,0,1,4,0,0,0,7
46.2831,0,0,14371,6,2,4,0,2,100,0,0,0,0,0,0,0,0,0,0,0,0,0,0,0,0,0,80,0,0,0,0,0,0,0,0,0,0,0,0,255,0,7,50,1,0,1,-32490,-30216,794,1049,1318,421,27,40,2034,27,21,67,49,0,0,0,0,0,2373,3,0,0,525,296,209,1900,3130,13,0,14,349,27,1057,-208,0,0,0,1534,2767,19,0,19,0,30,579,0,0,0,0,1027,0,993,0,992,0,1020,38,0,0,0,0,0,0,0,0,0,0,0,0,0,0,0,0,1,4,0,0,0,7
46.5705,0,0,14371,6,2,4,0,2,100,0,0,0,0,0,0,0,0,0,0,0,0,0,0,0,0,0,80,0,0,0,0,0,0,0,0,0,0,0,0,255,0,7,50,1,0,1,-32490,-30216,794,1049,1318,706,27,40,2034,22,20,57,39,0,0,0,0,0,2380,2,0,0,518,296,219,1715,3006,13,0,14,289,24,886,21,0,0,0,1493,2552,19,0,19,0,29,534,0,0,0,0,1026,0,993,0,993,0,1019,33,0,0,0,0,0,0,0,0,0,0,0,0,0,0,0,0,0,3,0,0,0,4
46.8562,0,0,14371,6,2,4,0,2,100,0,0,0,0,0,0,0,0,0,0,0,0,0,0,0,0,0,80,0,0,0,0,0,0,0,0,0,0,0,0,255,0,7,50,1,0,1,-32490,-30216,794,1049,1318,991,27,40,2034,26,20,88,42,0,0,0,0,0,2329,3,0,0,518,296,219,1885,3844,13,0,14,316,26,1001,-273,0,0,0,1502,2724,19,0,19,0,29,558,0,0,0,0,1039,0,993,0,992,0,1031,48,0,0,0,0,0,0,0,0,0,0,0,0,0,0,0,0,0,3,0,0,0,4
47.1433,0,0,14371,6,2,4,0,2,100,0,0,0,0,0,0,0,0,0,0,0,0,0,0,0,0,0,80,0,0,0,0,0,0,0,0,0,0,0,0,255,0,7,50,1,0,1,-32490,-30216,794,1049,1574,276,27,40,2034,35,23,137,58,0,0,0,0,0,2342,4,0,0,518,296,219,2056,4325,13,0,14,422,30,1353,47,0,0,0,1485,4000,19,0,19,0,29,701,0,0,0,0,1056,0,993,0,994,0,1050,78,0,0,0,0,0,0,0,0,0,0,0,0,0,0,0,0,0,3,0,0,0,4
47.4297,0,0,14371,6,2,4,0,2,100,0,0,0,0,0,0,0,0,0,0,0,0,0,0,0,0,0,80,0,0,0,0,0,0,0,0,0,0,0,0,255,0,7,50,1,0,1,-32490,-30216,794,1049,1574,566,27,40,2034,61,32,210,101,0,0,0,0,0,2392,7,0,0,518,296,219,2412,3818,13,0,17,631,43,1953,-41,0,0,0,1591,3290,19,0,20,0,32,949,0,0,0,0,1083,0,993,1,993,0,1076,122,0,0,0,0,0,0,0,0,0,0,0,0,0,0,0,0,0,3,0,0,0,4
47.7153,0,0,14371,6,2,4,0,2,100,0,0,0,0,0,0,0,0,0,0,0,0,0,0,0,0,0,80,0,0,0,0,0,0,0,0,0,0,0,0,255,0,7,50,1,0,1,-32490,-30216,794,1049,1574,851,27,40,2034,48,30,126,74,0,0,0,0,0,2373,5,0,0,533,78,219,2484,4922,13,0,15,524,38,1959,-147,0,0,0,1648,2784,19,0,21,0,34,800,0,0,0,0,1055,0,993,0,993,0,1049,80,0,0,0,0,0,0,0,0,0,0,0,0,0,0,0,0,1,3,0,0,0,5
48.0016,0,0,14371,6,2,4,0,2,100,0,0,0,0,0,0,0,0,0,0,0,0,0,0,0,0,0,80,0,0,0,0,0,0,0,0,0,0,0,0,255,0,7,50,1,0,1,-32490,-30216,794,1049,1830,136,27,40,2034,19,21,51,31,0,0,0,0,0,2361,2,0,0,533,78,219,1643,3169,13,0,13,230,22,785,96,0,0,0,1495,2678,19,0,19,0,29,575,0,0,0,0,1023,0,993,0,992,0,1016,28,0,0,0,0,0,0,0,0,0,0,0,0,0,0,0,0,1,3,0,0,0,5
48.2891,0,0,14371,6,2,4,0,2,100,0,0,0,0,0,0,0,0,0,0,0,0,0,0,0,0,0,80,0,0,0,0,0,0,0,0,0,0,0,0,255,0,7,50,1,0,1,-32490,-30216,794,1049,1830,426,27,40,2034,44,31,172,65,0,0,0,0,0,2367,4,0,0,533,78,219,2180,4690,13,0,14,473,32,1796,102,0,0,0,1582,5031,19,0,19,0,30,1048,0,0,0,0,1073,0,993,0,993,0,1066,96,0,0,0,0,0,0,0,0,0,0,0,0,0,0,0,0,1,3,0,0,0,5
48.5735,0,0,14371,6,2,4,0,2,100,0,0,0,0,0,0,0,0,0,0,0,0,0,0,0,0,0,80,0,0,0,0,0,0,0,0,0,0,0,0,255,0,7,50,1,0,1,-32490,-30216,794,1049,1830,711,27,40,2034,60,42,234,61,0,0,0,0,0,2361,3,0,0,614,308,308,2666,4649,13,0,15,605,42,2221,-312,0,0,0,1673,5418,19,0,20,0,34,1306,0,0,0,0,1092,0,993,1,993,0,1085,137,0,0,0,0,0,0,0,0,0,0,0,0,0,0,0,0,0,3,0,0,0,5
48.8598,0,0,14371,6,2,4,0,2,100,0,0,0,0,0,0,0,0,0,0,0,0,0,0,0,0,0,80,0,0,0,0,0,0,0,0,0,0,0,0,255,0,7,50,1,0,1,-32490,-30216,794,1049,1830,996,27,40,2033,25,27,73,27,0,0,0,0,0,2361,1,0,0,614,308,308,1857,3615,13,0,13,281,26,984,-130,0,0,0,1642,3076,19,0,19,0,31,777,0,0,0,0,1026,0,993,0,990,0,1017,46,0,0,0,0,0,0,0,0,0,0,0,0,0,0,0,0,0,3,0,0,0,5
49.1469,0,0,14371,6,2,4,0,2,100,0,0,0,0,0,0,0,0,0,0,0,0,0,0,0,0,0,80,0,0,0,0,0,0,0,0,0,0,0,0,255,0,7,50,1,0,1,-32490,-30216,794,1049,2086,281,27,40,2034,17,21,55,20,0,0,0,0,0,2342,1,0,0,614,308,308,1640,2929,13,0,13,219,22,701,-213,0,0,0,1547,2325,19,0,19,0,29,596,0,0,0,0,1024,0,993,0,993,0,1017,29,0,0,0,0,0,0,0,0,0,0,0,0,0,0,0,0,0,3,0,0,0,5
49.4324,0,0,14371,6,2,4,0,2,100,0,0,0,0,0,0,0,0,0,0,0,0,0,0,0,0,0,80,0,0,0,0,0,0,0,0,0,0,0,0,255,0,7,50,1,0,1,-32490,-30216,794,1049,2086,571,27,40,2034,24,23,107,30,0,0,0,0,0,2367,1,0,0,614,308,308,1920,3612,13,0,13,320,26,1048,-520,0,0,0,1511,2718,19,0,19,0,29,678,0,0,0,0,1049,0,993,0,995,0,1045,57,0,0,0,0,0,0,0,0,0,0,0,0,0,0,0,0,0,3,0,0,0,5
49.7193,0,0,14371,6,2,4,0,2,100,0,0,0,0,0,0,0,0,0,0,0,0,0,0,0,0,0,80,0,0,0,0,0,0,0,0,0,0,0,0,255,0,7,50,1,0,1,-32490,-30216,794,1049,2086,856,27,40,2034,23,24,72,30,0,0,0,0,0,2342,1,0,0,599,283,283,1817,3200,13,0,13,290,25,940,-125,0,0,0,1564,2423,19,0,19,0,30,673,0,0,0,0,1031,0,993,0,994,0,1025,40,0,0,0,0,0,0,0,0,0,0,0,0,0,0,0,0,0,2,0,0,0,3
50.0055,0,0,14371,6,2,4,0,2,100,0,0,0,0,0,0,0,0,0,0,0,0,0,0,0,0,0,80,0,0,0,0,0,0,0,0,0,0,0,0,255,0,7,50,1,0,1,-32490,-30216,794,1049,2342,141,27,40,2034,35,29,128,47,0,0,0,0,0,2367,2,0,0,599,283,283,2030,2962,13,0,15,435,30,1308,-258,0,0,0,1648,2726,19,0,20,0,33,816,0,0,0,0,1059,0,993,0,993,0,1052,71,0,0,0,0,0,0,0,0,0,0,0,0,0,0,0,0,0,2,0,0,0,3
50.2919,0,0,14371,6,2,4,0,2,100,0,0,0,0,0,0,0,0,0,0,0,0,0,0,0,0,0,80,0,0,0,0,0,0,0,0,0,0,0,0,255,0,7,50,1,0,1,-32490,-30216,794,1049,2342,426,27,40,2034,24,28,106,37,0,0,0,0,0,2367,2,0,0,599,283,283,1774,2508,13,0,14,357,25,983,43,0,0,0,1677,2408,19,0,19,0,32,814,0,0,0,0,1052,0,993,0,993,0,1045,56,0,0,0,0,0,0,0,0,0,0,0,0,0,0,0,0,0,2,0,0,0,3
50.5774,0,0,14371,6,2,4,0,2,100,0,0,0,0,0,0,0,0,0,0,0,0,0,0,0,0,0,80,0,0,0,0,0,0,0,0,0,0,0,0,255,0,7,50,1,0,1,-32490,-30216,794,1049,2342,716,27,40,2034,20,24,86,25,0,0,0,0,0,2342,1,0,0,619,291,288,1625,3252,13,0,13,261,21,862,156,0,0,0,1563,1942,19,0,19,0,30,645,0,0,0,0,1041,0,993,0,993,0,1034,45,0,0,0,0,0,0,0,0,0,0,0,0,0,0,0,0,0,1,0,0,0,3
50.8610,0,0,14371,6,2,4,0,2,100,0,0,0,0,0,0,0,0,0,0,0,0,0,0,0,0,0,80,0,0,0,0,0,0,0,0,0,0,0,0,255,0,7,50,1,0,1,-32490,-30216,794,1049,2598,1,28,40,2034,56,44,128,85,0,0,0,0,0,2342,4,0,0,619,291,288,1970,3025,13,0,18,598,38,1604,316,0,0,0,1906,3469,19,0,20,0,40,1152,0,0,0,0,1056,0,993,0,992,0,1049,70,0,0,0,0,0,0,0,0,0,0,0,0,0,0,0,0,0,1,0,0,0,3
51.1470,0,0,14371,6,2,4,0,2,100,0,0,0,0,0,0,0,0,0,0,0,0,0,0,0,0,0,80,0,0,0,0,0,0,0,0,0,0,0,0,255,0,7,50,1,0,1,-32490,-30216,794,1049,2598,281,27,40,2034,25,24,111,33,0,0,0,0,0,2342,1,0,0,619,291,288,1778,3001,13,0,14,314,25,972,-100,0,0,0,1574,2419,19,0,20,0,31,646,0,0,0,0,1050,0,993,0,993,0,1044,60,0,0,0,0,0,0,0,0,0,0,0,0,0,0,0,0,0,1,0,0,0,3
51.4344,0,0,14371,6,2,4,0,2,100,0,0,0,0,0,0,0,0,0,0,0,0,0,0,0,0,0,80,0,0,0,0,0,0,0,0,0,0,0,0,255,0,7,50,1,0,1,-32490,-30216,794,1049,2598,571,27,40,2034,34,25,129,42,0,0,0,0,0,2367,2,0,0,619,291,288,2098,3731,13,0,14,412,30,1325,-312,0,0,0,1550,2751,19,0,19,0,30,677,0,0,0,0,1065,0,993,0,994,0,1058,71,0,0,0,0,0,0,0,0,0,0,0,0,0,0,0,0,0,1,0,0,0,3
51.7208,0,0,14371,6,2,4,0,2,100,0,0,0,0,0,0,0,0,0,0,0,0,0,0,0,0,0,80,0,0,0,0,0,0,0,0,0,0,0,0,255,0,7,50,1,0,1,-32490,-30216,794,1049,2598,856,27,40,2033,34,21,128,37,0,0,0,0,0,2342,2,0,0,515,286,288,2068,6077,13,0,13,381,28,1526,279,0,0,0,1509,2550,19,0,18,0,28,628,0,0,0,0,1043,0,993,0,991,0,1034,85,0,0,0,0,0,0,0,0,0,0,0,0,0,0,0,0,3,5,0,0,0,10
52.0073,0,0,14371,6,2,4,0,2,100,0,0,0,0,0,0,0,0,0,0,0,0,0,0,0,0,0,80,0,0,0,0,0,0,0,0,0,0,0,0,255,0,7,50,1,0,1,-32490,-30216,794,1049,2854,141,27,40,2034,20,17,65,28,0,0,0,0,0,2361,1,0,0,515,286,288,1740,3013,13,0,13,284,23,855,-102,0,0,0,1439,2804,19,0,19,0,27,491,0,0,0,0,1030,0,993,0,993,0,1024,34,0,0,0,0,0,0,0,0,0,0,0,0,0,0,0,0,3,5,0,0,0,10
52.2946,0,0,14371,6,2,4,0,2,100,0,0,0,0,0,0,0,0,0,0,0,0,0,0,0,0,0,80,0,0,0,0,0,0,0,0,0,0,0,0,255,0,7,50,1,0,1,-32490,-30216,794,1049,2854,431,27,40,2034,24,22,89,34,0,0,0,0,0,2354,1,0,0,515,286,288,1735,2767,13,0,14,346,24,989,140,0,0,0,1471,3965,19,0,19,0,28,711,0,0,0,0,1039,0,993,0,994,0,1033,49,0,0,0,0,0,0,0,0,0,0,0,0,0,0,0,0,3,5,0,0,0,10
52.5802,0,0,14371,6,2,4,0,2,100,0,0,0,0,0,0,0,0,0,0,0,0,0,0,0,0,0,80,0,0,0,0,0,0,0,0,0,0,0,0,255,0,7,50,1,0,1,-32490,-30216,794,1049,2854,716,27,40,2034,20,19,54,26,0,0,0,0,0,2354,1,0,0,515,286,288,1683,2771,13,0,13,259,23,791,-68,0,0,0,1476,2466,19,0,19,0,28,528,0,0,0,0,1025,0,993,0,993,0,1018,28,0,0,0,0,0,0,0,0,0,0,0,0,0,0,0,0,3,5,0,0,0,10
52.8671,0,0,14371,6,2,4,0,2,100,0,0,0,0,0,0,0,0,0,0,0,0,0,0,0,0,0,80,0,0,0,0,0,0,0,0,0,0,0,0,255,0,7,50,1,0,1,-32490,-30216,794,1049,3110,1,27,39,2033,26,22,76,27,0,0,0,0,0,2354,1,0,0,528,283,313,1686,5975,13,0,13,313,22,1334,876,0,0,0,1489,2627,19,0,19,0,28,656,0,0,0,0,1021,0,993,0,990,0,1012,54,0,0,0,0,0,0,0,0,0,0,0,0,0,0,0,0,0,1,0,0,0,2
53.1520,0,0,14371,6,2,4,0,2,100,0,0,0,0,0,0,0,0,0,0,0,0,0,0,0,0,0,80,0,0,0,0,0,0,0,0,0,0,0,0,255,0,7,50,1,0,1,-32490,-30216,794,1049,3110,291,27,39,2034,24,24,93,30,0,0,0,0,0,2367,1,0,0,528,283,313,1725,3073,13,0,14,321,24,1003,132,0,0,0,1507,2500,19,0,20,0,30,689,0,0,0,0,1042,0,993,0,994,0,1037,48,0,0,0,0,0,0,0,0,0,0,0,0,0,0,0,0,0,1,0,0,0,2
53.4385,0,0,14371,6,2,4,0,2,100,0,0,0,0,0,0,0,0,0,0,0,0,0,0,0,0,0,80,0,0,0,0,0,0,0,0,0,0,0,0,255,0,7,50,1,0,1,-32490,-30216,794,1049,3110,576,27,39,2034,27,24,98,33,0,0,0,0,0,2373,1,0,0,528,283,313,1791,3973,13,0,14,354,25,1192,4,0,0,0,1602,2183,19,0,19,0,31,673,0,0,0,0,1043,0,993,0,992,0,1035,54,0,0,0,0,0,0,0,0,0,0,0,0,0,0,0,0,0,1,0,0,0,2
53.7246,0,0,14371,6,2,4,0,2,100,0,0,0,0,0,0,0,0,0,0,0,0,0,0,0,0,0,80,0,0,0,0,0,0,0,0,0,0,0,0,255,0,7,50,1,0,1,-32490,-30216,794,1049,3110,861,27,39,2034,21,25,56,27,0,0,0,0,0,2367,1,0,0,612,306,303,1750,3137,13,0,13,284,23,895,-173,0,0,0,1614,2186,19,0,19,0,31,688,0,0,0,0,1025,0,993,0,993,0,1018,30,0,0,0,0,0,0,0,0,0,0,0,0,0,0,0,0,0,1,0,0,0,2
54.0123,0,0,14371,6,2,4,0,2,100,0,0,0,0,0,0,0,0,0,0,0,0,0,0,0,0,0,80,0,0,0,0,0,0,0,0,0,0,0,0,255,0,7,50,1,0,1,-32490,-30216,794,1049,3366,146,27,39,2034,27,25,142,35,0,0,0,0,0,2367,1,0,0,612,306,303,1907,3598,13,0,14,356,27,1118,-150,0,0,0,1608,2327,19,0,20,0,33,677,0,0,0,0,1066,0,993,0,992,0,1059,82,0,0,0,0,0,0,0,0,0,0,0,0,0,0,0,0,0,1,0,0,0,2
54.2962,0,0,14371,6,2,4,0,2,100,0,0,0,0,0,0,0,0,0,0,0,0,0,0,0,0,0,80,0,0,0,0,0,0,0,0,0,0,0,0,255,0,7,50,1,0,1,-32490,-30216,794,1049,3366,436,27,39,2034,27,30,137,36,0,0,0,0,0,2354,1,0,0,612,306,303,1848,2800,13,0,14,371,26,1083,-109,0,0,0,1714,2809,19,0,20,0,34,892,0,0,0,0,1058,0,993,1,995,0,1053,76,0,0,0,0,0,0,0,0,0,0,0,0,0,0,0,0,0,1,0,0,0,2
54.5823,0,0,14371,6,2,4,0,2,100,0,0,0,0,0,0,0,0,0,0,0,0,0,0,0,0,0,80,0,0,0,0,0,0,0,0,0,0,0,0,255,0,7,50,1,0,1,-32490,-30216,794,1049,3366,716,27,39,2033,29,31,146,43,0,0,0,0,0,2367,2,0,0,612,306,303,1938,2604,13,0,14,431,28,1221,-270,0,0,0,1686,2353,19,0,20,0,33,901,0,0,0,0,1065,0,993,1,992,0,1057,78,0,0,0,0,0,0,0,0,0,0,0,0,0,0,0,0,0,1,0,0,0,2
54.8682,0,0,14371,6,2,4,0,2,100,0,0,0,0,0,0,0,0,0,0,0,0,0,0,0,0,0,80,0,0,0,0,0,0,0,0,0,0,0,0,255,0,7,50,1,0,1,-32490,-30216,794,1049,3622,6,27,39,2034,30,35,149,43,0,0,0,0,0,2354,2,0,0,604,281,283,1980,2903,13,0,14,420,28,1270,-35,0,0,0,1917,2273,19,0,21,0,41,1058,0,0,0,0,1071,0,993,1,993,0,1064,80,0,0,0,0,0,0,0,0,0,0,0,0,0,0,0,0,0,2,0,0,0,4
55.1518,0,0,14371,6,2,4,0,2,100,0,0,0,0,0,0,0,0,0,0,0,0,0,0,0,0,0,80,0,0,0,0,0,0,0,0,0,0,0,0,255,0,7,50,1,0,1,-32490,-30216,794,1049,3622,291,27,39,2034,29,27,132,43,0,0,0,0,0,2367,2,0,0,604,281,283,2009,3098,13,0,14,414,29,1212,-370,0,0,0,1628,2405,19,0,19,0,32,747,0,0,0,0,1057,0,993,1,993,0,1051,72,0,0,0,0,0,0,0,0,0,0,0,0,0,0,0,0,0,2,0,0,0,4
55.4347,0,0,14371,6,2,4,0,2,100,0,0,0,0,0,0,0,0,0,0,0,0,0,0,0,0,0,80,0,0,0,0,0,0,0,0,0,0,0,0,255,0,7,50,1,0,1,-32490,-30216,794,1049,3622,576,27,39,2034,31,24,116,39,0,0,0,0,0,2361,2,0,0,604,281,283,2014,3593,13,0,13,392,27,1418,-227,0,0,0,1554,3004,19,0,18,0,29,785,0,0,0,0,1049,0,993,0,991,0,1040,65,0,0,0,0,0,0,0,0,0,0,0,0,0,0,0,0,0,2,0,0,0,4
55.7201,0,0,14371,6,2,4,0,2,100,0,0,0,0,0,0,0,0,0,0,0,0,0,0,0,0,0,80,0,0,0,0,0,0,0,0,0,0,0,0,255,0,7,50,1,0,1,-32490,-30216,794,1049,3622,856,27,39,2033,34,25,132,38,0,0,0,0,0,2342,2,0,0,91,278,276,2016,6423,13,0,13,383,27,1637,556,0,0,0,1462,4227,19,0,18,0,27,874,0,0,0,0,1039,0,993,0,990,0,1029,91,0,0,0,0,0,0,0,0,0,0,0,0,0,0,0,1,0,1,0,0,0,3
56.0056,0,0,14371,6,2,4,0,2,100,0,0,0,0,0,0,0,0,0,0,0,0,0,0,0,0,0,80,0,0,0,0,0,0,0,0,0,0,0,0,255,0,7,50,1,0,1,-32490,-30216,794,1049,3878,141,27,39,2034,41,29,185,45,0,0,0,0,0,2367,2,0,0,91,278,276,2192,4161,13,0,14,421,32,1631,-88,0,0,0,1701,2629,19,0,20,0,34,826,0,0,0,0,1070,0,993,1,994,0,1065,113,0,0,0,0,0,0,0,0,0,0,0,0,0,0,0,1,0,1,0,0,0,3
56.2910,0,0,14371,6,2,4,0,2,100,0,0,0,0,0,0,0,0,0,0,0,0,0,0,0,0,0,80,0,0,0,0,0,0,0,0,0,0,0,0,255,0,7,50,1,0,1,-32490,-30216,794,1049,3878,426,27,39,2034,19,21,58,25,0,0,0,0,0,2342,1,0,0,91,278,276,1667,2965,13,0,13,238,23,763,-89,0,0,0,1527,2355,19,0,19,0,29,590,0,0,0,0,1025,0,993,0,993,0,1018,32,0,0,0,0,0,0,0,0,0,0,0,0,0,0,0,1,0,1,0,0,0,3
56.5774,0,0,14371,6,2,4,0,2,100,0,0,0,0,0,0,0,0,0,0,0,0,0,0,0,0,0,80,0,0,0,0,0,0,0,0,0,0,0,0,255,0,7,50,1,0,1,-32490,-30216,794,1049,3878,711,27,39,2034,13,14,17,0,0,0,0,0,0,2361,0,0,0,0,0,0,1474,2797,13,0,13,180,19,532,0,0,0,0,1378,2878,19,0,19,0,27,393,0,0,0,0,1008,0,993,0,993,0,1001,9,0,0,0,0,0,0,0,0,0,0,0,0,0,0,0,0,0,0,0,0,0,0
56.8649,0,0,14371,6,2,4,0,2,100,0,0,0,0,0,0,0,0,0,0,0,0,0,0,0,0,0,80,0,0,0,0,0,0,0,0,0,0,0,0,255,0,7,50,1,0,1,-32490,-30216,794,1049,3878,996,27,39,2034,13,14,14,0,0,0,0,0,0,2367,0,0,0,0,0,0,1451,2870,13,0,13,161,19,544,2,0,0,0,1373,3174,19,0,19,0,26,387,0,0,0,0,1006,0,993,0,993,0,999,7,0,0,0,0,0,0,0,0,0,0,0,0,0,0,0,0,0,0,0,0,0,0
57.1525,0,0,14371,6,2,4,0,2,100,0,0,0,0,0,0,0,0,0,0,0,0,0,0,0,0,0,80,0,0,0,0,0,0,0,0,0,0,0,0,255,0,7,50,1,0,1,-32490,-30216,794,1049,4134,286,27,39,2034,13,13,14,0,0,0,0,0,0,2354,0,0,0,0,0,0,1474,3016,13,0,13,150,19,510,6,0,0,0,1327,3078,19,0,19,0,25,353,0,0,0,0,1007,0,993,0,993,0,1000,7,0,0,0,0,0,0,0,0,0,0,0,0,0,0,0,0,0,0,0,0,0,0
57.4387,0,0,14371,6,2,4,0,2,100,0,0,0,0,0,0,0,0,0,0,0,0,0,0,0,0,0,80,0,0,0,0,0,0,0,0,0,0,0,0,255,0,7,50,1,0,1,-32490,-30216,794,1049,4134,571,27,39,2034,12,12,13,0,0,0,0,0,0,2373,0,0,0,0,0,0,1412,2886,13,0,13,148,19,495,103,0,0,0,1325,3016,19,0,19,0,25,342,0,0,0,0,1006,0,993,0,993,0,1000,7,0,0,0,0,0,0,0,0,0,0,0,0,0,0,0,0,0,0,0,0,0,0
57.7229,0,0,14371,6,2,4,0,2,100,0,0,0,0,0,0,0,0,0,0,0,0,0,0,0,0,0,80,0,0,0,0,0,0,0,0,0,0,0,0,255,0,7,50,1,0,1,-32490,-30216,794,1049,4134,856,27,39,2034,12,12,13,0,0,0,0,0,0,2354,0,0,0,0,0,0,1462,2975,13,0,13,145,19,514,34,0,0,0,1326,3118,19,0,19,0,26,336,0,0,0,0,1006,0,993,0,993,0,999,7,0,0,0,0,0,0,0,0,0,0,0,0,0,0,0,0,0,0,0,0,0,0
58.0091,0,0,14371,6,2,4,0,2,100,0,0,0,0,0,0,0,0,0,0,0,0,0,0,0,0,0,80,0,0,0,0,0,0,0,0,0,0,0,0,255,0,7,50,1,0,1,-32490,-30216,794,1049,4390,141,27,39,2034,12,13,13,0,0,0,0,0,0,2367,0,0,0,0,0,0,1436,2883,13,0,13,151,19,463,2,0,0,0,1328,3157,19,0,19,0,26,360,0,0,0,0,1006,0,993,0,993,0,999,6,0,0,0,0,0,0,0,0,0,0,0,0,0,0,0,0,0,0,0,0,0,0
58.2958,0,0,14371,6,2,4,0,2,100,0,0,0,0,0,0,0,0,0,0,0,0,0,0,0,0,0,80,0,0,0,0,0,0,0,0,0,0,0,0,255,0,7,50,1,0,1,-32490,-30216,794,1049,4390,426,27,39,2034,13,12,13,0,0,0,0,0,0,2354,0,0,0,0,0,0,1483,2997,13,0,13,144,19,504,-62,0,0,0,1313,2853,19,0,19,0,25,326,0,0,0,0,1007,0,993,0,993,0,1000,7,0,0,0,0,0,0,0,0,0,0,0,0,0,0,0,0,0,0,0,0,0,0
58.5829,0,0,14371,6,2,4,0,2,100,0,0,0,0,0,0,0,0,0,0,0,0,0,0,0,0,0,80,0,0,0,0,0,0,0,0,0,0,0,0,255,0,7,50,1,0,1,-32490,-30216,794,1049,4390,711,27,39,2034,12,14,13,0,0,0,0,0,0,2367,0,0,0,0,0,0,1443,2968,13,0,13,142,19,508,-42,0,0,0,1368,3233,19,0,19,0,26,376,0,0,0,0,1006,0,993,0,993,0,999,6,0,0,0,0,0,0,0,0,0,0,0,0,0,0,0,0,0,0,0,0,0,0
58.8670,0,0,14371,6,2,4,0,2,100,0,0,0,0,0,0,0,0,0,0,0,0,0,0,0,0,0,80,0,0,0,0,0,0,0,0,0,0,0,0,255,0,7,50,1,0,1,-32490,-30216,794,1049,4390,996,27,39,2034,11,13,13,0,0,0,0,0,0,2329,0,0,0,0,0,0,1408,2826,13,0,13,141,18,467,44,0,0,0,1335,3296,19,0,19,0,26,350,0,0,0,0,1007,0,993,0,993,0,1000,7,0,0,0,0,0,0,0,0,0,0,0,0,0,0,0,0,0,0,0,0,0,0
59.1530,0,0,14371,6,2,4,0,2,100,0,0,0,0,0,0,0,0,0,0,0,0,0,0,0,0,0,80,0,0,0,0,0,0,0,0,0,0,0,0,255,0,7,50,1,0,1,-32490,-30216,794,1049,4646,281,27,39,2034,12,13,13,0,0,0,0,0,0,2342,0,0,0,0,0,0,1413,3054,13,0,13,144,18,500,130,0,0,0,1343,3195,19,0,19,0,26,359,0,0,0,0,1006,0,993,0,993,0,999,6,0,0,0,0,0,0,0,0,0,0,0,0,0,0,0,0,0,0,0,0,0,0
59.4386,0,0,14371,6,2,4,0,2,100,0,0,0,0,0,0,0,0,0,0,0,0,0,0,0,0,0,80,0,0,0,0,0,0,0,0,0,0,0,0,255,0,7,50,1,0,1,-32490,-30216,794,1049,4646,566,27,39,2034,12,12,15,0,0,0,0,0,0,2367,0,0,0,0,0,0,1429,3029,13,0,13,147,19,503,82,0,0,0,1315,3133,19,0,19,0,25,330,0,0,0,0,1007,0,993,0,993,0,1000,7,0,0,0,0,0,0,0,0,0,0,0,0,0,0,0,0,0,0,0,0,0,0
59.7257,0,0,14371,6,2,4,0,2,100,0,0,0,0,0,0,0,0,0,0,0,0,0,0,0,0,0,80,0,0,0,0,0,0,0,0,0,0,0,0,255,0,7,50,1,0,1,-32490,-30216,794,1049,4646,846,27,39,2034,11,14,14,0,0,0,0,0,0,2342,0,0,0,0,0,0,1412,2799,13,0,13,140,18,455,5,0,0,0,1306,3461,19,0,19,0,25,405,0,0,0,0,1006,0,993,0,993,0,999,7,0,0,0,0,0,0,0,0,0,0,0,0,0,0,0,0,0,0,0,0,0,0
60.0124,0,0,14371,6,2,4,0,2,100,0,0,0,0,0,0,0,0,0,0,0,0,0,0,0,0,0,80,0,0,0,0,0,0,0,0,0,0,0,0,255,0,7,50,1,0,1,-32490,-30216,794,1049,4902,136,27,39,2034,12,12,13,0,0,0,0,0,0,2373,0,0,0,0,0,0,1429,3044,13,0,13,146,19,504,36,0,0,0,1287,2933,19,0,19,0,25,323,0,0,0,0,1005,0,993,0,993,0,998,6,0,0,0,0,0,0,0,0,0,0,0,0,0,0,0,0,0,0,0,0,0,0
60.2992,0,0,14371,6,2,4,0,2,100,0,0,0,0,0,0,0,0,0,0,0,0,0,0,0,0,0,80,0,0,0,0,0,0,0,0,0,0,0,0,255,0,7,50,1,0,1,-32490,-30216,794,1049,4902,421,27,39,2034,12,12,11,0,0,0,0,0,0,2354,0,0,0,0,0,0,1468,3020,13,0,13,137,19,500,-40,0,0,0,1318,3032,19,0,19,0,25,330,0,0,0,0,1006,0,993,0,993,0,999,6,0,0,0,0,0,0,0,0,0,0,0,0,0,0,0,0,0,0,0,0,0,0
60.5854,0,0,14371,6,2,4,0,2,100,0,0,0,0,0,0,0,0,0,0,0,0,0,0,0,0,0,80,0,0,0,0,0,0,0,0,0,0,0,0,255,0,7,50,1,0,1,-32490,-30216,794,1049,4902,706,27,39,2034,12,12,13,0,0,0,0,0,0,2342,0,0,0,0,0,0,1451,3024,13,0,13,140,19,468,30,0,0,0,1296,3125,19,0,19,0,25,345,0,0,0,0,1005,0,993,0,993,0,999,7,0,0,0,0,0,0,0,0,0,0,0,0,0,0,0,0,0,0,0,0,0,0
60.8711,0,0,14371,6,2,4,0,2,100,0,0,0,0,0,0,0,0,0,0,0,0,0,0,0,0,0,80,0,0,0,0,0,0,0,0,0,0,0,0,255,0,7,50,1,0,1,-32490,-30216,794,1049,4902,991,27,39,2034,12,13,13,0,0,0,0,0,0,2342,0,0,0,0,0,0,1429,2849,13,0,13,143,19,451,-47,0,0,0,1314,3098,19,0,19,0,25,349,0,0,0,0,1006,0,993,0,993,0,999,7,0,0,0,0,0,0,0,0,0,0,0,0,0,0,0,0,0,0,0,0,0,0
61.1559,0,0,14371,6,2,4,0,2,100,0,0,0,0,0,0,0,0,0,0,0,0,0,0,0,0,0,80,0,0,0,0,0,0,0,0,0,0,0,0,255,0,7,50,1,0,1,-32490,-30216,794,1049,5158,276,27,39,2034,12,12,14,0,0,0,0,0,0,2329,0,0,0,0,0,0,1453,2990,13,0,13,141,19,471,-7,0,0,0,1289,3122,19,0,19,0,25,324,0,0,0,0,1007,0,993,0,993,0,1000,7,0,0,0,0,0,0,0,0,0,0,0,0,0,0,0,0,0,0,0,0,0,0
61.4421,0,0,14371,6,2,4,0,2,100,0,0,0,0,0,0,0,0,0,0,0,0,0,0,0,0,0,80,0,0,0,0,0,0,0,0,0,0,0,0,255,0,7,50,1,0,1,-32490,-30216,794,1049,5158,561,27,39,2034,13,12,12,0,0,0,0,0,0,2367,0,0,0,0,0,0,1480,3137,13,0,13,144,19,523,-10,0,0,0,1293,2986,19,0,19,0,25,341,0,0,0,0,1006,0,993,0,993,0,999,6,0,0,0,0,0,0,0,0,0,0,0,0,0,0,0,0,0,0,0,0,0,0
61.7268,0,0,14371,6,2,4,0,2,100,0,0,0,0,0,0,0,0,0,0,0,0,0,0,0,0,0,80,0,0,0,0,0,0,0,0,0,0,0,0,255,0,7,50,1,0,1,-32490,-30216,794,1049,5158,846,27,39,2034,12,13,12,0,0,0,0,0,0,2354,0,0,0,0,0,0,1418,2999,13,0,13,143,19,471,33,0,0,0,1323,3055,19,0,19,0,26,337,0,0,0,0,1006,0,993,0,993,0,999,6,0,0,0,0,0,0,0,0,0,0,0,0,0,0,0,0,0,0,0,0,0,0
62.0131,0,0,14371,6,2,4,0,2,100,0,0,0,0,0,0,0,0,0,0,0,0,0,0,0,0,0,80,0,0,0,0,0,0,0,0,0,0,0,0,255,0,7,50,1,0,1,-32490,-30216,794,1049,5414,126,27,39,2034,12,12,13,0,0,0,0,0,0,2367,0,0,0,0,0,0,1481,3228,13,0,13,144,19,501,-20,0,0,0,1314,2937,19,0,19,0,25,325,0,0,0,0,1007,0,993,0,993,0,1000,7,0,0,0,0,0,0,0,0,0,0,0,0,0,0,0,0,0,0,0,0,0,0
62.2987,0,0,14371,6,2,4,0,2,100,0,0,0,0,0,0,0,0,0,0,0,0,0,0,0,0,0,80,0,0,0,0,0,0,0,0,0,0,0,0,255,0,7,50,1,0,1,-32490,-30216,794,1049,5414,411,27,39,2034,12,13,13,0,0,0,0,0,0,2386,0,0,0,0,0,0,1476,3215,13,0,13,140,19,491,-11,0,0,0,1321,2960,19,0,19,0,26,332,0,0,0,0,1006,0,993,0,993,0,999,6,0,0,0,0,0,0,0,0,0,0,0,0,0,0,0,0,0,0,0,0,0,0
62.5857,0,0,14371,6,2,4,0,2,100,0,0,0,0,0,0,0,0,0,0,0,0,0,0,0,0,0,80,0,0,0,0,0,0,0,0,0,0,0,0,255,0,7,50,1,0,1,-32490,-30216,794,1049,5414,701,27,39,2034,12,13,13,0,0,0,0,0,0,2354,0,0,0,0,0,0,1474,3038,13,0,13,146,19,490,-93,0,0,0,1352,2890,19,0,19,0,26,365,0,0,0,0,1006,0,993,0,993,0,999,7,0,0,0,0,0,0,0,0,0,0,0,0,0,0,0,0,0,0,0,0,0,0
62.8731,0,0,14371,6,2,4,0,2,100,0,0,0,0,0,0,0,0,0,0,0,0,0,0,0,0,0,80,0,0,0,0,0,0,0,0,0,0,0,0,255,0,7,50,1,0,1,-32490,-30216,794,1049,5414,981,27,39,2034,12,12,13,0,0,0,0,0,0,2354,0,0,0,0,0,0,1441,2974,13,0,13,141,19,470,33,0,0,0,1302,3015,19,0,19,0,25,334,0,0,0,0,1006,0,993,0,993,0,999,7,0,0,0,0,0,0,0,0,0,0,0,0,0,0,0,0,0,0,0,0,0,0
63.1597,0,0,14371,6,2,4,0,2,100,0,0,0,0,0,0,0,0,0,0,0,0,0,0,0,0,0,80,0,0,0,0,0,0,0,0,0,0,0,0,255,0,7,50,1,0,1,-32490,-30216,794,1049,5670,271,27,39,2034,12,13,14,0,0,0,0,0,0,2342,0,0,0,0,0,0,1457,2957,13,0,13,143,19,483,-109,0,0,0,1321,3082,19,0,19,0,26,339,0,0,0,0,1007,0,993,0,993,0,1000,7,0,0,0,0,0,0,0,0,0,0,0,0,0,0,0,0,0,0,0,0,0,0
63.4475,0,0,14371,6,2,4,0,2,100,0,0,0,0,0,0,0,0,0,0,0,0,0,0,0,0,0,80,0,0,0,0,0,0,0,0,0,0,0,0,255,0,7,50,1,0,1,-32490,-30216,794,1049,5670,556,27,39,2034,11,11,13,0,0,0,0,0,0,2361,0,0,0,0,0,0,1393,2970,13,0,13,141,18,485,144,0,0,0,1301,2938,19,0,19,0,25,317,0,0,0,0,1006,0,993,0,993,0,999,6,0,0,0,0,0,0,0,0,0,0,0,0,0,0,0,0,0,0,0,0,0,0
63.7340,0,0,14371,6,2,4,0,2,100,0,0,0,0,0,0,0,0,0,0,0,0,0,0,0,0,0,80,0,0,0,0,0,0,0,0,0,0,0,0,255,0,7,50,1,0,1,-32490,-30216,794,1049,5670,846,27,39,2034,13,13,13,0,0,0,0,0,0,2342,0,0,0,0,0,0,1475,3098,13,0,13,148,19,512,-1,0,0,0,1315,3169,19,0,19,0,26,361,0,0,0,0,1006,0,993,0,993,0,999,7,0,0,0,0,0,0,0,0,0,0,0,0,0,0,0,0,0,0,0,0,0,0
64.0213,0,0,14371,6,2,4,0,2,100,0,0,0,0,0,0,0,0,0,0,0,0,0,0,0,0,0,80,0,0,0,0,0,0,0,0,0,0,0,0,255,0,7,50,1,0,1,-32490,-30216,794,1049,5926,126,27,39,2034,12,13,13,0,0,0,0,0,0,2361,0,0,0,0,0,0,1439,2833,13,0,13,145,19,473,24,0,0,0,1321,3128,19,0,19,0,25,340,0,0,0,0,1006,0,993,0,993,0,999,7,0,0,0,0,0,0,0,0,0,0,0,0,0,0,0,0,0,0,0,0,0,0
64.3082,0,0,14371,6,2,4,0,2,100,0,0,0,0,0,0,0,0,0,0,0,0,0,0,0,0,0,80,0,0,0,0,0,0,0,0,0,0,0,0,255,0,7,50,1,0,1,-32490,-30216,794,1049,5926,416,27,39,2034,12,13,12,0,0,0,0,0,0,2354,0,0,0,0,0,0,1423,2971,13,0,13,147,18,519,38,0,0,0,1333,3264,19,0,19,0,26,360,0,0,0,0,1005,0,993,0,993,0,999,6,0,0,0,0,0,0,0,0,0,0,0,0,0,0,0,0,0,0,0,0,0,0
64.5937,0,0,14371,6,2,4,0,2,100,0,0,0,0,0,0,0,0,0,0,0,0,0,0,0,0,0,80,0,0,0,0,0,0,0,0,0,0,0,0,255,0,7,50,1,0,1,-32490,-30216,794,1049,5926,701,27,39,2034,12,13,14,0,0,0,0,0,0,2386,0,0,0,0,0,0,1438,2848,13,0,13,149,19,498,23,0,0,0,1318,3100,19,0,19,0,25,336,0,0,0,0,1007,0,993,0,993,0,1000,7,0,0,0,0,0,0,0,0,0,0,0,0,0,0,0,0,0,0,0,0,0,0
64.8794,0,0,14371,6,2,4,0,2,100,0,0,0,0,0,0,0,0,0,0,0,0,0,0,0,0,0,80,0,0,0,0,0,0,0,0,0,0,0,0,255,0,7,50,1,0,1,-32490,-30216,794,1049,5926,986,27,39,2034,12,11,13,0,0,0,0,0,0,2373,0,0,0,0,0,0,1408,2946,13,0,13,144,18,527,133,0,0,0,1285,2855,19,0,19,0,25,294,0,0,0,0,1007,0,993,0,993,0,1000,7,0,0,0,0,0,0,0,0,0,0,0,0,0,0,0,0,0,0,0,0,0,0
65.1667,0,0,14371,6,2,4,0,2,100,0,0,0,0,0,0,0,0,0,0,0,0,0,0,0,0,0,80,0,0,0,0,0,0,0,0,0,0,0,0,255,0,7,50,1,0,1,-32490,-30216,794,1049,6182,271,27,39,2034,14,13,14,0,0,0,0,0,0,2367,0,0,0,0,0,0,1459,3179,13,0,13,151,19,595,74,0,0,0,1337,3135,19,0,19,0,26,361,0,0,0,0,1006,0,993,0,993,0,1000,7,0,0,0,0,0,0,0,0,0,0,0,0,0,0,0,0,0,0,0,0,0,0
65.4544,0,0,14371,6,2,4,0,2,100,0,0,0,0,0,0,0,0,0,0,0,0,0,0,0,0,0,80,0,0,0,0,0,0,0,0,0,0,0,0,255,0,7,50,1,0,1,-32490,-30216,794,1049,6182,556,27,39,2034,12,13,14,0,0,0,0,0,0,2354,0,0,0,0,0,0,1445,3066,13,0,13,142,19,495,16,0,0,0,1332,3190,19,0,19,0,26,361,0,0,0,0,1008,0,993,0,993,0,1001,8,0,0,0,0,0,0,0,0,0,0,0,0,0,0,0,0,0,0,0,0,0,0
65.7402,0,0,14371,6,2,4,0,2,100,0,0,0,0,0,0,0,0,0,0,0,0,0,0,0,0,0,80,0,0,0,0,0,0,0,0,0,0,0,0,255,0,7,50,1,0,1,-32490,-30216,794,1049,6182,846,27,39,2034,12,14,14,0,0,0,0,0,0,2361,0,0,0,0,0,0,1429,2925,13,0,13,144,19,468,-15,0,0,0,1379,3255,19,0,19,0,27,389,0,0,0,0,1007,0,993,0,993,0,1001,7,0,0,0,0,0,0,0,0,0,0,0,0,0,0,0,0,0,0,0,0,0,0
66.0252,0,0,14371,6,2,4,0,2,100,0,0,0,0,0,0,0,0,0,0,0,0,0,0,0,0,0,80,0,0,0,0,0,0,0,0,0,0,0,0,255,0,7,50,1,0,1,-32490,-30216,794,1049,6438,126,27,39,2034,13,13,13,0,0,0,0,0,0,2373,0,0,0,0,0,0,1516,2902,13,0,13,147,20,535,-35,0,0,0,1316,3024,19,0,19,0,25,361,0,0,0,0,1007,0,993,0,993,0,1000,7,0,0,0,0,0,0,0,0,0,0,0,0,0,0,0,0,0,0,0,0,0,0
66.3116,0,0,14371,6,2,4,0,2,100,0,0,0,0,0,0,0,0,0,0,0,0,0,0,0,0,0,80,0,0,0,0,0,0,0,0,0,0,0,0,255,0,7,50,1,0,1,-32490,-30216,794,1049,6438,411,27,39,2034,12,14,13,0,0,0,0,0,0,2361,0,0,0,0,0,0,1433,2949,13,0,13,146,19,466,50,0,0,0,1357,3303,19,0,19,0,26,371,0,0,0,0,1006,0,993,0,993,0,999,7,0,0,0,0,0,0,0,0,0,0,0,0,0,0,0,0,0,0,0,0,0,0
66.5982,0,0,14371,6,2,4,0,2,100,0,0,0,0,0,0,0,0,0,0,0,0,0,0,0,0,0,80,0,0,0,0,0,0,0,0,0,0,0,0,255,0,7,50,1,0,1,-32490,-30216,794,1049,6438,701,27,39,2034,14,14,12,0,0,0,0,0,0,2342,0,0,0,0,0,0,1555,3189,13,0,13,151,20,576,-4,0,0,0,1333,3437,19,0,19,0,26,428,0,0,0,0,1006,0,993,0,993,0,999,6,0,0,0,0,0,0,0,0,0,0,0,0,0,0,0,0,0,0,0,0,0,0
66.8859,0,0,14371,6,2,4,0,2,100,0,0,0,0,0,0,0,0,0,0,0,0,0,0,0,0,0,80,0,0,0,0,0,0,0,0,0,0,0,0,255,0,7,50,1,0,1,-32490,-30216,794,1049,6438,981,27,39,2034,13,14,15,0,0,0,0,0,0,2380,0,0,0,0,0,0,1513,3198,13,0,13,143,20,530,-84,0,0,0,1372,3146,19,0,19,0,26,397,0,0,0,0,1006,0,993,0,993,0,1000,8,0,0,0,0,0,0,0,0,0,0,0,0,0,0,0,0,0,0,0,0,0,0
67.1730,0,0,14371,6,2,4,0,2,100,0,0,0,0,0,0,0,0,0,0,0,0,0,0,0,0,0,80,0,0,0,0,0,0,0,0,0,0,0,0,255,0,7,50,1,0,1,-32490,-30216,794,1049,6694,271,28,40,2034,274,172,74,0,0,0,0,0,0,2354,0,0,0,0,0,0,2825,5209,13,2,52,1193,166,3921,162,0,0,0,3059,7002,19,0,32,0,108,3795,0,0,0,0,1037,0,993,0,992,0,1029,38,0,0,0,0,0,0,0,0,0,0,0,0,0,0,0,0,0,0,0,0,0,0
67.4590,0,0,14371,6,2,4,0,2,100,0,0,0,0,0,0,0,0,0,0,0,0,0,0,0,0,0,80,0,0,0,0,0,0,0,0,0,0,0,0,255,0,7,50,1,0,1,-32490,-30216,794,1049,6694,556,28,40,2034,53,39,56,0,0,0,0,0,0,2367,0,0,0,0,0,0,1956,3439,13,0,18,381,43,1292,-206,0,0,0,1660,3887,19,0,21,0,38,976,0,0,0,0,1027,0,993,0,992,0,1019,29,0,0,0,0,0,0,0,0,0,0,0,0,0,0,0,0,0,0,0,0,0,0
67.7449,0,0,14371,6,2,4,0,2,100,0,0,0,0,0,0,0,0,0,0,0,0,0,0,0,0,0,80,0,0,0,0,0,0,0,0,0,0,0,0,255,0,7,50,1,0,1,-32490,-30216,794,1049,6694,846,28,40,2034,30,25,90,0,0,0,0,0,0,2354,0,0,0,0,0,0,1883,3343,13,0,14,351,28,1130,-67,0,0,0,1609,3133,19,0,19,0,31,694,0,0,0,0,1039,0,993,0,993,0,1032,49,0,0,0,0,0,0,0,0,0,0,0,0,0,0,0,0,0,0,0,0,0,0
68.0306,0,0,14371,6,2,4,0,2,100,0,0,0,0,0,0,0,0,0,0,0,0,0,0,0,0,0,80,0,0,0,0,0,0,0,0,0,0,0,0,255,0,7,50,1,0,1,-32490,-30216,794,1049,6950,131,28,40,2034,20,22,82,25,0,0,0,0,0,2354,1,0,0,510,853,291,1744,3428,13,0,13,253,23,826,-533,0,0,0,1536,2126,19,0,19,0,30,586,0,0,0,0,1038,0,993,0,992,0,1031,42,0,0,0,0,0,0,0,0,0,1,0,0,0,0,0,3,64,42,1,0,0,110
68.3149,0,0,14371,6,2,4,0,2,100,0,0,0,0,0,0,0,0,0,0,0,0,0,0,0,0,0,80,0,0,0,0,0,0,0,0,0,0,0,0,255,0,7,50,1,0,1,-32490,-30216,794,1049,6950,416,28,40,2033,20,22,86,31,0,0,0,0,0,2342,1,0,0,510,853,291,1741,2627,13,0,13,318,24,847,-465,0,0,0,1516,2381,19,0,19,0,29,584,0,0,0,0,1041,0,993,0,992,0,1033,43,0,0,0,0,0,0,0,0,0,1,0,0,0,0,0,3,64,42,1,0,0,110
68.6007,0,0,14371,6,2,4,0,2,100,0,0,0,0,0,0,0,0,0,0,0,0,0,0,0,0,0,80,0,0,0,0,0,0,0,0,0,0,0,0,255,0,7,50,1,0,1,-32490,-30216,794,1049,6950,701,28,40,2034,21,23,85,30,0,0,0,0,0,2354,1,0,0,510,853,291,1863,2929,13,0,13,315,25,957,-528,0,0,0,1583,2467,19,0,19,0,31,627,0,0,0,0,1042,0,993,0,993,0,1035,44,0,0,0,0,0,0,0,0,0,1,0,0,0,0,0,3,64,42,1,0,0,110
68.8843,0,0,14371,6,2,4,0,2,100,0,0,0,0,0,0,0,0,0,0,0,0,0,0,0,0,0,80,0,0,0,0,0,0,0,0,0,0,0,0,255,0,7,50,1,0,1,-32490,-30216,794,1049,6950,986,28,40,2034,22,23,109,31,0,0,0,0,0,2367,1,0,0,91,283,283,1748,2942,13,0,14,304,24,912,100,0,0,0,1539,2290,19,0,19,0,30,657,0,0,0,0,1051,0,993,0,993,0,1044,56,0,0,0,0,0,0,0,0,0,0,0,0,0,0,0,0,0,1,0,0,0,2
69.1696,0,0,14371,6,2,4,0,2,100,0,0,0,0,0,0,0,0,0,0,0,0,0,0,0,0,0,80,0,0,0,0,0,0,0,0,0,0,0,0,255,0,7,50,1,0,1,-32490,-30216,794,1049,7206,271,28,40,2034,26,28,84,35,0,0,0,0,0,2380,1,0,0,91,283,283,1800,3158,13,0,14,344,25,1081,206,0,0,0,1686,2767,19,0,19,0,33,841,0,0,0,0,1044,0,993,0,993,0,1037,46,0,0,0,0,0,0,0,0,0,0,0,0,0,0,0,0,0,1,0,0,0,2
69.4551,0,0,14371,6,2,4,0,2,100,0,0,0,0,0,0,0,0,0,0,0,0,0,0,0,0,0,80,0,0,0,0,0,0,0,0,0,0,0,0,255,0,7,50,1,0,1,-32490,-30216,794,1049,7206,556,28,40,2034,21,23,80,27,0,0,0,0,0,2342,1,0,0,91,283,283,1777,3125,13,0,13,267,24,917,-201,0,0,0,1512,2723,19,0,19,0,29,637,0,0,0,0,1039,0,993,0,992,0,1032,41,0,0,0,0,0,0,0,0,0,0,0,0,0,0,0,0,0,1,0,0,0,2
69.7413,0,0,14371,6,2,4,0,2,100,0,0,0,0,0,0,0,0,0,0,0,0,0,0,0,0,0,80,0,0,0,0,0,0,0,0,0,0,0,0,255,0,7,50,1,0,1,-32490,-30216,794,1049,7206,841,28,40,2034,21,22,109,28,0,0,0,0,0,2361,1,0,0,91,283,283,1760,2852,13,0,13,274,24,841,-140,0,0,0,1574,2615,19,0,19,0,31,655,0,0,0,0,1053,0,993,0,993,0,1047,55,0,0,0,0,0,0,0,0,0,0,0,0,0,0,0,0,0,1,0,0,0,2
70.0265,0,0,14371,6,2,4,0,2,100,0,0,0,0,0,0,0,0,0,0,0,0,0,0,0,0,0,80,0,0,0,0,0,0,0,0,0,0,0,0,255,0,7,50,1,0,1,-32490,-30216,794,1049,7462,126,27,40,2034,19,23,81,32,0,0,0,0,0,2361,2,0,0,609,306,222,1691,3019,13,0,13,252,22,819,-256,0,0,0,1567,2084,19,0,19,0,30,641,0,0,0,0,1041,0,993,0,993,0,1035,42,0,0,0,0,0,0,0,0,0,0,0,0,0,0,0,0,0,1,0,0,0,2
70.3109,0,0,14371,6,2,4,0,2,100,0,0,0,0,0,0,0,0,0,0,0,0,0,0,0,0,0,80,0,0,0,0,0,0,0,0,0,0,0,0,255,0,7,50,1,0,1,-32490,-30216,794,1049,7462,411,27,39,2034,23,23,102,39,0,0,0,0,0,2354,2,0,0,609,306,222,1859,3072,13,0,13,303,25,955,-460,0,0,0,1543,2340,19,0,19,0,29,674,0,0,0,0,1046,0,993,0,994,0,1041,55,0,0,0,0,0,0,0,0,0,0,0,0,0,0,0,0,0,1,0,0,0,2
70.5978,0,0,14371,6,2,4,0,2,100,0,0,0,0,0,0,0,0,0,0,0,0,0,0,0,0,0,80,0,0,0,0,0,0,0,0,0,0,0,0,255,0,7,50,1,0,1,-32490,-30216,794,1049,7462,696,27,39,2034,26,24,96,45,0,0,0,0,0,2367,3,0,0,609,306,222,1971,3516,13,0,13,349,27,1091,-525,0,0,0,1529,2379,19,0,19,0,30,655,0,0,0,0,1044,0,993,0,993,0,1038,50,0,0,0,0,0,0,0,0,0,0,0,0,0,0,0,0,0,1,0,0,0,2
70.8848,0,0,14371,6,2,4,0,2,100,0,0,0,0,0,0,0,0,0,0,0,0,0,0,0,0,0,80,0,0,0,0,0,0,0,0,0,0,0,0,255,0,7,50,1,0,1,-32490,-30216,794,1049,7462,981,27,39,2034,26,27,116,49,0,0,0,0,0,2367,3,0,0,609,306,222,1862,2849,13,0,14,370,26,1013,-183,0,0,0,1602,2754,19,0,19,0,31,797,0,0,0,0,1060,0,993,0,992,0,1052,63,0,0,0,0,0,0,0,0,0,0,0,0,0,0,0,0,0,1,0,0,0,2
71.1722,0,0,14371,6,2,4,0,2,100,0,0,0,0,0,0,0,0,0,0,0,0,0,0,0,0,0,80,0,0,0,0,0,0,0,0,0,0,0,0,255,0,7,50,1,0,1,-32490,-30216,794,1049,7718,271,27,39,2034,20,19,102,27,0,0,0,0,0,2361,1,0,0,528,308,306,1741,2739,13,0,13,297,23,828,-184,0,0,0,1448,2831,19,0,19,0,28,532,0,0,0,0,1047,0,993,0,994,0,1042,52,0,0,0,0,0,0,0,0,0,0,0,0,0,0,0,0,0,1,0,0,0,2
71.4589,0,0,14371,6,2,4,0,2,100,0,0,0,0,0,0,0,0,0,0,0,0,0,0,0,0,0,80,0,0,0,0,0,0,0,0,0,0,0,0,255,0,7,50,1,0,1,-32490,-30216,794,1049,7718,556,27,39,2034,24,24,118,33,0,0,0,0,0,2342,1,0,0,528,308,306,1783,2911,13,0,13,358,24,961,-75,0,0,0,1583,2301,19,0,19,0,30,642,0,0,0,0,1056,0,993,0,996,0,1052,60,0,0,0,0,0,0,0,0,0,0,0,0,0,0,0,0,0,1,0,0,0,2
71.7452,0,0,14371,6,2,4,0,2,100,0,0,0,0,0,0,0,0,0,0,0,0,0,0,0,0,0,80,0,0,0,0,0,0,0,0,0,0,0,0,255,0,7,50,1,0,1,-32490,-30216,794,1049,7718,846,27,39,2034,27,28,146,38,0,0,0,0,0,2354,1,0,0,528,308,306,1974,2847,13,0,14,399,28,1134,-450,0,0,0,1618,2083,19,0,20,0,33,760,0,0,0,0,1073,0,993,1,991,0,1064,78,0,0,0,0,0,0,0,0,0,0,0,0,0,0,0,0,0,1,0,0,0,2
72.0319,0,0,14371,6,2,4,0,2,100,0,0,0,0,0,0,0,0,0,0,0,0,0,0,0,0,0,80,0,0,0,0,0,0,0,0,0,0,0,0,255,0,7,50,1,0,1,-32490,-30216,794,1049,7974,131,27,39,2034,28,34,140,41,0,0,0,0,0,2335,2,0,0,525,288,288,1938,2951,13,0,14,397,28,1148,-317,0,0,0,1753,2019,19,0,20,0,35,963,0,0,0,0,1063,0,993,1,995,0,1058,75,0,0,0,0,0,0,0,0,0,0,0,0,0,0,0,0,0,1,0,0,0,3
72.3196,0,0,14371,6,2,4,0,2,100,0,0,0,0,0,0,0,0,0,0,0,0,0,0,0,0,0,80,0,0,0,0,0,0,0,0,0,0,0,0,255,0,7,50,1,0,1,-32490,-30216,794,1049,7974,416,27,39,2034,30,28,117,47,0,0,0,0,0,2342,2,0,0,525,288,288,1887,2517,13,0,14,465,28,1259,-115,0,0,0,1603,2860,19,0,20,0,32,815,0,0,0,0,1054,0,993,0,992,0,1047,62,0,0,0,0,0,0,0,0,0,0,0,0,0,0,0,0,0,1,0,0,0,3
72.6059,0,0,14371,6,2,4,0,2,100,0,0,0,0,0,0,0,0,0,0,0,0,0,0,0,0,0,80,0,0,0,0,0,0,0,0,0,0,0,0,255,0,7,50,1,0,1,-32490,-30216,794,1049,7974,706,27,39,2034,22,21,94,30,0,0,0,0,0,2367,1,0,0,525,288,288,1818,3010,13,0,14,305,25,913,-480,0,0,0,1481,2493,19,0,19,0,28,600,0,0,0,0,1042,0,993,0,993,0,1036,49,0,0,0,0,0,0,0,0,0,0,0,0,0,0,0,0,0,1,0,0,0,3
72.8932,0,0,14371,6,2,4,0,2,100,0,0,0,0,0,0,0,0,0,0,0,0,0,0,0,0,0,80,0,0,0,0,0,0,0,0,0,0,0,0,255,0,7,50,1,0,1,-32490,-30216,794,1049,7974,991,27,39,2034,32,28,167,46,0,0,0,0,0,2361,2,0,0,525,288,288,2012,3147,13,0,14,459,28,1294,-85,0,0,0,1664,2158,19,0,19,0,32,780,0,0,0,0,1074,0,993,1,995,0,1069,89,0,0,0,0,0,0,0,0,0,0,0,0,0,0,0,0,0,1,0,0,0,3
73.1803,0,0,14371,6,2,4,0,2,100,0,0,0,0,0,0,0,0,0,0,0,0,0,0,0,0,0,80,0,0,0,0,0,0,0,0,0,0,0,0,255,0,7,50,1,0,1,-32490,-30216,794,1049,8230,276,27,39,2034,28,30,120,42,0,0,0,0,0,2335,2,0,0,597,281,283,1997,3126,13,0,14,411,28,1207,-517,0,0,0,1583,2174,19,0,21,0,33,872,0,0,0,0,1057,0,993,1,993,0,1050,62,0,0,0,0,0,0,0,0,0,0,0,0,0,0,0,0,0,1,0,0,0,3
73.4666,0,0,14371,6,2,4,0,2,100,0,0,0,0,0,0,0,0,0,0,0,0,0,0,0,0,0,80,0,0,0,0,0,0,0,0,0,0,0,0,255,0,7,50,1,0,1,-32490,-30216,794,1049,8230,566,27,39,2034,25,22,100,37,0,0,0,0,0,2342,2,0,0,597,281,283,1903,2625,13,0,14,361,26,1038,-397,0,0,0,1504,2805,19,0,19,0,29,634,0,0,0,0,1044,0,993,0,994,0,1038,53,0,0,0,0,0,0,0,0,0,0,0,0,0,0,0,0,0,1,0,0,0,3
73.7534,0,0,14371,6,2,4,0,2,100,0,0,0,0,0,0,0,0,0,0,0,0,0,0,0,0,0,80,0,0,0,0,0,0,0,0,0,0,0,0,255,0,7,50,1,0,1,-32490,-30216,794,1049,8230,851,27,39,2034,23,20,95,32,0,0,0,0,0,2342,1,0,0,597,281,283,1788,2969,13,0,13,327,24,929,-158,0,0,0,1499,2916,19,0,18,0,27,575,0,0,0,0,1042,0,993,0,992,0,1034,52,0,0,0,0,0,0,0,0,0,0,0,0,0,0,0,0,0,1,0,0,0,3
74.0402,0,0,14371,6,2,4,0,2,100,0,0,0,0,0,0,0,0,0,0,0,0,0,0,0,0,0,80,0,0,0,0,0,0,0,0,0,0,0,0,255,0,7,50,1,0,1,-32490,-30216,794,1049,8486,136,27,39,2034,26,24,101,39,0,0,0,0,0,2373,2,0,0,602,276,276,1757,2663,13,0,14,363,25,1029,-202,0,0,0,1490,2541,19,0,20,0,29,701,0,0,0,0,1046,0,993,0,994,0,1040,52,0,0,0,0,0,0,0,0,0,0,0,0,0,0,0,0,0,1,0,0,0,2
74.3268,0,0,14371,6,2,4,0,2,100,0,0,0,0,0,0,0,0,0,0,0,0,0,0,0,0,0,80,0,0,0,0,0,0,0,0,0,0,0,0,255,0,7,50,1,0,1,-32490,-30216,794,1049,8486,426,27,39,2034,24,22,102,39,0,0,0,0,0,2373,2,0,0,602,276,276,1862,2882,13,0,14,366,26,1065,-426,0,0,0,1517,2378,19,0,19,0,29,602,0,0,0,0,1043,0,993,0,992,0,1035,56,0,0,0,0,0,0,0,0,0,0,0,0,0,0,0,0,0,1,0,0,0,2
74.6109,0,0,14371,6,2,4,0,2,100,0,0,0,0,0,0,0,0,0,0,0,0,0,0,0,0,0,80,0,0,0,0,0,0,0,0,0,0,0,0,255,0,7,50,1,0,1,-32490,-30216,794,1049,8486,711,27,39,2034,28,27,99,34,0,0,0,0,0,2361,2,0,0,602,276,276,1766,5111,13,0,13,344,23,1372,413,0,0,0,1654,1945,19,0,19,0,32,744,0,0,0,0,1038,0,993,0,992,0,1031,59,0,0,0,0,0,0,0,0,0,0,0,0,0,0,0,0,0,1,0,0,0,2
74.8980,0,0,14371,6,2,4,0,2,100,0,0,0,0,0,0,0,0,0,0,0,0,0,0,0,0,0,80,0,0,0,0,0,0,0,0,0,0,0,0,255,0,7,50,1,0,1,-32490,-30216,794,1049,8486,996,27,39,2034,38,34,163,49,0,0,0,0,0,2367,2,0,0,602,276,276,2145,4055,13,0,15,446,32,1492,71,0,0,0,1744,2862,19,0,21,0,37,963,0,0,0,0,1074,0,993,1,994,0,1068,96,0,0,0,0,0,0,0,0,0,0,0,0,0,0,0,0,0,1,0,0,0,2
75.1828,0,0,14371,6,2,4,0,2,100,0,0,0,0,0,0,0,0,0,0,0,0,0,0,0,0,0,80,0,0,0,0,0,0,0,0,0,0,0,0,255,0,7,50,1,0,1,-32490,-30216,794,1049,8742,281,27,39,2034,25,30,128,37,0,0,0,0,0,2367,1,0,0,599,293,296,1863,2816,13,0,13,376,26,1044,-375,0,0,0,1732,2823,19,0,20,0,35,856,0,0,0,0,1061,0,993,1,994,0,1055,67,0,0,0,0,0,0,0,0,0,0,0,0,0,0,0,0,0,2,0,0,0,4
75.4692,0,0,14371,6,2,4,0,2,100,0,0,0,0,0,0,0,0,0,0,0,0,0,0,0,0,0,80,0,0,0,0,0,0,0,0,0,0,0,0,255,0,7,50,1,0,1,-32490,-30216,794,1049,8742,566,27,39,2034,23,20,94,33,0,0,0,0,0,2361,1,0,0,599,293,296,1825,2811,13,0,13,338,25,952,-305,0,0,0,1445,2611,19,0,19,0,27,589,0,0,0,0,1041,0,993,0,994,0,1036,51,0,0,0,0,0,0,0,0,0,0,0,0,0,0,0,0,0,2,0,0,0,4
75.7560,0,0,14371,6,2,4,0,2,100,0,0,0,0,0,0,0,0,0,0,0,0,0,0,0,0,0,80,0,0,0,0,0,0,0,0,0,0,0,0,255,0,7,50,1,0,1,-32490,-30216,794,1049,8742,856,27,39,2034,20,28,96,27,0,0,0,0,0,2354,1,0,0,599,293,296,1762,2950,13,0,13,282,23,841,-356,0,0,0,1622,1958,19,0,20,0,32,774,0,0,0,0,1044,0,993,0,992,0,1036,50,0,0,0,0,0,0,0,0,0,0,0,0,0,0,0,0,0,2,0,0,0,4
76.0426,0,0,14371,6,2,4,0,2,100,0,0,0,0,0,0,0,0,0,0,0,0,0,0,0,0,0,80,0,0,0,0,0,0,0,0,0,0,0,0,255,0,7,50,1,0,1,-32490,-30216,794,1049,8998,141,27,39,2034,29,32,135,42,0,0,0,0,0,2373,2,0,0,607,283,286,1944,2888,13,0,13,416,27,1171,-383,0,0,0,1708,2372,19,0,20,0,35,864,0,0,0,0,1063,0,993,1,994,0,1057,70,0,0,0,0,0,0,0,0,0,0,0,0,0,0,0,0,0,2,0,0,0,4
76.3293,0,0,14371,6,2,4,0,2,100,0,0,0,0,0,0,0,0,0,0,0,0,0,0,0,0,0,80,0,0,0,0,0,0,0,0,0,0,0,0,255,0,7,50,1,0,1,-32490,-30216,794,1049,8998,426,27,39,2034,32,32,117,47,0,0,0,0,0,2342,2,0,0,607,283,286,2044,2761,13,0,14,471,29,1290,-384,0,0,0,1768,1947,19,0,20,0,35,925,0,0,0,0,1053,0,993,0,993,0,1045,62,0,0,0,0,0,0,0,0,0,0,0,0,0,0,0,0,0,2,0,0,0,4
76.6172,0,0,14371,6,2,4,0,2,100,0,0,0,0,0,0,0,0,0,0,0,0,0,0,0,0,0,80,0,0,0,0,0,0,0,0,0,0,0,0,255,0,7,50,1,0,1,-32490,-30216,794,1049,8998,716,27,39,2034,22,22,101,34,0,0,0,0,0,2367,1,0,0,607,283,286,1680,2428,13,0,13,343,23,915,106,0,0,0,1521,2328,19,0,19,0,30,614,0,0,0,0,1048,0,993,0,992,0,1040,51,0,0,0,0,0,0,0,0,0,0,0,0,0,0,0,0,0,2,0,0,0,4
76.9046,0,0,14371,6,2,4,0,2,100,0,0,0,0,0,0,0,0,0,0,0,0,0,0,0,0,0,80,0,0,0,0,0,0,0,0,0,0,0,0,255,0,7,50,1,0,1,-32490,-30216,794,1049,9254,1,27,39,2034,23,23,109,33,0,0,0,0,0,2335,1,0,0,607,283,286,1741,2819,13,0,13,343,23,964,134,0,0,0,1428,3611,19,0,19,0,27,771,0,0,0,0,1049,0,993,0,995,0,1045,57,0,0,0,0,0,0,0,0,0,0,0,0,0,0,0,0,0,2,0,0,0,4
77.1915,0,0,14371,6,2,4,0,2,100,0,0,0,0,0,0,0,0,0,0,0,0,0,0,0,0,0,80,0,0,0,0,0,0,0,0,0,0,0,0,255,0,7,50,1,0,1,-32490,-30216,794,1049,9254,291,27,39,2034,28,24,124,47,0,0,0,0,0,2367,3,0,0,592,291,227,1911,3395,13,0,13,374,26,1119,-61,0,0,0,1535,3131,19,0,20,0,31,692,0,0,0,0,1051,0,993,0,993,0,1044,70,0,0,0,0,0,0,0,0,0,0,0,0,0,0,0,0,0,2,0,0,0,3
77.4777,0,0,14371,6,2,4,0,2,100,0,0,0,0,0,0,0,0,0,0,0,0,0,0,0,0,0,80,0,0,0,0,0,0,0,0,0,0,0,0,255,0,7,50,1,0,1,-32490,-30216,794,1049,9254,576,27,39,2034,23,24,100,42,0,0,0,0,0,2342,2,0,0,592,291,227,1794,2782,13,0,13,328,24,927,-327,0,0,0,1550,2169,19,0,19,0,30,647,0,0,0,0,1049,0,993,0,992,0,1041,54,0,0,0,0,0,0,0,0,0,0,0,0,0,0,0,0,0,2,0,0,0,3
77.7624,0,0,14371,6,2,4,0,2,100,0,0,0,0,0,0,0,0,0,0,0,0,0,0,0,0,0,80,0,0,0,0,0,0,0,0,0,0,0,0,255,0,7,50,1,0,1,-32490,-30216,794,1049,9254,861,27,39,2034,21,24,82,38,0,0,0,0,0,2342,2,0,0,592,291,227,1735,3001,13,0,13,300,23,888,-85,0,0,0,1516,3099,19,0,19,0,29,696,0,0,0,0,1039,0,993,0,992,0,1032,44,0,0,0,0,0,0,0,0,0,0,0,0,0,0,0,0,0,2,0,0,0,3
78.0492,0,0,14371,6,2,4,0,2,100,0,0,0,0,0,0,0,0,0,0,0,0,0,0,0,0,0,80,0,0,0,0,0,0,0,0,0,0,0,0,255,0,7,50,1,0,1,-32490,-30216,794,1049,9510,146,27,39,2034,23,24,103,32,0,0,0,0,0,2354,1,0,0,599,281,283,1759,3118,13,0,13,316,24,963,-85,0,0,0,1633,2452,19,0,19,0,32,688,0,0,0,0,1045,0,993,0,993,0,1038,56,0,0,0,0,0,0,0,0,0,0,0,0,0,0,0,0,0,1,0,0,0,2
78.3355,0,0,14371,6,2,4,0,2,100,0,0,0,0,0,0,0,0,0,0,0,0,0,0,0,0,0,80,0,0,0,0,0,0,0,0,0,0,0,0,255,0,7,50,1,0,1,-32490,-30216,794,1049,9510,436,27,39,2034,18,20,65,26,0,0,0,0,0,2354,1,0,0,599,281,283,1632,2800,13,0,13,250,22,735,-198,0,0,0,1468,3076,19,0,19,0,28,584,0,0,0,0,1030,0,993,0,993,0,1024,33,0,0,0,0,0,0,0,0,0,0,0,0,0,0,0,0,0,1,0,0,0,2
78.6223,0,0,14371,6,2,4,0,2,100,0,0,0,0,0,0,0,0,0,0,0,0,0,0,0,0,0,80,0,0,0,0,0,0,0,0,0,0,0,0,255,0,7,50,1,0,1,-32490,-30216,794,1049,9510,721,27,39,2034,18,22,81,23,0,0,0,0,0,2354,1,0,0,599,281,283,1694,3044,13,0,13,232,22,756,-391,0,0,0,1519,2154,19,0,19,0,29,584,0,0,0,0,1038,0,993,0,993,0,1031,42,0,0,0,0,0,0,0,0,0,0,0,0,0,0,0,0,0,1,0,0,0,2
78.9069,0,0,14371,6,2,4,0,2,100,0,0,0,0,0,0,0,0,0,0,0,0,0,0,0,0,0,80,0,0,0,0,0,0,0,0,0,0,0,0,255,0,7,50,1,0,1,-32490,-30216,794,1049,9766,6,27,39,2034,28,22,111,38,0,0,0,0,0,2367,2,0,0,599,281,283,1856,3107,13,0,14,366,26,1143,11,0,0,0,1555,2630,19,0,19,0,30,612,0,0,0,0,1049,0,993,0,993,0,1043,60,0,0,0,0,0,0,0,0,0,0,0,0,0,0,0,0,0,1,0,0,0,2
79.1938,0,0,14371,6,2,4,0,2,100,0,0,0,0,0,0,0,0,0,0,0,0,0,0,0,0,0,80,0,0,0,0,0,0,0,0,0,0,0,0,255,0,7,50,1,0,1,-32490,-30216,794,1049,9766,291,27,39,2034,22,27,118,31,0,0,0,0,0,2342,1,0,0,594,296,293,1766,2592,13,0,13,324,24,900,-141,0,0,0,1698,2373,19,0,20,0,34,778,0,0,0,0,1056,0,993,0,993,0,1048,60,0,0,0,0,0,0,0,0,0,0,0,0,0,0,0,0,0,1,0,0,0,2
79.4811,0,0,14371,6,2,4,0,2,100,0,0,0,0,0,0,0,0,0,0,0,0,0,0,0,0,0,80,0,0,0,0,0,0,0,0,0,0,0,0,255,0,7,50,1,0,1,-32490,-30216,794,1049,9766,581,27,39,2034,26,23,92,34,0,0,0,0,0,2342,1,0,0,594,296,293,1852,3153,13,0,14,341,26,1027,-133,0,0,0,1533,2380,19,0,19,0,30,653,0,0,0,0,1044,0,993,0,993,0,1037,46,0,0,0,0,0,0,0,0,0,0,0,0,0,0,0,0,0,1,0,0,0,2
79.7674,0,0,14371,6,2,4,0,2,100,0,0,0,0,0,0,0,0,0,0,0,0,0,0,0,0,0,80,0,0,0,0,0,0,0,0,0,0,0,0,255,0,7,50,1,0,1,-32490,-30216,794,1049,9766,866,27,39,2034,29,23,93,39,0,0,0,0,0,2354,2,0,0,594,296,293,1940,3362,13,0,14,403,27,1264,-141,0,0,0,1585,2292,19,0,19,0,30,641,0,0,0,0,1042,0,993,0,994,0,1037,48,0,0,0,0,0,0,0,0,0,0,0,0,0,0,0,0,0,1,0,0,0,2
80.0547,0,0,14371,6,2,4,0,2,100,0,0,0,0,0,0,0,0,0,0,0,0,0,0,0,0,0,80,0,0,0,0,0,0,0,0,0,0,0,0,255,0,7,50,1,0,1,-32490,-30216,794,1049,10022,151,27,39,2034,21,18,84,27,0,0,0,0,0,2373,1,0,0,594,296,293,1786,2845,13,0,13,284,24,893,-319,0,0,0,1440,2642,19,0,19,0,27,531,0,0,0,0,1044,0,993,0,992,0,1036,45,0,0,0,0,0,0,0,0,0,0,0,0,0,0,0,0,0,1,0,0,0,2
80.3399,0,0,14371,6,2,4,0,2,100,0,0,0,0,0,0,0,0,0,0,0,0,0,0,0,0,0,80,0,0,0,0,0,0,0,0,0,0,0,0,255,0,7,50,1,0,1,-32490,-30216,794,1049,10022,441,27,39,2034,26,24,118,34,0,0,0,0,0,2335,1,0,0,609,303,308,1862,2847,13,0,14,362,26,1067,-117,0,0,0,1498,3203,19,0,19,0,29,697,0,0,0,0,1054,0,993,0,992,0,1045,62,0,0,0,0,0,0,0,0,0,0,0,0,0,0,0,0,0,2,0,0,0,3
80.6235,0,0,14371,6,2,4,0,2,100,0,0,0,0,0,0,0,0,0,0,0,0,0,0,0,0,0,80,0,0,0,0,0,0,0,0,0,0,0,0,255,0,7,50,1,0,1,-32490,-30216,794,1049,10022,726,27,39,2034,23,30,112,32,0,0,0,0,0,2335,1,0,0,609,303,308,1857,2526,13,0,13,344,25,982,-224,0,0,0,1619,3304,19,0,19,0,32,914,0,0,0,0,1051,0,993,0,994,0,1045,58,0,0,0,0,0,0,0,0,0,0,0,0,0,0,0,0,0,2,0,0,0,3
80.9089,0,0,14371,6,2,4,0,2,100,0,0,0,0,0,0,0,0,0,0,0,0,0,0,0,0,0,80,0,0,0,0,0,0,0,0,0,0,0,0,255,0,7,50,1,0,1,-32490,-30216,794,1049,10278,6,27,39,2034,23,30,127,29,0,0,0,0,0,2373,1,0,0,609,303,308,1856,3015,13,0,13,326,25,978,-184,0,0,0,1572,4176,19,0,19,0,30,945,0,0,0,0,1057,0,993,0,995,0,1052,68,0,0,0,0,0,0,0,0,0,0,0,0,0,0,0,0,0,2,0,0,0,3
81.1943,0,0,14371,6,2,4,0,2,100,0,0,0,0,0,0,0,0,0,0,0,0,0,0,0,0,0,80,0,0,0,0,0,0,0,0,0,0,0,0,255,0,7,50,1,0,1,-32490,-30216,794,1049,10278,296,27,39,2034,20,26,96,37,0,0,0,0,0,2361,2,0,0,619,276,224,1668,2820,13,0,13,288,22,809,27,0,0,0,1593,3462,19,0,20,0,31,764,0,0,0,0,1043,0,993,0,993,0,1036,50,0,0,0,0,0,0,0,0,0,0,0,0,0,0,0,0,0,1,0,0,0,2
81.4809,0,0,14371,6,2,4,0,2,100,0,0,0,0,0,0,0,0,0,0,0,0,0,0,0,0,0,80,0,0,0,0,0,0,0,0,0,0,0,0,255,0,7,50,1,0,1,-32490,-30216,794,1049,10278,581,27,39,2034,26,29,88,43,0,0,0,0,0,2342,3,0,0,619,276,224,1917,3052,13,0,13,337,26,1045,-193,0,0,0,1615,3606,19,0,19,0,31,879,0,0,0,0,1038,0,993,0,992,0,1030,48,0,0,0,0,0,0,0,0,0,0,0,0,0,0,0,0,0,1,0,0,0,2
81.7648,0,0,14371,6,2,4,0,2,100,0,0,0,0,0,0,0,0,0,0,0,0,0,0,0,0,0,80,0,0,0,0,0,0,0,0,0,0,0,0,255,0,7,50,1,0,1,-32490,-30216,794,1049,10278,866,27,39,2034,25,30,83,43,0,0,0,0,0,2342,3,0,0,619,276,224,1883,2896,13,0,13,337,26,1063,-122,0,0,0,1750,3718,19,0,19,0,34,892,0,0,0,0,1034,0,993,0,994,0,1028,46,0,0,0,0,0,0,0,0,0,0,0,0,0,0,0,0,0,1,0,0,0,2
82.0496,0,0,14371,6,2,4,0,2,100,0,0,0,0,0,0,0,0,0,0,0,0,0,0,0,0,0,80,0,0,0,0,0,0,0,0,0,0,0,0,255,0,7,50,1,0,1,-32490,-30216,794,1049,10534,151,27,39,2034,53,61,77,95,0,0,0,0,0,2354,6,0,0,619,276,224,2183,3101,13,0,17,570,39,1620,86,0,0,0,2345,4554,19,0,21,0,50,1596,0,0,0,0,1040,0,993,0,992,0,1033,43,0,0,0,0,0,0,0,0,0,0,0,0,0,0,0,0,0,1,0,0,0,2
82.3367,0,0,14371,6,2,4,0,2,100,0,0,0,0,0,0,0,0,0,0,0,0,0,0,0,0,0,80,0,0,0,0,0,0,0,0,0,0,0,0,255,0,7,50,1,0,1,-32490,-30216,794,1049,10534,436,27,39,2034,28,28,45,38,0,0,0,0,0,2380,2,0,0,602,888,288,1733,2978,13,0,14,331,26,980,53,0,0,0,1683,3282,19,0,19,0,34,791,0,0,0,0,1021,0,993,0,992,0,1014,23,0,0,0,0,0,0,0,0,0,0,0,0,0,0,0,0,4,16,0,0,0,21
82.6238,0,0,14371,6,2,4,0,2,100,0,0,0,0,0,0,0,0,0,0,0,0,0,0,0,0,0,80,0,0,0,0,0,0,0,0,0,0,0,0,255,0,7,50,1,0,1,-32490,-30216,794,1049,10534,721,27,39,2034,25,23,91,33,0,0,0,0,0,2354,1,0,0,602,888,288,1868,3204,13,0,13,336,25,1008,-133,0,0,0,1479,3934,19,0,19,0,29,699,0,0,0,0,1042,0,993,0,992,0,1034,48,0,0,0,0,0,0,0,0,0,0,0,0,0,0,0,0,4,16,0,0,0,21
82.9115,0,0,14371,6,2,4,0,2,100,0,0,0,0,0,0,0,0,0,0,0,0,0,0,0,0,0,80,0,0,0,0,0,0,0,0,0,0,0,0,255,0,7,50,1,0,1,-32490,-30216,794,1049,10790,11,27,39,2034,39,31,167,53,0,0,0,0,0,2367,2,0,0,602,888,288,2159,3363,13,0,15,508,33,1592,33,0,0,0,1574,3176,19,0,21,0,33,894,0,0,0,0,1070,0,993,1,993,0,1063,93,0,0,0,0,0,0,0,0,0,0,0,0,0,0,0,0,4,16,0,0,0,21
83.1996,0,0,14371,6,2,4,0,2,100,0,0,0,0,0,0,0,0,0,0,0,0,0,0,0,0,0,80,0,0,0,0,0,0,0,0,0,0,0,0,255,0,7,50,1,0,1,-32490,-30216,794,1049,10790,296,27,39,2034,38,39,176,67,0,0,0,0,0,2335,3,0,0,587,301,281,1943,2214,13,0,15,601,31,1357,68,0,0,0,1818,2292,19,0,21,0,38,1066,0,0,0,0,1073,0,993,1,994,0,1066,100,0,0,0,0,0,0,0,0,0,0,0,0,0,0,0,0,1,2,0,0,0,4
83.4862,0,0,14371,6,2,4,0,2,100,0,0,0,0,0,0,0,0,0,0,0,0,0,0,0,0,0,80,0,0,0,0,0,0,0,0,0,0,0,0,255,0,7,50,1,0,1,-32490,-30216,794,1049,10790,586,27,39,2034,39,40,185,57,0,0,0,0,0,2373,3,0,0,587,301,281,2168,2945,13,0,14,554,32,1489,-109,0,0,0,1681,3913,19,0,20,0,33,1299,0,0,0,0,1079,0,993,1,995,0,1074,104,0,0,0,0,0,0,0,0,0,0,0,0,0,0,0,0,1,2,0,0,0,4
83.7731,0,0,14371,6,2,4,0,2,100,0,0,0,0,0,0,0,0,0,0,0,0,0,0,0,0,0,80,0,0,0,0,0,0,0,0,0,0,0,0,255,0,7,50,1,0,1,-32490,-30216,794,1049,10790,871,27,39,2034,19,25,75,29,0,0,0,0,0,2323,1,0,0,587,301,281,1638,2632,13,0,13,283,22,740,-115,0,0,0,1576,2300,19,0,20,0,31,673,0,0,0,0,1036,0,993,0,992,0,1028,39,0,0,0,0,0,0,0,0,0,0,0,0,0,0,0,0,1,2,0,0,0,4
84.0594,0,0,14371,6,2,4,0,2,100,0,0,0,0,0,0,0,0,0,0,0,0,0,0,0,0,0,80,0,0,0,0,0,0,0,0,0,0,0,0,255,0,7,50,1,0,1,-32490,-30216,794,1049,11046,156,27,39,2034,13,15,32,16,0,0,0,0,0,2342,0,0,0,587,301,281,1479,3154,13,0,13,163,19,536,2,0,0,0,1371,3141,19,0,19,0,26,396,0,0,0,0,1015,0,993,0,993,0,1009,16,0,0,0,0,0,0,0,0,0,0,0,0,0,0,0,0,1,2,0,0,0,4
84.3465,0,0,14371,6,2,4,0,2,100,0,0,0,0,0,0,0,0,0,0,0,0,0,0,0,0,0,80,0,0,0,0,0,0,0,0,0,0,0,0,255,0,7,50,1,0,1,-32490,-30216,794,1049,11046,441,27,39,2034,12,13,18,0,0,0,0,0,0,2361,0,0,0,0,0,0,1461,2974,13,0,13,156,19,496,-133,0,0,0,1339,3125,19,0,19,0,25,358,0,0,0,0,1008,0,993,0,993,0,1002,9,0,0,0,0,0,0,0,0,0,0,0,0,0,0,0,0,0,0,0,0,0,0
84.6327,0,0,14371,6,2,4,0,2,100,0,0,0,0,0,0,0,0,0,0,0,0,0,0,0,0,0,80,0,0,0,0,0,0,0,0,0,0,0,0,255,0,7,50,1,0,1,-32490,-30216,794,1049,11046,726,27,39,2034,12,12,15,0,0,0,0,0,0,2361,0,0,0,0,0,0,1474,2800,13,0,13,151,19,493,9,0,0,0,1322,3178,19,0,19,0,25,335,0,0,0,0,1008,0,993,0,993,0,1001,8,0,0,0,0,0,0,0,0,0,0,0,0,0,0,0,0,0,0,0,0,0,0
84.9195,0,0,14371,6,2,4,0,2,100,0,0,0,0,0,0,0,0,0,0,0,0,0,0,0,0,0,80,0,0,0,0,0,0,0,0,0,0,0,0,255,0,7,50,1,0,1,-32490,-30216,794,1049,11302,16,27,39,2034,13,12,13,0,0,0,0,0,0,2361,0,0,0,0,0,0,1507,2981,13,0,13,146,19,530,32,0,0,0,1297,2905,19,0,19,0,24,339,0,0,0,0,1006,0,993,0,993,0,999,7,0,0,0,0,0,0,0,0,0,0,0,0,0,0,0,0,0,0,0,0,0,0
85.2052,0,0,14371,6,2,4,0,2,100,0,0,0,0,0,0,0,0,0,0,0,0,0,0,0,0,0,80,0,0,0,0,0,0,0,0,0,0,0,0,255,0,7,50,1,0,1,-32490,-30216,794,1049,11302,301,27,39,2034,13,13,13,0,0,0,0,0,0,2342,0,0,0,0,0,0,1480,3063,13,0,13,145,19,521,66,0,0,0,1345,3145,19,0,19,0,26,360,0,0,0,0,1007,0,993,0,993,0,1000,7,0,0,0,0,0,0,0,0,0,0,0,0,0,0,0,0,0,0,0,0,0,0
85.4913,0,0,14371,6,2,4,0,2,100,0,0,0,0,0,0,0,0,0,0,0,0,0,0,0,0,0,80,0,0,0,0,0,0,0,0,0,0,0,0,255,0,7,50,1,0,1,-32490,-30216,794,1049,11302,586,27,39,2034,12,12,13,0,0,0,0,0,0,2354,0,0,0,0,0,0,1451,2880,13,0,13,140,19,492,31,0,0,0,1305,3045,19,0,19,0,25,354,0,0,0,0,1007,0,993,0,993,0,1000,7,0,0,0,0,0,0,0,0,0,0,0,0,0,0,0,0,0,0,0,0,0,0
85.7775,0,0,14371,6,2,4,0,2,100,0,0,0,0,0,0,0,0,0,0,0,0,0,0,0,0,0,80,0,0,0,0,0,0,0,0,0,0,0,0,255,0,7,50,1,0,1,-32490,-30216,794,1049,11302,871,27,39,2034,13,13,12,0,0,0,0,0,0,2342,0,0,0,0,0,0,1455,3318,13,0,13,143,19,595,120,0,0,0,1329,3048,19,0,19,0,25,347,0,0,0,0,1006,0,993,0,993,0,999,6,0,0,0,0,0,0,0,0,0,0,0,0,0,0,0,0,0,0,0,0,0,0
86.0638,0,0,14371,6,2,4,0,2,100,0,0,0,0,0,0,0,0,0,0,0,0,0,0,0,0,0,80,0,0,0,0,0,0,0,0,0,0,0,0,255,0,7,50,1,0,1,-32490,-30216,794,1049,11558,156,27,39,2034,12,12,13,0,0,0,0,0,0,2373,0,0,0,0,0,0,1474,2932,13,0,13,147,19,505,16,0,0,0,1326,3120,19,0,19,0,25,335,0,0,0,0,1007,0,993,0,993,0,1000,7,0,0,0,0,0,0,0,0,0,0,0,0,0,0,0,0,0,0,0,0,0,0
86.3500,0,0,14371,6,2,4,0,2,100,0,0,0,0,0,0,0,0,0,0,0,0,0,0,0,0,0,80,0,0,0,0,0,0,0,0,0,0,0,0,255,0,7,50,1,0,1,-32490,-30216,794,1049,11558,441,27,39,2034,12,12,15,0,0,0,0,0,0,2354,0,0,0,0,0,0,1471,3118,13,0,13,147,19,498,46,0,0,0,1321,3097,19,0,19,0,25,347,0,0,0,0,1007,0,993,0,993,0,1000,7,0,0,0,0,0,0,0,0,0,0,0,0,0,0,0,0,0,0,0,0,0,0
86.6348,0,0,14371,6,2,4,0,2,100,0,0,0,0,0,0,0,0,0,0,0,0,0,0,0,0,0,80,0,0,0,0,0,0,0,0,0,0,0,0,255,0,7,50,1,0,1,-32490,-30216,794,1049,11558,726,27,39,2034,11,12,14,0,0,0,0,0,0,2342,0,0,0,0,0,0,1416,3003,13,0,13,142,18,467,-29,0,0,0,1297,3010,19,0,19,0,25,349,0,0,0,0,1007,0,993,0,993,0,1000,7,0,0,0,0,0,0,0,0,0,0,0,0,0,0,0,0,0,0,0,0,0,0
86.9211,0,0,14371,6,2,4,0,2,100,0,0,0,0,0,0,0,0,0,0,0,0,0,0,0,0,0,80,0,0,0,0,0,0,0,0,0,0,0,0,255,0,7,50,1,0,1,-32490,-30216,794,1049,11814,11,27,39,2034,13,11,15,0,0,0,0,0,0,2373,0,0,0,0,0,0,1549,3269,13,0,13,150,20,571,-113,0,0,0,1299,2843,19,0,19,0,25,311,0,0,0,0,1007,0,993,0,993,0,1000,8,0,0,0,0,0,0,0,0,0,0,0,0,0,0,0,0,0,0,0,0,0,0
87.2067,0,0,14371,6,2,4,0,2,100,0,0,0,0,0,0,0,0,0,0,0,0,0,0,0,0,0,80,0,0,0,0,0,0,0,0,0,0,0,0,255,0,7,50,1,0,1,-32490,-30216,794,1049,11814,291,27,39,2034,13,13,13,0,0,0,0,0,0,2361,0,0,0,0,0,0,1509,3159,13,0,13,148,19,552,32,0,0,0,1315,3004,19,0,19,0,25,387,0,0,0,0,1006,0,993,0,993,0,999,6,0,0,0,0,0,0,0,0,0,0,0,0,0,0,0,0,0,0,0,0,0,0
87.4923,0,0,14371,6,2,4,0,2,100,0,0,0,0,0,0,0,0,0,0,0,0,0,0,0,0,0,80,0,0,0,0,0,0,0,0,0,0,0,0,255,0,7,50,1,0,1,-32490,-30216,794,1049,11814,581,27,39,2034,13,13,14,0,0,0,0,0,0,2373,0,0,0,0,0,0,1459,3048,13,0,13,151,19,523,56,0,0,0,1321,2926,19,0,19,0,25,343,0,0,0,0,1006,0,993,0,993,0,999,7,0,0,0,0,0,0,0,0,0,0,0,0,0,0,0,0,0,0,0,0,0,0
87.7782,0,0,14371,6,2,4,0,2,100,0,0,0,0,0,0,0,0,0,0,0,0,0,0,0,0,0,80,0,0,0,0,0,0,0,0,0,0,0,0,255,0,7,50,1,0,1,-32490,-30216,794,1049,11814,866,27,39,2034,12,12,13,0,0,0,0,0,0,2354,0,0,0,0,0,0,1416,3023,13,0,13,146,18,515,74,0,0,0,1278,3074,19,0,19,0,24,331,0,0,0,0,1007,0,993,0,993,0,1000,7,0,0,0,0,0,0,0,0,0,0,0,0,0,0,0,0,0,0,0,0,0,0
88.0649,0,0,14371,6,2,4,0,2,100,0,0,0,0,0,0,0,0,0,0,0,0,0,0,0,0,0,80,0,0,0,0,0,0,0,0,0,0,0,0,255,0,7,50,1,0,1,-32490,-30216,794,1049,12070,151,27,39,2034,14,13,13,0,0,0,0,0,0,2342,0,0,0,0,0,0,1570,3381,13,0,13,144,20,619,-99,0,0,0,1295,3003,19,0,19,0,25,355,0,0,0,0,1006,0,993,0,993,0,999,6,0,0,0,0,0,0,0,0,0,0,0,0,0,0,0,0,0,0,0,0,0,0
88.3517,0,0,14371,6,2,4,0,2,100,0,0,0,0,0,0,0,0,0,0,0,0,0,0,0,0,0,80,0,0,0,0,0,0,0,0,0,0,0,0,255,0,7,50,1,0,1,-32490,-30216,794,1049,12070,436,27,39,2034,13,13,13,0,0,0,0,0,0,2367,0,0,0,0,0,0,1470,2969,13,0,13,153,19,525,6,0,0,0,1330,3107,19,0,19,0,26,344,0,0,0,0,1006,0,993,0,993,0,999,7,0,0,0,0,0,0,0,0,0,0,0,0,0,0,0,0,0,0,0,0,0,0
88.6364,0,0,14371,6,2,4,0,2,100,0,0,0,0,0,0,0,0,0,0,0,0,0,0,0,0,0,80,0,0,0,0,0,0,0,0,0,0,0,0,255,0,7,50,1,0,1,-32490,-30216,794,1049,12070,721,27,39,2034,12,12,13,0,0,0,0,0,0,2361,0,0,0,0,0,0,1466,3086,13,0,13,149,19,510,6,0,0,0,1297,2920,19,0,19,0,25,322,0,0,0,0,1006,0,993,0,993,0,1000,7,0,0,0,0,0,0,0,0,0,0,0,0,0,0,0,0,0,0,0,0,0,0
88.9217,0,0,14371,6,2,4,0,2,100,0,0,0,0,0,0,0,0,0,0,0,0,0,0,0,0,0,80,0,0,0,0,0,0,0,0,0,0,0,0,255,0,7,50,1,0,1,-32490,-30216,794,1049,12326,6,27,39,2034,12,13,14,0,0,0,0,0,0,2354,0,0,0,0,0,0,1453,3065,13,0,13,144,19,471,-85,0,0,0,1371,3291,19,0,19,0,26,388,0,0,0,0,1006,0,993,0,993,0,1000,7,0,0,0,0,0,0,0,0,0,0,0,0,0,0,0,0,0,0,0,0,0,0
89.2047,0,0,14371,6,2,4,0,2,100,0,0,0,0,0,0,0,0,0,0,0,0,0,0,0,0,0,80,0,0,0,0,0,0,0,0,0,0,0,0,255,0,7,50,1,0,1,-32490,-30216,794,1049,12326,291,27,39,2034,13,11,14,0,0,0,0,0,0,2367,0,0,0,0,0,0,1508,3312,13,0,13,146,19,524,14,0,0,0,1287,2918,19,0,19,0,25,311,0,0,0,0,1007,0,993,0,993,0,1000,7,0,0,0,0,0,0,0,0,0,0,0,0,0,0,0,0,0,0,0,0,0,0
89.4897,0,0,14371,6,2,4,0,2,100,0,0,0,0,0,0,0,0,0,0,0,0,0,0,0,0,0,80,0,0,0,0,0,0,0,0,0,0,0,0,255,0,7,50,1,0,1,-32490,-30216,794,1049,12326,571,27,39,2034,11,12,13,0,0,0,0,0,0,2335,0,0,0,0,0,0,1440,3008,13,0,13,143,19,467,-90,0,0,0,1302,2817,19,0,19,0,25,310,0,0,0,0,1006,0,993,0,993,0,999,6,0,0,0,0,0,0,0,0,0,0,0,0,0,0,0,0,0,0,0,0,0,0
89.7756,0,0,14371,6,2,4,0,2,100,0,0,0,0,0,0,0,0,0,0,0,0,0,0,0,0,0,80,0,0,0,0,0,0,0,0,0,0,0,0,255,0,7,50,1,0,1,-32490,-30216,794,1049,12326,856,27,39,2034,34,18,130,0,0,0,0,0,0,2354,0,0,0,0,0,0,2018,4566,13,0,13,330,28,1375,126,0,0,0,1412,3071,19,0,19,0,27,495,0,0,0,0,1057,0,993,0,993,0,1050,70,0,0,0,0,0,0,0,0,0,0,0,0,0,0,0,0,0,0,0,0,0,0
90.0603,0,0,14371,6,2,4,0,2,100,0,0,0,0,0,0,0,0,0,0,0,0,0,0,0,0,0,80,0,0,0,0,0,0,0,0,0,0,0,0,255,0,7,50,1,0,1,-32490,-30216,794,1049,12582,141,27,39,2034,16,14,40,0,0,0,0,0,0,2342,0,0,0,0,0,0,1598,3249,13,0,13,178,21,661,-69,0,0,0,1366,3139,19,0,19,0,26,386,0,0,0,0,1019,0,993,0,993,0,1012,21,0,0,0,0,0,0,0,0,0,0,0,0,0,0,0,0,0,0,0,0,0,0
90.3444,0,0,14371,6,2,4,0,2,100,0,0,0,0,0,0,0,0,0,0,0,0,0,0,0,0,0,80,0,0,0,0,0,0,0,0,0,0,0,0,255,0,7,50,1,0,1,-32490,-30216,794,1049,12582,421,27,39,2034,13,13,21,0,0,0,0,0,0,2354,0,0,0,0,0,0,1509,3084,13,0,13,156,20,537,-27,0,0,0,1345,3182,19,0,19,0,26,355,0,0,0,0,1010,0,993,0,993,0,1003,11,0,0,0,0,0,0,0,0,0,0,0,0,0,0,0,0,0,0,0,0,0,0
90.6316,0,0,14371,6,2,4,0,2,100,0,0,0,0,0,0,0,0,0,0,0,0,0,0,0,0,0,80,0,0,0,0,0,0,0,0,0,0,0,0,255,0,7,50,1,0,1,-32490,-30216,794,1049,12582,706,27,39,2034,13,12,14,0,0,0,0,0,0,2354,0,0,0,0,0,0,1487,3092,13,0,13,154,19,540,34,0,0,0,1306,2992,19,0,19,0,25,318,0,0,0,0,1007,0,993,0,993,0,1000,7,0,0,0,0,0,0,0,0,0,0,0,0,0,0,0,0,0,0,0,0,0,0
90.9184,0,0,14371,6,2,4,0,2,100,0,0,0,0,0,0,0,0,0,0,0,0,0,0,0,0,0,80,0,0,0,0,0,0,0,0,0,0,0,0,255,0,7,50,1,0,1,-32490,-30216,794,1049,12582,991,27,39,2034,11,12,13,0,0,0,0,0,0,2361,0,0,0,0,0,0,1435,2876,13,0,13,150,18,466,-74,0,0,0,1297,2948,19,0,19,0,25,315,0,0,0,0,1006,0,993,0,993,0,999,7,0,0,0,0,0,0,0,0,0,0,0,0,0,0,0,0,0,0,0,0,0,0
91.2051,0,0,14371,6,2,4,0,2,100,0,0,0,0,0,0,0,0,0,0,0,0,0,0,0,0,0,80,0,0,0,0,0,0,0,0,0,0,0,0,255,0,7,50,1,0,1,-32490,-30216,794,1049,12838,281,27,39,2034,11,12,14,0,0,0,0,0,0,2367,0,0,0,0,0,0,1450,2767,13,0,13,145,19,472,-13,0,0,0,1298,3007,19,0,19,0,25,316,0,0,0,0,1006,0,993,0,993,0,999,7,0,0,0,0,0,0,0,0,0,0,0,0,0,0,0,0,0,0,0,0,0,0
91.4897,0,0,14371,6,2,4,0,2,100,0,0,0,0,0,0,0,0,0,0,0,0,0,0,0,0,0,80,0,0,0,0,0,0,0,0,0,0,0,0,255,0,7,50,1,0,1,-32490,-30216,794,1049,12838,561,27,39,2034,12,12,15,0,0,0,0,0,0,2367,0,0,0,0,0,0,1462,2704,13,0,13,155,19,497,-71,0,0,0,1282,3067,19,0,19,0,25,352,0,0,0,0,1006,0,993,0,993,0,999,8,0,0,0,0,0,0,0,0,0,0,0,0,0,0,0,0,0,0,0,0,0,0
91.7754,0,0,14371,6,2,4,0,2,100,0,0,0,0,0,0,0,0,0,0,0,0,0,0,0,0,0,80,0,0,0,0,0,0,0,0,0,0,0,0,255,0,7,50,1,0,1,-32490,-30216,794,1049,12838,846,27,39,2034,13,13,14,0,0,0,0,0,0,2329,0,0,0,0,0,0,1461,3094,13,0,13,148,19,554,-1,0,0,0,1323,2982,19,0,19,0,25,338,0,0,0,0,1007,0,993,0,993,0,1000,7,0,0,0,0,0,0,0,0,0,0,0,0,0,0,0,0,0,0,0,0,0,0
92.0593,0,0,14371,6,2,4,0,2,100,0,0,0,0,0,0,0,0,0,0,0,0,0,0,0,0,0,80,0,0,0,0,0,0,0,0,0,0,0,0,255,0,7,50,1,0,1,-32490,-30216,794,1049,13094,131,27,39,2034,13,13,17,0,0,0,0,0,0,2361,0,0,0,0,0,0,1453,3042,13,0,13,152,19,518,113,0,0,0,1322,3125,19,0,19,0,25,342,0,0,0,0,1008,0,993,0,993,0,1002,8,0,0,0,0,0,0,0,0,0,0,0,0,0,0,0,0,0,0,0,0,0,0
92.3465,0,0,14371,6,2,4,0,2,100,0,0,0,0,0,0,0,0,0,0,0,0,0,0,0,0,0,80,0,0,0,0,0,0,0,0,0,0,0,0,255,0,7,50,1,0,1,-32490,-30216,794,1049,13094,411,27,39,2034,11,12,14,0,0,0,0,0,0,2380,0,0,0,0,0,0,1418,2842,13,0,13,143,18,460,63,0,0,0,1282,2934,19,0,19,0,25,336,0,0,0,0,1006,0,993,0,993,0,999,7,0,0,0,0,0,0,0,0,0,0,0,0,0,0,0,0,0,0,0,0,0,0
92.6322,0,0,14371,6,2,4,0,2,100,0,0,0,0,0,0,0,0,0,0,0,0,0,0,0,0,0,80,0,0,0,0,0,0,0,0,0,0,0,0,255,0,7,50,1,0,1,-32490,-30216,794,1049,13094,701,27,39,2034,11,12,13,0,0,0,0,0,0,2361,0,0,0,0,0,0,1377,2848,13,0,13,139,18,450,73,0,0,0,1309,2957,19,0,19,0,25,332,0,0,0,0,1006,0,993,0,993,0,999,7,0,0,0,0,0,0,0,0,0,0,0,0,0,0,0,0,0,0,0,0,0,0
92.9185,0,0,14371,6,2,4,0,2,100,0,0,0,0,0,0,0,0,0,0,0,0,0,0,0,0,0,80,0,0,0,0,0,0,0,0,0,0,0,0,255,0,7,50,1,0,1,-32490,-30216,794,1049,13094,986,27,39,2034,12,13,13,0,0,0,0,0,0,2342,0,0,0,0,0,0,1455,2979,13,0,13,141,19,498,111,0,0,0,1350,3185,19,0,19,0,26,359,0,0,0,0,1006,0,993,0,993,0,999,6,0,0,0,0,0,0,0,0,0,0,0,0,0,0,0,0,0,0,0,0,0,0
93.2054,0,0,14371,6,2,4,0,2,100,0,0,0,0,0,0,0,0,0,0,0,0,0,0,0,0,0,80,0,0,0,0,0,0,0,0,0,0,0,0,255,0,7,50,1,0,1,-32490,-30216,794,1049,13350,271,27,39,2034,11,12,14,0,0,0,0,0,0,2367,0,0,0,0,0,0,1419,2907,13,0,13,144,18,454,68,0,0,0,1306,3195,19,0,19,0,25,335,0,0,0,0,1007,0,993,0,992,0,1000,7,0,0,0,0,0,0,0,0,0,0,0,0,0,0,0,0,0,0,0,0,0,0
93.4922,0,0,14371,6,2,4,0,2,100,0,0,0,0,0,0,0,0,0,0,0,0,0,0,0,0,0,80,0,0,0,0,0,0,0,0,0,0,0,0,255,0,7,50,1,0,1,-32490,-30216,794,1049,13350,556,27,39,2034,12,13,13,0,0,0,0,0,0,2367,0,0,0,0,0,0,1414,2939,13,0,13,137,18,479,41,0,0,0,1352,3441,19,0,19,0,26,369,0,0,0,0,1007,0,993,0,993,0,1000,7,0,0,0,0,0,0,0,0,0,0,0,0,0,0,0,0,0,0,0,0,0,0
93.7780,0,0,14371,6,2,4,0,2,100,0,0,0,0,0,0,0,0,0,0,0,0,0,0,0,0,0,80,0,0,0,0,0,0,0,0,0,0,0,0,255,0,7,50,1,0,1,-32490,-30216,794,1049,13350,841,26,39,2034,11,13,12,0,0,0,0,0,0,2367,0,0,0,0,0,0,1411,2877,13,0,13,146,18,469,64,0,0,0,1353,3183,19,0,19,0,26,363,0,0,0,0,1006,0,993,0,993,0,999,6,0,0,0,0,0,0,0,0,0,0,0,0,0,0,0,0,0,0,0,0,0,0
94.0618,0,0,14371,6,2,4,0,2,100,0,0,0,0,0,0,0,0,0,0,0,0,0,0,0,0,0,80,0,0,0,0,0,0,0,0,0,0,0,0,255,0,7,50,1,0,1,-32490,-30216,794,1049,13606,126,26,39,2034,11,12,14,0,0,0,0,0,0,2373,0,0,0,0,0,0,1432,2899,13,0,13,145,19,483,5,0,0,0,1324,3028,19,0,19,0,25,335,0,0,0,0,1006,0,993,0,992,0,999,7,0,0,0,0,0,0,0,0,0,0,0,0,0,0,0,0,0,0,0,0,0,0
94.3469,0,0,14371,6,2,4,0,2,100,0,0,0,0,0,0,0,0,0,0,0,0,0,0,0,0,0,80,0,0,0,0,0,0,0,0,0,0,0,0,255,0,7,50,1,0,1,-32490,-30216,794,1049,13606,406,26,39,2034,13,13,12,0,0,0,0,0,0,2342,0,0,0,0,0,0,1465,3038,13,0,13,146,19,540,-42,0,0,0,1318,3155,19,0,19,0,25,366,0,0,0,0,1006,0,993,0,993,0,999,7,0,0,0,0,0,0,0,0,0,0,0,0,0,0,0,0,0,0,0,0,0,0
94.6342,0,0,14371,6,2,4,0,2,100,0,0,0,0,0,0,0,0,0,0,0,0,0,0,0,0,0,80,0,0,0,0,0,0,0,0,0,0,0,0,255,0,7,50,1,0,1,-32490,-30216,794,1049,13606,691,26,39,2034,12,12,13,0,0,0,0,0,0,2354,0,0,0,0,0,0,1453,2942,13,0,13,145,19,477,-105,0,0,0,1296,3019,19,0,19,0,25,328,0,0,0,0,1006,0,993,0,993,0,999,7,0,0,0,0,0,0,0,0,0,0,0,0,0,0,0,0,0,0,0,0,0,0
94.9198,0,0,14371,6,2,4,0,2,100,0,0,0,0,0,0,0,0,0,0,0,0,0,0,0,0,0,80,0,0,0,0,0,0,0,0,0,0,0,0,255,0,7,50,1,0,1,-32490,-30216,794,1049,13606,981,26,39,2034,12,13,13,0,0,0,0,0,0,2354,0,0,0,0,0,0,1436,2882,13,0,13,140,18,502,-23,0,0,0,1325,3335,19,0,19,0,25,350,0,0,0,0,1006,0,993,0,993,0,999,7,0,0,0,0,0,0,0,0,0,0,0,0,0,0,0,0,0,0,0,0,0,0
95.2056,0,0,14371,6,2,4,0,2,100,0,0,0,0,0,0,0,0,0,0,0,0,0,0,0,0,0,80,0,0,0,0,0,0,0,0,0,0,0,0,255,0,7,50,1,0,1,-32490,-30216,794,1049,13862,266,26,39,2034,12,12,14,0,0,0,0,0,0,2342,0,0,0,0,0,0,1447,2944,13,0,13,147,19,488,56,0,0,0,1306,2968,19,0,19,0,25,328,0,0,0,0,1007,0,993,0,993,0,1000,8,0,0,0,0,0,0,0,0,0,0,0,0,0,0,0,0,0,0,0,0,0,0
95.4930,0,0,14371,6,2,4,0,2,100,0,0,0,0,0,0,0,0,0,0,0,0,0,0,0,0,0,80,0,0,0,0,0,0,0,0,0,0,0,0,255,0,7,50,1,0,1,-32490,-30216,794,1049,13862,546,26,39,2034,11,13,13,0,0,0,0,0,0,2354,0,0,0,0,0,0,1398,2838,13,0,13,144,18,466,101,0,0,0,1349,3083,19,0,19,0,26,357,0,0,0,0,1006,0,993,0,993,0,999,7,0,0,0,0,0,0,0,0,0,0,0,0,0,0,0,0,0,0,0,0,0,0
95.7800,0,0,14371,6,2,4,0,2,100,0,0,0,0,0,0,0,0,0,0,0,0,0,0,0,0,0,80,0,0,0,0,0,0,0,0,0,0,0,0,255,0,7,50,1,0,1,-32490,-30216,794,1049,13862,836,26,39,2034,11,13,13,0,0,0,0,0,0,2367,0,0,0,0,0,0,1414,2850,13,0,13,142,18,456,33,0,0,0,1337,3078,19,0,19,0,26,361,0,0,0,0,1007,0,993,0,993,0,1000,7,0,0,0,0,0,0,0,0,0,0,0,0,0,0,0,0,0,0,0,0,0,0
96.0671,0,0,14371,6,2,4,0,2,100,0,0,0,0,0,0,0,0,0,0,0,0,0,0,0,0,0,80,0,0,0,0,0,0,0,0,0,0,0,0,255,0,7,50,1,0,1,-32490,-30216,794,1049,14118,121,26,39,2034,12,16,14,0,0,0,0,0,0,2367,0,0,0,0,0,0,1502,3107,13,0,13,146,19,522,-92,0,0,0,1383,3664,19,0,19,0,27,421,0,0,0,0,1007,0,993,0,993,0,1000,7,0,0,0,0,0,0,0,0,0,0,0,0,0,0,0,0,0,0,0,0,0,0
96.3534,0,0,14371,6,2,4,0,2,100,0,0,0,0,0,0,0,0,0,0,0,0,0,0,0,0,0,80,0,0,0,0,0,0,0,0,0,0,0,0,255,0,7,50,1,0,1,-32490,-30216,794,1049,14118,411,26,39,2034,12,13,13,0,0,0,0,0,0,2367,0,0,0,0,0,0,1446,2877,13,0,13,149,19,496,2,0,0,0,1320,3107,19,0,19,0,25,332,0,0,0,0,1006,0,993,0,993,0,999,7,0,0,0,0,0,0,0,0,0,0,0,0,0,0,0,0,0,0,0,0,0,0
96.6405,0,0,14371,6,2,4,0,2,100,0,0,0,0,0,0,0,0,0,0,0,0,0,0,0,0,0,80,0,0,0,0,0,0,0,0,0,0,0,0,255,0,7,50,1,0,1,-32490,-30216,794,1049,14118,691,26,39,2034,11,12,15,0,0,0,0,0,0,2373,0,0,0,0,0,0,1417,2982,13,0,13,145,18,486,39,0,0,0,1302,2940,19,0,19,0,25,334,0,0,0,0,1006,0,993,0,993,0,999,8,0,0,0,0,0,0,0,0,0,0,0,0,0,0,0,0,0,0,0,0,0,0
96.9261,0,0,14371,6,2,4,0,2,100,0,0,0,0,0,0,0,0,0,0,0,0,0,0,0,0,0,80,0,0,0,0,0,0,0,0,0,0,0,0,255,0,7,50,1,0,1,-32490,-30216,794,1049,14118,981,26,39,2034,12,13,14,0,0,0,0,0,0,2367,0,0,0,0,0,0,1411,2936,13,0,13,148,18,508,103,0,0,0,1316,2998,19,0,19,0,25,343,0,0,0,0,1007,0,993,0,993,0,1000,7,0,0,0,0,0,0,0,0,0,0,0,0,0,0,0,0,0,0,0,0,0,0
97.2116,0,0,14371,6,2,4,0,2,100,0,0,0,0,0,0,0,0,0,0,0,0,0,0,0,0,0,80,0,0,0,0,0,0,0,0,0,0,0,0,255,0,7,50,1,0,1,-32490,-30216,794,1049,14374,266,26,39,2034,11,13,13,0,0,0,0,0,0,2373,0,0,0,0,0,0,1395,2868,13,0,13,145,18,471,121,0,0,0,1295,3103,19,0,19,0,25,374,0,0,0,0,1006,0,993,0,993,0,999,6,0,0,0,0,0,0,0,0,0,0,0,0,0,0,0,0,0,0,0,0,0,0
97.4976,0,0,14371,6,2,4,0,2,100,0,0,0,0,0,0,0,0,0,0,0,0,0,0,0,0,0,80,0,0,0,0,0,0,0,0,0,0,0,0,255,0,7,50,1,0,1,-32490,-30216,794,1049,14374,546,26,39,2034,12,11,13,0,0,0,0,0,0,2342,0,0,0,0,0,0,1419,2857,13,0,13,143,18,481,76,0,0,0,1265,2777,19,0,19,0,24,300,0,0,0,0,1007,0,993,0,993,0,1000,7,0,0,0,0,0,0,0,0,0,0,0,0,0,0,0,0,0,0,0,0,0,0
97.7830,0,0,14371,6,2,4,0,2,100,0,0,0,0,0,0,0,0,0,0,0,0,0,0,0,0,0,80,0,0,0,0,0,0,0,0,0,0,0,0,255,0,7,50,1,0,1,-32490,-30216,794,1049,14374,831,26,39,2034,11,12,13,0,0,0,0,0,0,2354,0,0,0,0,0,0,1408,2851,13,0,13,144,18,451,107,0,0,0,1305,3009,19,0,19,0,25,333,0,0,0,0,1006,0,993,0,993,0,999,7,0,0,0,0,0,0,0,0,0,0,0,0,0,0,0,0,0,0,0,0,0,0
98.0681,0,0,14371,6,2,4,0,2,100,0,0,0,0,0,0,0,0,0,0,0,0,0,0,0,0,0,80,0,0,0,0,0,0,0,0,0,0,0,0,255,0,7,50,1,0,1,-32490,-30216,794,1049,14630,116,26,39,2034,11,12,14,0,0,0,0,0,0,2367,0,0,0,0,0,0,1404,2884,13,0,13,144,18,470,88,0,0,0,1320,3070,19,0,19,0,25,338,0,0,0,0,1007,0,993,0,993,0,1000,7,0,0,0,0,0,0,0,0,0,0,0,0,0,0,0,0,0,0,0,0,0,0
98.3529,0,0,14371,6,2,4,0,2,100,0,0,0,0,0,0,0,0,0,0,0,0,0,0,0,0,0,80,0,0,0,0,0,0,0,0,0,0,0,0,255,0,7,50,1,0,1,-32490,-30216,794,1049,14630,401,26,39,2034,12,11,13,0,0,0,0,0,0,2342,0,0,0,0,0,0,1464,3040,13,0,13,151,19,520,-35,0,0,0,1270,2979,19,0,19,0,24,319,0,0,0,0,1006,0,993,0,993,0,999,7,0,0,0,0,0,0,0,0,0,0,0,0,0,0,0,0,0,0,0,0,0,0
98.6369,0,0,14371,6,2,4,0,2,100,0,0,0,0,0,0,0,0,0,0,0,0,0,0,0,0,0,80,0,0,0,0,0,0,0,0,0,0,0,0,255,0,7,50,1,0,1,-32490,-30216,794,1049,14630,686,26,39,2033,12,13,13,0,0,0,0,0,0,2342,0,0,0,0,0,0,1460,2895,13,0,13,151,19,484,35,0,0,0,1340,3086,19,0,19,0,26,365,0,0,0,0,1006,0,993,0,993,0,999,7,0,0,0,0,0,0,0,0,0,0,0,0,0,0,0,0,0,0,0,0,0,0
98.9204,0,0,14371,6,2,4,0,2,100,0,0,0,0,0,0,0,0,0,0,0,0,0,0,0,0,0,80,0,0,0,0,0,0,0,0,0,0,0,0,255,0,7,50,1,0,1,-32490,-30216,794,1049,14630,971,26,39,2033,12,13,13,0,0,0,0,0,0,2361,0,0,0,0,0,0,1452,3034,13,0,13,145,19,521,37,0,0,0,1339,2999,19,0,19,0,26,364,0,0,0,0,1006,0,993,0,993,0,1000,7,0,0,0,0,0,0,0,0,0,0,0,0,0,0,0,0,0,0,0,0,0,0
99.2052,0,0,14371,6,2,4,0,2,100,0,0,0,0,0,0,0,0,0,0,0,0,0,0,0,0,0,80,0,0,0,0,0,0,0,0,0,0,0,0,255,0,7,50,1,0,1,-32490,-30216,794,1049,14886,251,26,39,2034,12,12,15,0,0,0,0,0,0,2367,0,0,0,0,0,0,1421,2882,13,0,13,148,18,512,36,0,0,0,1309,3010,19,0,19,0,25,325,0,0,0,0,1007,0,993,0,993,0,1000,8,0,0,0,0,0,0,0,0,0,0,0,0,0,0,0,0,0,0,0,0,0,0
99.4896,0,0,14371,6,2,4,0,2,100,0,0,0,0,0,0,0,0,0,0,0,0,0,0,0,0,0,80,0,0,0,0,0,0,0,0,0,0,0,0,255,0,7,50,1,0,1,-32490,-30216,794,1049,14886,536,26,39,2033,12,12,13,0,0,0,0,0,0,2354,0,0,0,0,0,0,1449,3112,13,0,13,148,19,506,46,0,0,0,1316,3118,19,0,19,0,25,335,0,0,0,0,1007,0,993,0,993,0,1000,7,0,0,0,0,0,0,0,0,0,0,0,0,0,0,0,0,0,0,0,0,0,0
99.7758,0,0,14371,6,2,4,0,2,100,0,0,0,0,0,0,0,0,0,0,0,0,0,0,0,0,0,80,0,0,0,0,0,0,0,0,0,0,0,0,255,0,7,50,1,0,1,-32490,-30216,794,1049,14886,816,26,39,2034,12,13,12,0,0,0,0,0,0,2373,0,0,0,0,0,0,1441,3048,13,0,13,146,19,497,-15,0,0,0,1289,2970,19,0,19,0,25,369,0,0,0,0,1006,0,993,0,993,0,999,6,0,0,0,0,0,0,0,0,0,0,0,0,0,0,0,0,0,0,0,0,0,0
100.0619,0,0,14371,6,2,4,0,2,100,0,0,0,0,0,0,0,0,0,0,0,0,0,0,0,0,0,80,0,0,0,0,0,0,0,0,0,0,0,0,255,0,7,50,1,0,1,-32490,-30216,794,1049,15142,106,26,39,2034,11,12,14,0,0,0,0,0,0,2342,0,0,0,0,0,0,1422,2893,13,0,13,149,18,463,32,0,0,0,1304,2927,19,0,19,0,25,339,0,0,0,0,1006,0,993,0,993,0,999,7,0,0,0,0,0,0,0,0,0,0,0,0,0,0,0,0,0,0,0,0,0,0
100.3485,0,0,14371,6,2,4,0,2,100,0,0,0,0,0,0,0,0,0,0,0,0,0,0,0,0,0,80,0,0,0,0,0,0,0,0,0,0,0,0,255,0,7,50,1,0,1,-32490,-30216,794,1049,15142,391,26,39,2034,12,12,14,0,0,0,0,0,0,2335,0,0,0,0,0,0,1454,2777,13,0,13,151,19,474,-32,0,0,0,1278,2976,19,0,19,0,25,341,0,0,0,0,1006,0,993,0,993,0,1000,7,0,0,0,0,0,0,0,0,0,0,0,0,0,0,0,0,0,0,0,0,0,0
100.6363,0,0,14371,6,2,4,0,2,100,0,0,0,0,0,0,0,0,0,0,0,0,0,0,0,0,0,80,0,0,0,0,0,0,0,0,0,0,0,0,255,0,7,50,1,0,1,-32490,-30216,794,1049,15142,676,26,39,2034,13,12,14,0,0,0,0,0,0,2354,0,0,0,0,0,0,1491,3012,13,0,13,146,19,518,-24,0,0,0,1300,2968,19,0,19,0,25,344,0,0,0,0,1007,0,993,0,993,0,1000,7,0,0,0,0,0,0,0,0,0,0,0,0,0,0,0,0,0,0,0,0,0,0
100.9229,0,0,14371,6,2,4,0,2,100,0,0,0,0,0,0,0,0,0,0,0,0,0,0,0,0,0,80,0,0,0,0,0,0,0,0,0,0,0,0,255,0,7,50,1,0,1,-32490,-30216,794,1049,15142,961,26,39,2033,15,15,31,0,0,0,0,0,0,2373,0,0,0,0,0,0,1540,3062,13,0,13,171,20,589,-131,0,0,0,1342,3369,19,0,19,0,26,411,0,0,0,0,1017,0,993,0,992,0,1009,17,0,0,0,0,0,0,0,0,0,0,0,0,0,0,0,0,0,0,0,0,0,0
101.2102,0,0,14371,6,2,4,0,2,100,0,0,0,0,0,0,0,0,0,0,0,0,0,0,0,0,0,80,0,0,0,0,0,0,0,0,0,0,0,0,255,0,7,50,1,0,1,-32490,-30216,794,1049,39,251,26,39,2034,16,18,44,0,0,0,0,0,0,2373,0,0,0,0,0,0,1628,3082,13,0,13,208,21,668,-119,0,0,0,1432,3171,19,0,19,0,28,463,0,0,0,0,1019,0,993,0,993,0,1012,24,0,0,0,0,0,0,0,0,0,0,0,0,0,0,0,0,0,0,0,0,0,0
101.4980,0,0,14371,6,2,4,0,2,100,0,0,0,0,0,0,0,0,0,0,0,0,0,0,0,0,0,80,0,0,0,0,0,0,0,0,0,0,0,0,255,0,7,50,1,0,1,-32490,-30216,794,1049,39,536,26,39,2034,24,25,94,28,0,0,0,0,0,2373,1,0,0,535,0,293,1740,4054,13,0,13,297,22,1095,549,0,0,0,1493,4472,19,0,18,0,28,833,0,0,0,0,1040,0,993,0,993,0,1034,51,0,0,0,0,0,0,0,0,0,0,0,0,0,0,0,0,0,0,0,0,0,1
101.7846,0,0,14371,6,2,4,0,2,100,0,0,0,0,0,0,0,0,0,0,0,0,0,0,0,0,0,80,0,0,0,0,0,0,0,0,0,0,0,0,255,0,7,50,1,0,1,-32490,-30216,794,1049,39,826,26,39,2033,27,24,100,32,0,0,0,0,0,2361,1,0,0,535,0,293,1830,4000,13,0,13,331,24,1243,173,0,0,0,1518,3717,19,0,19,0,28,761,0,0,0,0,1038,0,993,0,991,0,1029,60,0,0,0,0,0,0,0,0,0,0,0,0,0,0,0,0,0,0,0,0,0,1
102.0715,0,0,14371,6,2,4,0,2,100,0,0,0,0,0,0,0,0,0,0,0,0,0,0,0,0,0,80,0,0,0,0,0,0,0,0,0,0,0,0,255,0,7,50,1,0,1,-32490,-30216,794,1049,295,111,26,39,2034,24,29,109,30,0,0,0,0,0,2373,1,0,0,535,0,293,1862,3181,13,0,13,309,25,992,-238,0,0,0,1559,3350,19,0,20,0,31,878,0,0,0,0,1048,0,993,0,994,0,1042,60,0,0,0,0,0,0,0,0,0,0,0,0,0,0,0,0,0,0,0,0,0,1
102.3585,0,0,14371,6,2,4,0,2,100,0,0,0,0,0,0,0,0,0,0,0,0,0,0,0,0,0,80,0,0,0,0,0,0,0,0,0,0,0,0,255,0,7,50,1,0,1,-32490,-30216,794,1049,295,396,26,39,2034,21,23,67,28,0,0,0,0,0,2354,1,0,0,535,0,293,1678,2798,13,0,13,294,22,904,66,0,0,0,1467,3305,19,0,19,0,28,726,0,0,0,0,1031,0,993,0,993,0,1024,34,0,0,0,0,0,0,0,0,0,0,0,0,0,0,0,0,0,0,0,0,0,1
102.6461,0,0,14371,6,2,4,0,2,100,0,0,0,0,0,0,0,0,0,0,0,0,0,0,0,0,0,80,0,0,0,0,0,0,0,0,0,0,0,0,255,0,7,50,1,0,1,-32490,-30216,794,1049,295,686,26,39,2034,23,24,88,34,0,0,0,0,0,2354,1,0,0,609,286,278,1778,2636,13,0,13,338,23,953,111,0,0,0,1521,2693,19,0,20,0,31,682,0,0,0,0,1041,0,993,0,994,0,1036,45,0,0,0,0,0,0,0,0,0,0,0,0,0,0,0,0,0,1,0,0,0,2
102.9331,0,0,14371,6,2,4,0,2,100,0,0,0,0,0,0,0,0,0,0,0,0,0,0,0,0,0,80,0,0,0,0,0,0,0,0,0,0,0,0,255,0,7,50,1,0,1,-32490,-30216,794,1049,295,971,26,39,2034,22,31,104,32,0,0,0,0,0,2342,1,0,0,609,286,278,1686,3025,13,0,13,315,23,965,267,0,0,0,1624,3133,19,0,19,0,30,1042,0,0,0,0,1056,0,993,0,992,0,1049,57,0,0,0,0,0,0,0,0,0,0,0,0,0,0,0,0,0,1,0,0,0,2
103.2190,0,0,14371,6,2,4,0,2,100,0,0,0,0,0,0,0,0,0,0,0,0,0,0,0,0,0,80,0,0,0,0,0,0,0,0,0,0,0,0,255,0,7,50,1,0,1,-32490,-30216,794,1049,551,261,26,39,2034,24,27,132,36,0,0,0,0,0,2342,2,0,0,609,286,278,1702,2797,13,0,14,339,24,970,216,0,0,0,1581,2763,19,0,20,0,32,775,0,0,0,0,1069,0,993,0,994,0,1063,70,0,0,0,0,0,0,0,0,0,0,0,0,0,0,0,0,0,1,0,0,0,2
103.5061,0,0,14371,6,2,4,0,2,100,0,0,0,0,0,0,0,0,0,0,0,0,0,0,0,0,0,80,0,0,0,0,0,0,0,0,0,0,0,0,255,0,7,50,1,0,1,-32490,-30216,794,1049,551,546,26,39,2034,23,30,86,38,0,0,0,0,0,2361,2,0,0,599,281,283,1700,2188,13,0,14,380,23,923,73,0,0,0,1675,2178,19,0,20,0,33,838,0,0,0,0,1040,0,993,0,992,0,1032,45,0,0,0,0,0,0,0,0,0,0,0,0,0,0,0,0,0,1,0,0,0,2
103.7925,0,0,14371,6,2,4,0,2,100,0,0,0,0,0,0,0,0,0,0,0,0,0,0,0,0,0,80,0,0,0,0,0,0,0,0,0,0,0,0,255,0,7,50,1,0,1,-32490,-30216,794,1049,551,831,26,39,2033,27,40,142,39,0,0,0,0,0,2373,2,0,0,599,281,283,1917,2839,13,0,13,404,26,1123,46,0,0,0,1704,2966,19,0,20,0,34,1260,0,0,0,0,1069,0,993,1,993,0,1062,71,0,0,0,0,0,0,0,0,0,0,0,0,0,0,0,0,0,1,0,0,0,2
104.0771,0,0,14371,6,2,4,0,2,100,0,0,0,0,0,0,0,0,0,0,0,0,0,0,0,0,0,80,0,0,0,0,0,0,0,0,0,0,0,0,255,0,7,50,1,0,1,-32490,-30216,794,1049,807,116,26,39,2034,19,23,78,27,0,0,0,0,0,2354,1,0,0,599,281,283,1723,2547,13,0,13,276,23,797,-169,0,0,0,1560,2452,19,0,20,0,31,633,0,0,0,0,1038,0,993,0,993,0,1031,40,0,0,0,0,0,0,0,0,0,0,0,0,0,0,0,0,0,1,0,0,0,2
104.3641,0,0,14371,6,2,4,0,2,100,0,0,0,0,0,0,0,0,0,0,0,0,0,0,0,0,0,80,0,0,0,0,0,0,0,0,0,0,0,0,255,0,7,50,1,0,1,-32490,-30216,794,1049,807,401,26,39,2034,14,14,31,18,0,0,0,0,0,2361,1,0,0,599,281,283,1494,2928,13,0,13,176,20,559,134,0,0,0,1306,2946,19,0,19,0,24,408,0,0,0,0,1016,0,993,0,993,0,1010,17,0,0,0,0,0,0,0,0,0,0,0,0,0,0,0,0,0,1,0,0,0,2
104.6511,0,0,14371,6,2,4,0,2,100,0,0,0,0,0,0,0,0,0,0,0,0,0,0,0,0,0,80,0,0,0,0,0,0,0,0,0,0,0,0,255,0,7,50,1,0,1,-32490,-30216,794,1049,807,686,26,39,2034,13,13,22,0,0,0,0,0,0,2361,0,0,0,0,0,0,1474,2929,13,0,13,159,19,522,-56,0,0,0,1329,2925,19,0,19,0,25,379,0,0,0,0,1011,0,993,0,993,0,1004,11,0,0,0,0,0,0,0,0,0,0,0,0,0,0,0,0,0,0,0,0,0,0
104.9380,0,0,14371,6,2,4,0,2,100,0,0,0,0,0,0,0,0,0,0,0,0,0,0,0,0,0,80,0,0,0,0,0,0,0,0,0,0,0,0,255,0,7,50,1,0,1,-32490,-30216,794,1049,807,976,26,39,2033,36,26,138,0,0,0,0,0,0,2367,0,0,0,0,0,0,2058,8922,13,0,13,280,28,1501,616,0,0,0,1619,6313,19,0,18,0,30,753,0,0,0,0,1064,0,993,0,991,0,1055,72,0,0,0,0,0,0,0,0,0,0,0,0,0,0,0,0,0,0,0,0,0,0
105.2252,0,0,14371,6,2,4,0,2,100,0,0,0,0,0,0,0,0,0,0,0,0,0,0,0,0,0,80,0,0,0,0,0,0,0,0,0,0,0,0,255,0,7,50,1,0,1,-32490,-30216,794,1049,1063,261,26,39,2034,30,26,133,0,0,0,0,0,0,2361,0,0,0,0,0,0,1865,5831,13,0,13,287,25,1289,364,0,0,0,1602,2909,19,0,20,0,32,720,0,0,0,0,1062,0,993,0,994,0,1056,71,0,0,0,0,0,0,0,0,0,0,0,0,0,0,0,0,0,0,0,0,0,0
105.5125,0,0,14371,6,2,4,0,2,100,0,0,0,0,0,0,0,0,0,0,0,0,0,0,0,0,0,80,0,0,0,0,0,0,0,0,0,0,0,0,255,0,7,50,1,0,1,-32490,-30216,794,1049,1063,546,26,39,2034,23,26,96,0,0,0,0,0,0,2386,0,0,0,0,0,0,1694,3463,13,0,13,292,23,1011,302,0,0,0,1648,2396,19,0,19,0,32,736,0,0,0,0,1046,0,993,0,993,0,1039,48,0,0,0,0,0,0,0,0,0,0,0,0,0,0,0,0,0,0,0,0,0,0
105.7990,0,0,14371,6,2,4,0,2,100,0,0,0,0,0,0,0,0,0,0,0,0,0,0,0,0,0,80,0,0,0,0,0,0,0,0,0,0,0,0,255,0,7,50,1,0,1,-32490,-30216,794,1049,1063,836,26,39,2034,18,23,73,23,0,0,0,0,0,2342,1,0,0,93,291,291,1650,3064,13,0,13,237,21,744,82,0,0,0,1570,2305,19,0,19,0,30,625,0,0,0,0,1035,0,993,0,992,0,1027,37,0,0,0,0,0,0,0,0,0,0,0,0,0,0,0,0,0,0,0,0,0,1
106.0825,0,0,14371,6,2,4,0,2,100,0,0,0,0,0,0,0,0,0,0,0,0,0,0,0,0,0,80,0,0,0,0,0,0,0,0,0,0,0,0,255,0,7,50,1,0,1,-32490,-30216,794,1049,1319,121,26,39,2034,15,16,34,17,0,0,0,0,0,2342,0,0,0,93,291,291,1581,2920,13,0,13,178,21,629,-20,0,0,0,1391,3081,19,0,19,0,26,458,0,0,0,0,1017,0,993,0,993,0,1010,17,0,0,0,0,0,0,0,0,0,0,0,0,0,0,0,0,0,0,0,0,0,1
106.3678,0,0,14371,6,2,4,0,2,100,0,0,0,0,0,0,0,0,0,0,0,0,0,0,0,0,0,80,0,0,0,0,0,0,0,0,0,0,0,0,255,0,7,50,1,0,1,-32490,-30216,794,1049,1319,406,36,58,2032,2121,3043,4951,2010,0,0,0,0,0,2354,109,0,0,93,291,291,4756,10087,17,90,273,1471,1514,7853,-450,0,0,0,4419,12311,28,241,427,0,2416,6392,0,0,0,0,4352,0,992,396,1151,0,5267,4518,0,0,0,0,0,0,0,0,0,0,0,0,0,0,0,0,0,0,0,0,0,1
106.6541,0,0,14371,6,2,4,0,2,100,0,0,0,0,0,0,0,0,0,0,0,0,0,0,0,0,0,80,0,0,0,0,0,0,0,0,0,0,0,0,255,0,7,50,1,0,1,-32490,-30216,794,1049,1319,691,36,57,2032,572,799,1319,637,0,0,0,0,0,2354,40,0,0,140,51,249,2988,6856,17,22,80,730,409,3736,746,0,0,0,2652,5742,28,60,121,0,634,2649,0,0,0,0,1887,0,992,99,1034,0,2112,1179,0,0,0,0,0,0,0,0,2,0,1,0,0,0,0,1668,629,782,405,2,2,3478
106.9406,0,0,14371,6,2,4,0,2,100,0,0,0,0,0,0,0,0,0,0,0,0,0,0,0,0,0,80,0,0,0,0,0,0,0,0,0,0,0,0,255,0,7,50,1,0,1,-32490,-30216,794,1049,1319,976,36,57,2032,99,150,229,126,0,0,0,0,0,2354,8,0,0,140,51,249,2162,3279,17,2,23,470,78,1549,-57,0,0,0,2451,4139,27,7,33,0,124,1845,0,0,0,0,1141,0,992,12,997,0,1162,180,0,0,0,0,0,0,0,0,2,0,1,0,0,0,0,1668,629,782,405,2,2,3478
107.2267,0,0,14371,6,2,4,0,2,100,0,0,0,0,0,0,0,0,0,0,0,0,0,0,0,0,0,80,0,0,0,0,0,0,0,0,0,0,0,0,255,0,7,50,1,0,1,-32490,-30216,794,1049,1575,261,36,56,2032,61,89,176,112,0,0,0,0,0,2361,7,0,0,140,51,249,2157,2437,17,0,19,742,45,1792,-60,0,0,0,2459,3337,27,1,25,0,69,2109,0,0,0,0,1084,0,992,3,995,0,1082,99,0,0,0,0,0,0,0,0,2,0,1,0,0,0,0,1668,629,782,405,2,2,3478
107.5124,0,0,14371,6,2,4,0,2,100,0,0,0,0,0,0,0,0,0,0,0,0,0,0,0,0,0,80,0,0,0,0,0,0,0,0,0,0,0,0,255,0,7,50,1,0,1,-32490,-30216,794,1049,1575,551,35,56,2032,39,60,88,71,0,0,0,0,0,2354,4,0,0,140,51,249,2070,2682,17,0,15,567,33,1513,-88,0,0,0,2362,3165,27,0,21,0,52,1751,0,0,0,0,1043,0,992,0,993,0,1037,46,0,0,0,0,0,0,0,0,2,0,1,0,0,0,0,1668,629,782,405,2,2,3478
107.7973,0,0,14371,6,2,4,0,2,100,0,0,0,0,0,0,0,0,0,0,0,0,0,0,0,0,0,80,0,0,0,0,0,0,0,0,0,0,0,0,255,0,7,50,1,0,1,-32490,-30216,794,1049,1575,836,35,55,2032,26,25,98,43,0,0,0,0,0,2354,2,0,0,286,286,283,1761,2445,17,0,15,392,26,991,36,0,0,0,1557,2503,27,0,19,0,30,708,0,0,0,0,1048,0,992,0,993,0,1041,51,0,0,0,0,0,0,0,0,0,0,0,0,0,0,0,1,6,2,0,0,0,10
108.0839,0,0,14371,6,2,4,0,2,100,0,0,0,0,0,0,0,0,0,0,0,0,0,0,0,0,0,80,0,0,0,0,0,0,0,0,0,0,0,0,255,0,7,50,1,0,1,-32490,-30216,794,1049,1831,121,35,54,2032,19,21,50,26,0,0,0,0,0,2342,1,0,0,286,286,283,1676,3116,17,0,14,250,24,783,-47,0,0,0,1503,2441,26,0,18,0,27,624,0,0,0,0,1025,0,992,0,993,0,1018,26,0,0,0,0,0,0,0,0,0,0,0,0,0,0,0,1,6,2,0,0,0,10
108.3708,0,0,14371,6,2,4,0,2,100,0,0,0,0,0,0,0,0,0,0,0,0,0,0,0,0,0,80,0,0,0,0,0,0,0,0,0,0,0,0,255,0,7,50,1,0,1,-32490,-30216,794,1049,1831,406,35,54,2033,31,32,94,54,0,0,0,0,0,2329,3,0,0,286,286,283,1767,2090,17,0,15,495,27,1172,196,0,0,0,1565,2959,26,0,19,0,30,1030,0,0,0,0,1040,0,992,0,994,0,1034,52,0,0,0,0,0,0,0,0,0,0,0,0,0,0,0,1,6,2,0,0,0,10
108.6543,0,0,14371,6,2,4,0,2,100,0,0,0,0,0,0,0,0,0,0,0,0,0,0,0,0,0,80,0,0,0,0,0,0,0,0,0,0,0,0,255,0,7,50,1,0,1,-32490,-30216,794,1049,1831,696,34,53,2033,26,25,95,39,0,0,0,0,0,2342,2,0,0,293,293,293,1716,2455,17,0,14,384,25,1080,312,0,0,0,1652,2545,26,0,19,0,32,765,0,0,0,0,1047,0,992,0,994,0,1042,51,0,0,0,0,0,0,0,0,0,0,0,0,0,0,0,0,2,1,0,0,0,4
108.9397,0,0,14371,6,2,4,0,2,100,0,0,0,0,0,0,0,0,0,0,0,0,0,0,0,0,0,80,0,0,0,0,0,0,0,0,0,0,0,0,255,0,7,50,1,0,1,-32490,-30216,794,1049,1831,976,34,52,2033,17,19,48,21,0,0,0,0,0,2342,1,0,0,293,293,293,1544,3106,16,0,14,211,21,653,118,0,0,0,1512,2482,25,0,18,0,27,562,0,0,0,0,1023,0,992,0,993,0,1016,24,0,0,0,0,0,0,0,0,0,0,0,0,0,0,0,0,2,1,0,0,0,4
109.2266,0,0,14371,6,2,4,0,2,100,0,0,0,0,0,0,0,0,0,0,0,0,0,0,0,0,0,80,0,0,0,0,0,0,0,0,0,0,0,0,255,0,7,50,1,0,1,-32490,-30216,794,1049,2087,261,34,52,2033,19,21,57,26,0,0,0,0,0,2342,1,0,0,293,293,293,1635,2514,16,0,14,255,23,701,47,0,0,0,1507,2150,25,0,19,0,29,585,0,0,0,0,1027,0,992,0,993,0,1021,30,0,0,0,0,0,0,0,0,0,0,0,0,0,0,0,0,2,1,0,0,0,4
109.5131,0,0,14371,6,2,4,0,2,100,0,0,0,0,0,0,0,0,0,0,0,0,0,0,0,0,0,80,0,0,0,0,0,0,0,0,0,0,0,0,255,0,7,50,1,0,1,-32490,-30216,794,1049,2087,551,34,51,2033,30,29,123,53,0,0,0,0,0,2342,2,0,0,293,293,293,1809,2059,16,0,15,515,28,1190,110,0,0,0,1661,2173,25,0,19,0,32,812,0,0,0,0,1061,0,992,1,993,0,1054,66,0,0,0,0,0,0,0,0,0,0,0,0,0,0,0,0,2,1,0,0,0,4
109.7998,0,0,14371,6,2,4,0,2,100,0,0,0,0,0,0,0,0,0,0,0,0,0,0,0,0,0,80,0,0,0,0,0,0,0,0,0,0,0,0,255,0,7,50,1,0,1,-32490,-30216,794,1049,2087,836,33,50,2033,18,23,84,25,0,0,0,0,0,2354,1,0,0,303,303,278,1663,3103,16,0,14,238,23,745,-269,0,0,0,1590,2617,24,0,17,0,28,696,0,0,0,0,1044,0,992,0,994,0,1039,46,0,0,0,0,0,0,0,0,0,0,0,0,0,0,0,0,1,0,0,0,0,3
110.0867,0,0,14371,6,2,4,0,2,100,0,0,0,0,0,0,0,0,0,0,0,0,0,0,0,0,0,80,0,0,0,0,0,0,0,0,0,0,0,0,255,0,7,50,1,0,1,-32490,-30216,794,1049,2343,121,33,50,2033,17,20,60,24,0,0,0,0,0,2354,1,0,0,303,303,278,1540,2742,16,0,14,227,21,644,44,0,0,0,1532,2291,24,0,19,0,29,572,0,0,0,0,1029,0,992,0,993,0,1022,31,0,0,0,0,0,0,0,0,0,0,0,0,0,0,0,0,1,0,0,0,0,3
110.3737,0,0,14371,6,2,4,0,2,100,0,0,0,0,0,0,0,0,0,0,0,0,0,0,0,0,0,80,0,0,0,0,0,0,0,0,0,0,0,0,255,0,7,50,1,0,1,-32490,-30216,794,1049,2343,411,33,49,2033,25,28,89,41,0,0,0,0,0,2335,2,0,0,303,303,278,1715,2424,16,0,14,387,24,1019,151,0,0,0,1669,2284,24,0,19,0,32,777,0,0,0,0,1039,0,992,0,993,0,1032,48,0,0,0,0,0,0,0,0,0,0,0,0,0,0,0,0,1,0,0,0,0,3
110.6593,0,0,14371,6,2,4,0,2,100,0,0,0,0,0,0,0,0,0,0,0,0,0,0,0,0,0,80,0,0,0,0,0,0,0,0,0,0,0,0,255,0,7,50,1,0,1,-32490,-30216,794,1049,2343,696,33,49,2033,24,24,92,37,0,0,0,0,0,2367,2,0,0,157,266,269,1712,2644,16,0,14,335,25,891,-23,0,0,0,1581,2349,24,0,18,0,29,710,0,0,0,0,1043,0,992,0,992,0,1036,48,0,0,0,0,0,0,0,0,0,0,0,0,0,0,0,0,1,0,0,0,0,2
110.9462,0,0,14371,6,2,4,0,2,100,0,0,0,0,0,0,0,0,0,0,0,0,0,0,0,0,0,80,0,0,0,0,0,0,0,0,0,0,0,0,255,0,7,50,1,0,1,-32490,-30216,794,1049,2343,981,33,49,2033,30,35,127,49,0,0,0,0,0,2354,2,0,0,157,266,269,1922,2739,16,0,15,427,29,1120,-223,0,0,0,1719,2277,23,0,20,0,34,993,0,0,0,0,1062,0,992,1,993,0,1055,67,0,0,0,0,0,0,0,0,0,0,0,0,0,0,0,0,1,0,0,0,0,2
111.2298,0,0,14371,6,2,4,0,2,100,0,0,0,0,0,0,0,0,0,0,0,0,0,0,0,0,0,80,0,0,0,0,0,0,0,0,0,0,0,0,255,0,7,50,1,0,1,-32490,-30216,794,1049,2599,271,32,48,2033,24,27,104,42,0,0,0,0,0,2335,2,0,0,157,266,269,1799,2297,16,0,14,376,26,941,-25,0,0,0,1688,2185,23,0,18,0,32,801,0,0,0,0,1050,0,992,0,994,0,1044,54,0,0,0,0,0,0,0,0,0,0,0,0,0,0,0,0,1,0,0,0,0,2
111.5143,0,0,14371,6,2,4,0,2,100,0,0,0,0,0,0,0,0,0,0,0,0,0,0,0,0,0,80,0,0,0,0,0,0,0,0,0,0,0,0,255,0,7,50,1,0,1,-32490,-30216,794,1049,2599,551,32,48,2033,23,23,85,31,0,0,0,0,0,2342,1,0,0,157,266,269,1675,2653,16,0,14,284,23,934,69,0,0,0,1517,2798,23,0,18,0,28,695,0,0,0,0,1042,0,992,0,992,0,1034,44,0,0,0,0,0,0,0,0,0,0,0,0,0,0,0,0,1,0,0,0,0,2
111.7998,0,0,14371,6,2,4,0,2,100,0,0,0,0,0,0,0,0,0,0,0,0,0,0,0,0,0,80,0,0,0,0,0,0,0,0,0,0,0,0,255,0,7,50,1,0,1,-32490,-30216,794,1049,2599,836,32,48,2033,19,26,74,28,0,0,0,0,0,2329,1,0,0,283,283,283,1701,2663,15,0,14,269,24,781,-207,0,0,0,1669,2604,23,0,20,0,33,755,0,0,0,0,1037,0,992,0,994,0,1032,38,0,0,0,0,0,0,0,0,0,0,0,0,0,0,0,0,1,0,0,0,0,3
112.0870,0,0,14371,6,2,4,0,2,100,0,0,0,0,0,0,0,0,0,0,0,0,0,0,0,0,0,80,0,0,0,0,0,0,0,0,0,0,0,0,255,0,7,50,1,0,1,-32490,-30216,794,1049,2855,121,32,47,2033,18,20,43,25,0,0,0,0,0,2354,1,0,0,283,283,283,1650,2699,15,0,14,236,23,698,-203,0,0,0,1465,2899,23,0,18,0,26,607,0,0,0,0,1021,0,992,0,993,0,1014,22,0,0,0,0,0,0,0,0,0,0,0,0,0,0,0,0,1,0,0,0,0,3
112.3740,0,0,14371,6,2,4,0,2,100,0,0,0,0,0,0,0,0,0,0,0,0,0,0,0,0,0,80,0,0,0,0,0,0,0,0,0,0,0,0,255,0,7,50,1,0,1,-32490,-30216,794,1049,2855,411,32,47,2033,15,16,29,0,0,0,0,0,0,2354,0,0,0,0,0,0,1542,2759,15,0,13,187,21,612,-90,0,0,0,1444,2845,23,0,18,0,26,482,0,0,0,0,1014,0,992,0,993,0,1007,15,0,0,0,0,0,0,0,0,0,0,0,0,0,0,0,0,0,0,0,0,0,0
112.6606,0,0,14371,6,2,4,0,2,100,0,0,0,0,0,0,0,0,0,0,0,0,0,0,0,0,0,80,0,0,0,0,0,0,0,0,0,0,0,0,255,0,7,50,1,0,1,-32490,-30216,794,1049,2855,696,32,47,2033,24,26,90,29,0,0,0,0,0,2342,1,0,0,296,298,298,1736,3288,15,0,14,286,25,906,-82,0,0,0,1618,3400,22,0,19,0,31,732,0,0,0,0,1044,0,992,0,993,0,1037,45,0,0,0,0,0,0,0,0,0,0,0,0,0,0,0,0,0,0,0,0,0,1
112.9465,0,0,14371,6,2,4,0,2,100,0,0,0,0,0,0,0,0,0,0,0,0,0,0,0,0,0,80,0,0,0,0,0,0,0,0,0,0,0,0,255,0,7,50,1,0,1,-32490,-30216,794,1049,2855,981,31,46,2033,20,22,48,25,0,0,0,0,0,2354,1,0,0,296,298,298,1741,3078,15,0,14,245,24,804,-248,0,0,0,1522,2319,22,0,19,0,29,620,0,0,0,0,1024,0,992,0,993,0,1017,24,0,0,0,0,0,0,0,0,0,0,0,0,0,0,0,0,0,0,0,0,0,1
113.2340,0,0,14371,6,2,4,0,2,100,0,0,0,0,0,0,0,0,0,0,0,0,0,0,0,0,0,80,0,0,0,0,0,0,0,0,0,0,0,0,255,0,7,50,1,0,1,-32490,-30216,794,1049,3111,271,31,46,2033,13,13,23,0,0,0,0,0,0,2373,0,0,0,0,0,0,1463,2722,15,0,14,166,20,502,-100,0,0,0,1340,2930,22,0,18,0,25,382,0,0,0,0,1010,0,992,0,993,0,1004,11,0,0,0,0,0,0,0,0,0,0,0,0,0,0,0,0,0,0,0,0,0,0
113.5201,0,0,14371,6,2,4,0,2,100,0,0,0,0,0,0,0,0,0,0,0,0,0,0,0,0,0,80,0,0,0,0,0,0,0,0,0,0,0,0,255,0,7,50,1,0,1,-32490,-30216,794,1049,3111,556,31,46,2033,13,14,17,0,0,0,0,0,0,2329,0,0,0,0,0,0,1432,2923,15,0,14,156,20,516,99,0,0,0,1391,3193,22,0,18,0,25,420,0,0,0,0,1007,0,992,0,993,0,1000,8,0,0,0,0,0,0,0,0,0,0,0,0,0,0,0,0,0,0,0,0,0,0
113.8065,0,0,14371,6,2,4,0,2,100,0,0,0,0,0,0,0,0,0,0,0,0,0,0,0,0,0,80,0,0,0,0,0,0,0,0,0,0,0,0,255,0,7,50,1,0,1,-32490,-30216,794,1049,3111,841,31,45,2033,12,13,16,0,0,0,0,0,0,2373,0,0,0,0,0,0,1422,2873,15,0,14,143,19,487,6,0,0,0,1341,2933,22,0,18,0,24,375,0,0,0,0,1007,0,992,0,993,0,1001,8,0,0,0,0,0,0,0,0,0,0,0,0,0,0,0,0,0,0,0,0,0,0
114.0927,0,0,14371,6,2,4,0,2,100,0,0,0,0,0,0,0,0,0,0,0,0,0,0,0,0,0,80,0,0,0,0,0,0,0,0,0,0,0,0,255,0,7,50,1,0,1,-32490,-30216,794,1049,3367,126,31,45,2033,13,14,12,0,0,0,0,0,0,2342,0,0,0,0,0,0,1448,3023,15,0,14,141,20,478,-22,0,0,0,1383,3196,22,0,18,0,25,411,0,0,0,0,1006,0,992,0,993,0,999,6,0,0,0,0,0,0,0,0,0,0,0,0,0,0,0,0,0,0,0,0,0,0
114.3794,0,0,14371,6,2,4,0,2,100,0,0,0,0,0,0,0,0,0,0,0,0,0,0,0,0,0,80,0,0,0,0,0,0,0,0,0,0,0,0,255,0,7,50,1,0,1,-32490,-30216,794,1049,3367,411,31,45,2033,24,29,112,0,0,0,0,0,0,2335,0,0,0,0,0,0,1819,3261,15,0,14,319,26,971,-6,0,0,0,1747,3297,22,0,19,0,33,823,0,0,0,0,1051,0,992,0,993,0,1044,61,0,0,0,0,0,0,0,0,0,0,0,0,0,0,0,0,0,0,0,0,0,0
114.6667,0,0,14371,6,2,4,0,2,100,0,0,0,0,0,0,0,0,0,0,0,0,0,0,0,0,0,80,0,0,0,0,0,0,0,0,0,0,0,0,255,0,7,50,1,0,1,-32490,-30216,794,1049,3367,696,31,45,2033,17,20,64,0,0,0,0,0,0,2354,0,0,0,0,0,0,1624,3043,15,0,14,205,22,671,-66,0,0,0,1511,2501,22,0,18,0,28,569,0,0,0,0,1030,0,992,0,992,0,1022,33,0,0,0,0,0,0,0,0,0,0,0,0,0,0,0,0,0,0,0,0,0,0
114.9530,0,0,14371,6,2,4,0,2,100,0,0,0,0,0,0,0,0,0,0,0,0,0,0,0,0,0,80,0,0,0,0,0,0,0,0,0,0,0,0,255,0,7,50,1,0,1,-32490,-30216,794,1049,3367,986,31,44,2033,13,13,27,0,0,0,0,0,0,2329,0,0,0,0,0,0,1483,3004,15,0,13,158,20,518,-34,0,0,0,1347,2663,21,0,18,0,25,365,0,0,0,0,1013,0,992,0,993,0,1006,14,0,0,0,0,0,0,0,0,0,0,0,0,0,0,0,0,0,0,0,0,0,0
115.2406,0,0,14371,6,2,4,0,2,100,0,0,0,0,0,0,0,0,0,0,0,0,0,0,0,0,0,80,0,0,0,0,0,0,0,0,0,0,0,0,255,0,7,50,1,0,1,-32490,-30216,794,1049,3623,271,31,44,2033,13,13,17,0,0,0,0,0,0,2367,0,0,0,0,0,0,1452,3055,15,0,13,146,20,498,62,0,0,0,1360,3026,21,0,18,0,25,371,0,0,0,0,1008,0,992,0,993,0,1001,9,0,0,0,0,0,0,0,0,0,0,0,0,0,0,0,0,0,0,0,0,0,0
115.5271,0,0,14371,6,2,4,0,2,100,0,0,0,0,0,0,0,0,0,0,0,0,0,0,0,0,0,80,0,0,0,0,0,0,0,0,0,0,0,0,255,0,7,50,1,0,1,-32490,-30216,794,1049,3623,561,31,44,2033,13,12,14,0,0,0,0,0,0,2392,0,0,0,0,0,0,1462,3246,15,0,13,137,20,498,-105,0,0,0,1334,2958,21,0,18,0,24,343,0,0,0,0,1007,0,992,0,993,0,1000,7,0,0,0,0,0,0,0,0,0,0,0,0,0,0,0,0,0,0,0,0,0,0
115.8136,0,0,14371,6,2,4,0,2,100,0,0,0,0,0,0,0,0,0,0,0,0,0,0,0,0,0,80,0,0,0,0,0,0,0,0,0,0,0,0,255,0,7,50,1,0,1,-32490,-30216,794,1049,3623,841,30,44,2033,12,14,14,0,0,0,0,0,0,2361,0,0,0,0,0,0,1427,3119,15,0,14,139,20,475,-69,0,0,0,1392,3236,21,0,18,0,25,400,0,0,0,0,1007,0,992,0,993,0,1000,7,0,0,0,0,0,0,0,0,0,0,0,0,0,0,0,0,0,0,0,0,0,0
116.1009,0,0,14371,6,2,4,0,2,100,0,0,0,0,0,0,0,0,0,0,0,0,0,0,0,0,0,80,0,0,0,0,0,0,0,0,0,0,0,0,255,0,7,50,1,0,1,-32490,-30216,794,1049,3879,131,30,44,2033,21,27,102,0,0,0,0,0,0,2380,0,0,0,0,0,0,1733,3466,15,0,13,268,23,832,107,0,0,0,1761,4331,21,0,18,0,32,836,0,0,0,0,1049,0,992,0,993,0,1043,51,0,0,0,0,0,0,0,0,0,0,0,0,0,0,0,0,0,0,0,0,0,0
116.3882,0,0,14371,6,2,4,0,2,100,0,0,0,0,0,0,0,0,0,0,0,0,0,0,0,0,0,80,0,0,0,0,0,0,0,0,0,0,0,0,255,0,7,50,1,0,1,-32490,-30216,794,1049,3879,416,30,43,2033,21,28,84,0,0,0,0,0,0,2354,0,0,0,0,0,0,1727,2744,15,0,14,292,25,822,-128,0,0,0,1660,2505,21,0,19,0,32,783,0,0,0,0,1037,0,993,0,993,0,1031,45,0,0,0,0,0,0,0,0,0,0,0,0,0,0,0,0,0,0,0,0,0,0
116.6746,0,0,14371,6,2,4,0,2,100,0,0,0,0,0,0,0,0,0,0,0,0,0,0,0,0,0,80,0,0,0,0,0,0,0,0,0,0,0,0,255,0,7,50,1,0,1,-32490,-30216,794,1049,3879,706,30,43,2033,14,17,35,0,0,0,0,0,0,2342,0,0,0,0,0,0,1473,2756,15,0,13,178,20,553,-72,0,0,0,1446,2996,21,0,18,0,26,510,0,0,0,0,1017,0,993,0,993,0,1010,18,0,0,0,0,0,0,0,0,0,0,0,0,0,0,0,0,0,0,0,0,0,0
116.9600,0,0,14371,6,2,4,0,2,100,0,0,0,0,0,0,0,0,0,0,0,0,0,0,0,0,0,80,0,0,0,0,0,0,0,0,0,0,0,0,255,0,7,50,1,0,1,-32490,-30216,794,1049,3879,991,30,43,2033,12,13,18,0,0,0,0,0,0,2342,0,0,0,0,0,0,1411,2897,14,0,13,153,19,483,-78,0,0,0,1383,2861,21,0,18,0,25,399,0,0,0,0,1008,0,993,0,993,0,1001,9,0,0,0,0,0,0,0,0,0,0,0,0,0,0,0,0,0,0,0,0,0,0
117.2479,0,0,14371,6,2,4,0,2,100,0,0,0,0,0,0,0,0,0,0,0,0,0,0,0,0,0,80,0,0,0,0,0,0,0,0,0,0,0,0,255,0,7,50,1,0,1,-32490,-30216,794,1049,4135,276,30,43,2033,12,13,14,0,0,0,0,0,0,2342,0,0,0,0,0,0,1446,2901,14,0,13,144,20,477,27,0,0,0,1335,3018,21,0,18,0,24,400,0,0,0,0,1006,0,993,0,993,0,1000,7,0,0,0,0,0,0,0,0,0,0,0,0,0,0,0,0,0,0,0,0,0,0
117.5346,0,0,14371,6,2,4,0,2,100,0,0,0,0,0,0,0,0,0,0,0,0,0,0,0,0,0,80,0,0,0,0,0,0,0,0,0,0,0,0,255,0,7,50,1,0,1,-32490,-30216,794,1049,4135,566,30,43,2033,21,25,83,0,0,0,0,0,0,2342,0,0,0,0,0,0,1693,2846,14,0,14,278,24,813,-46,0,0,0,1595,2970,21,0,19,0,30,725,0,0,0,0,1035,0,993,0,994,0,1030,45,0,0,0,0,0,0,0,0,0,0,0,0,0,0,0,0,0,0,0,0,0,0
117.8222,0,0,14371,6,2,4,0,2,100,0,0,0,0,0,0,0,0,0,0,0,0,0,0,0,0,0,80,0,0,0,0,0,0,0,0,0,0,0,0,255,0,7,50,1,0,1,-32490,-30216,794,1049,4135,851,30,42,2033,18,21,80,22,0,0,0,0,0,2342,1,0,0,286,286,283,1609,3124,14,0,14,210,22,702,-109,0,0,0,1537,2880,20,0,18,0,27,657,0,0,0,0,1039,0,992,0,991,0,1030,41,0,0,0,0,0,0,0,0,0,0,0,0,0,0,0,0,0,0,0,0,0,1
118.1083,0,0,14371,6,2,4,0,2,100,0,0,0,0,0,0,0,0,0,0,0,0,0,0,0,0,0,80,0,0,0,0,0,0,0,0,0,0,0,0,255,0,7,50,1,0,1,-32490,-30216,794,1049,4391,136,30,42,2033,24,29,123,38,0,0,0,0,0,2354,2,0,0,286,286,283,1817,2559,14,0,14,359,26,981,-210,0,0,0,1776,2415,20,0,19,0,35,961,0,0,0,0,1060,0,993,1,992,0,1051,63,0,0,0,0,0,0,0,0,0,0,0,0,0,0,0,0,0,0,0,0,0,1
118.3950,0,0,14371,6,2,4,0,2,100,0,0,0,0,0,0,0,0,0,0,0,0,0,0,0,0,0,80,0,0,0,0,0,0,0,0,0,0,0,0,255,0,7,50,1,0,1,-32490,-30216,794,1049,4391,426,30,42,2033,23,31,96,32,0,0,0,0,0,2354,1,0,0,286,286,283,1696,2915,14,0,14,296,24,843,164,0,0,0,1543,3120,20,0,20,0,31,1000,0,0,0,0,1049,0,993,0,994,0,1044,50,0,0,0,0,0,0,0,0,0,0,0,0,0,0,0,0,0,0,0,0,0,1
118.6806,0,0,14371,6,2,4,0,2,100,0,0,0,0,0,0,0,0,0,0,0,0,0,0,0,0,0,80,0,0,0,0,0,0,0,0,0,0,0,0,255,0,7,50,1,0,1,-32490,-30216,794,1049,4391,711,30,42,2033,22,23,81,33,0,0,0,0,0,2342,1,0,0,286,286,283,1739,2489,14,0,14,309,25,827,169,0,0,0,1561,2463,20,0,19,0,30,643,0,0,0,0,1039,0,993,0,993,0,1032,42,0,0,0,0,0,0,0,0,0,0,0,0,0,0,0,0,0,0,0,0,0,1
118.9650,0,0,14371,6,2,4,0,2,100,0,0,0,0,0,0,0,0,0,0,0,0,0,0,0,0,0,80,0,0,0,0,0,0,0,0,0,0,0,0,255,0,7,50,1,0,1,-32490,-30216,794,1049,4391,996,30,42,2033,22,22,79,31,0,0,0,0,0,2361,1,0,0,157,76,278,1714,2876,14,0,14,285,25,812,109,0,0,0,1490,2607,20,0,19,0,29,657,0,0,0,0,1037,0,993,0,993,0,1030,40,0,0,0,0,0,0,0,0,0,0,0,0,0,0,0,0,1,0,0,0,0,2
119.2491,0,0,14371,6,2,4,0,2,100,0,0,0,0,0,0,0,0,0,0,0,0,0,0,0,0,0,80,0,0,0,0,0,0,0,0,0,0,0,0,255,0,7,50,1,0,1,-32490,-30216,794,1049,4647,281,30,42,2033,20,22,77,27,0,0,0,0,0,2354,1,0,0,157,76,278,1728,3187,14,0,14,254,24,797,-499,0,0,0,1557,2717,20,0,18,0,29,632,0,0,0,0,1036,0,993,0,993,0,1030,38,0,0,0,0,0,0,0,0,0,0,0,0,0,0,0,0,1,0,0,0,0,2
119.5388,0,0,14371,6,2,4,0,2,100,0,0,0,0,0,0,0,0,0,0,0,0,0,0,0,0,0,80,0,0,0,0,0,0,0,0,0,0,0,0,255,0,7,50,1,0,1,-32490,-30216,794,1049,4647,566,30,41,2033,19,24,77,26,0,0,0,0,0,2342,1,0,0,157,76,278,1686,2720,14,0,14,238,23,737,-52,0,0,0,1642,2616,20,0,18,0,30,698,0,0,0,0,1037,0,993,0,992,0,1029,41,0,0,0,0,0,0,0,0,0,0,0,0,0,0,0,0,1,0,0,0,0,2
119.8250,0,0,14371,6,2,4,0,2,100,0,0,0,0,0,0,0,0,0,0,0,0,0,0,0,0,0,80,0,0,0,0,0,0,0,0,0,0,0,0,255,0,7,50,1,0,1,-32490,-30216,794,1049,4647,856,29,41,2033,22,25,102,34,0,0,0,0,0,2342,1,0,0,153,291,288,1800,2402,14,0,14,338,25,905,-221,0,0,0,1623,2367,20,0,18,0,30,745,0,0,0,0,1048,0,993,0,993,0,1041,51,0,0,0,0,0,0,0,0,0,0,0,0,0,0,0,0,0,0,0,0,0,2
120.1124,0,0,14371,6,2,4,0,2,100,0,0,0,0,0,0,0,0,0,0,0,0,0,0,0,0,0,80,0,0,0,0,0,0,0,0,0,0,0,0,255,0,7,50,1,0,1,-32490,-30216,794,1049,4903,141,29,41,2033,24,28,101,35,0,0,0,0,0,2354,1,0,0,153,291,288,1783,2391,14,0,14,334,25,893,-28,0,0,0,1604,2266,20,0,19,0,30,856,0,0,0,0,1046,0,993,0,995,0,1041,52,0,0,0,0,0,0,0,0,0,0,0,0,0,0,0,0,0,0,0,0,0,2
120.3996,0,0,14371,6,2,4,0,2,100,0,0,0,0,0,0,0,0,0,0,0,0,0,0,0,0,0,80,0,0,0,0,0,0,0,0,0,0,0,0,255,0,7,50,1,0,1,-32490,-30216,794,1049,4903,426,29,41,2033,27,29,118,38,0,0,0,0,0,2354,2,0,0,153,291,288,1914,2567,14,0,14,363,27,1060,-14,0,0,0,1646,2143,20,0,19,0,31,813,0,0,0,0,1058,0,993,0,991,0,1050,62,0,0,0,0,0,0,0,0,0,0,0,0,0,0,0,0,0,0,0,0,0,2
120.6832,0,0,14371,6,2,4,0,2,100,0,0,0,0,0,0,0,0,0,0,0,0,0,0,0,0,0,80,0,0,0,0,0,0,0,0,0,0,0,0,255,0,7,50,1,0,1,-32490,-30216,794,1049,4903,716,29,41,2033,28,30,137,39,0,0,0,0,0,2354,2,0,0,153,291,288,1890,2743,14,0,14,364,28,1025,-21,0,0,0,1744,2448,20,0,19,0,33,852,0,0,0,0,1070,0,993,1,993,0,1063,72,0,0,0,0,0,0,0,0,0,0,0,0,0,0,0,0,0,0,0,0,0,2
120.9691,0,0,14371,6,2,4,0,2,100,0,0,0,0,0,0,0,0,0,0,0,0,0,0,0,0,0,80,0,0,0,0,0,0,0,0,0,0,0,0,255,0,7,50,1,0,1,-32490,-30216,794,1049,5159,1,29,41,2033,28,31,118,45,0,0,0,0,0,2367,2,0,0,286,288,286,1882,2282,14,0,14,433,28,1125,-16,0,0,0,1717,2180,20,0,19,0,33,937,0,0,0,0,1054,0,993,1,994,0,1048,61,0,0,0,0,0,0,0,0,0,0,0,0,0,0,0,0,1,0,0,0,0,3
121.2569,0,0,14371,6,2,4,0,2,100,0,0,0,0,0,0,0,0,0,0,0,0,0,0,0,0,0,80,0,0,0,0,0,0,0,0,0,0,0,0,255,0,7,50,1,0,1,-32490,-30216,794,1049,5159,286,29,41,2033,31,38,140,53,0,0,0,0,0,2354,2,0,0,286,288,286,1938,2190,14,0,14,523,28,1248,-82,0,0,0,1898,2258,20,0,19,0,37,1144,0,0,0,0,1064,0,993,1,993,0,1057,73,0,0,0,0,0,0,0,0,0,0,0,0,0,0,0,0,1,0,0,0,0,3
121.5437,0,0,14371,6,2,4,0,2,100,0,0,0,0,0,0,0,0,0,0,0,0,0,0,0,0,0,80,0,0,0,0,0,0,0,0,0,0,0,0,255,0,7,50,1,0,1,-32490,-30216,794,1049,5159,571,29,40,2033,33,35,163,55,0,0,0,0,0,2361,3,0,0,286,288,286,1953,2417,14,0,15,539,29,1330,34,0,0,0,1805,2045,20,0,19,0,34,1070,0,0,0,0,1075,0,993,2,993,0,1068,84,0,0,0,0,0,0,0,0,0,0,0,0,0,0,0,0,1,0,0,0,0,3
121.8299,0,0,14371,6,2,4,0,2,100,0,0,0,0,0,0,0,0,0,0,0,0,0,0,0,0,0,80,0,0,0,0,0,0,0,0,0,0,0,0,255,0,7,50,1,0,1,-32490,-30216,794,1049,5159,861,29,40,2033,33,33,148,55,0,0,0,0,0,2354,3,0,0,306,288,281,1847,2498,14,0,15,505,28,1332,342,0,0,0,1687,2190,19,0,20,0,33,948,0,0,0,0,1072,0,993,1,992,0,1064,76,0,0,0,0,0,0,0,0,0,0,0,0,0,0,0,1,3,2,0,0,0,6
122.1150,0,0,14371,6,2,4,0,2,100,0,0,0,0,0,0,0,0,0,0,0,0,0,0,0,0,0,80,0,0,0,0,0,0,0,0,0,0,0,0,255,0,7,50,1,0,1,-32490,-30216,794,1049,5415,146,29,40,2033,29,32,103,47,0,0,0,0,0,2354,2,0,0,306,288,281,1795,2377,14,0,15,432,27,1123,284,0,0,0,1669,2353,19,0,20,0,33,927,0,0,0,0,1047,0,993,0,995,0,1042,54,0,0,0,0,0,0,0,0,0,0,0,0,0,0,0,1,3,2,0,0,0,6
122.3995,0,0,14371,6,2,4,0,2,100,0,0,0,0,0,0,0,0,0,0,0,0,0,0,0,0,0,80,0,0,0,0,0,0,0,0,0,0,0,0,255,0,7,50,1,0,1,-32490,-30216,794,1049,5415,431,29,40,2033,14,17,37,19,0,0,0,0,0,2361,1,0,0,306,288,281,1462,2749,14,0,14,181,20,522,-64,0,0,0,1423,2767,19,0,18,0,26,536,0,0,0,0,1018,0,993,0,992,0,1011,19,0,0,0,0,0,0,0,0,0,0,0,0,0,0,0,1,3,2,0,0,0,6
122.6856,0,0,14371,6,2,4,0,2,100,0,0,0,0,0,0,0,0,0,0,0,0,0,0,0,0,0,80,0,0,0,0,0,0,0,0,0,0,0,0,255,0,7,50,1,0,1,-32490,-30216,794,1049,5415,716,29,40,2033,14,15,21,0,0,0,0,0,0,2342,0,0,0,0,0,0,1479,2916,14,0,13,179,20,567,-120,0,0,0,1363,2822,19,0,18,0,25,431,0,0,0,0,1011,0,993,0,993,0,1004,11,0,0,0,0,0,0,0,0,0,0,0,0,0,0,0,0,0,0,0,0,0,0
122.9721,0,0,14371,6,2,4,0,2,100,0,0,0,0,0,0,0,0,0,0,0,0,0,0,0,0,0,80,0,0,0,0,0,0,0,0,0,0,0,0,255,0,7,50,1,0,1,-32490,-30216,794,1049,5415,996,29,40,2033,13,13,15,0,0,0,0,0,0,2354,0,0,0,0,0,0,1474,2900,14,0,13,152,20,516,82,0,0,0,1372,2949,19,0,18,0,25,389,0,0,0,0,1007,0,993,0,993,0,1000,8,0,0,0,0,0,0,0,0,0,0,0,0,0,0,0,0,0,0,0,0,0,0
123.2599,0,0,14371,6,2,4,0,2,100,0,0,0,0,0,0,0,0,0,0,0,0,0,0,0,0,0,80,0,0,0,0,0,0,0,0,0,0,0,0,255,0,7,50,1,0,1,-32490,-30216,794,1049,5671,286,29,40,2033,12,13,14,0,0,0,0,0,0,2367,0,0,0,0,0,0,1415,2889,14,0,14,143,19,455,2,0,0,0,1344,3173,19,0,18,0,24,387,0,0,0,0,1007,0,993,0,993,0,1000,7,0,0,0,0,0,0,0,0,0,0,0,0,0,0,0,0,0,0,0,0,0,0
123.5460,0,0,14371,6,2,4,0,2,100,0,0,0,0,0,0,0,0,0,0,0,0,0,0,0,0,0,80,0,0,0,0,0,0,0,0,0,0,0,0,255,0,7,50,1,0,1,-32490,-30216,794,1049,5671,571,29,40,2033,12,13,13,0,0,0,0,0,0,2361,0,0,0,0,0,0,1422,3025,14,0,13,143,19,475,51,0,0,0,1345,2822,19,0,18,0,24,395,0,0,0,0,1007,0,993,0,993,0,1000,7,0,0,0,0,0,0,0,0,0,0,0,0,0,0,0,0,0,0,0,0,0,0
123.8331,0,0,14371,6,2,4,0,2,100,0,0,0,0,0,0,0,0,0,0,0,0,0,0,0,0,0,80,0,0,0,0,0,0,0,0,0,0,0,0,255,0,7,50,1,0,1,-32490,-30216,794,1049,5671,856,29,40,2033,12,13,13,0,0,0,0,0,0,2367,0,0,0,0,0,0,1469,2983,14,0,14,140,20,505,-54,0,0,0,1326,3077,19,0,18,0,24,401,0,0,0,0,1007,0,993,0,993,0,1000,7,0,0,0,0,0,0,0,0,0,0,0,0,0,0,0,0,0,0,0,0,0,0
124.1184,0,0,14371,6,2,4,0,2,100,0,0,0,0,0,0,0,0,0,0,0,0,0,0,0,0,0,80,0,0,0,0,0,0,0,0,0,0,0,0,255,0,7,50,1,0,1,-32490,-30216,794,1049,5927,141,29,40,2033,12,13,13,0,0,0,0,0,0,2342,0,0,0,0,0,0,1410,3036,14,0,13,139,19,505,8,0,0,0,1367,3177,19,0,18,0,24,386,0,0,0,0,1007,0,993,0,993,0,1000,7,0,0,0,0,0,0,0,0,0,0,0,0,0,0,0,0,0,0,0,0,0,0
124.4053,0,0,14371,6,2,4,0,2,100,0,0,0,0,0,0,0,0,0,0,0,0,0,0,0,0,0,80,0,0,0,0,0,0,0,0,0,0,0,0,255,0,7,50,1,0,1,-32490,-30216,794,1049,5927,426,29,40,2033,11,13,13,0,0,0,0,0,0,2367,0,0,0,0,0,0,1383,2911,14,0,13,135,19,431,-16,0,0,0,1370,3147,19,0,18,0,25,397,0,0,0,0,1006,0,993,0,993,0,1000,7,0,0,0,0,0,0,0,0,0,0,0,0,0,0,0,0,0,0,0,0,0,0
124.6910,0,0,14371,6,2,4,0,2,100,0,0,0,0,0,0,0,0,0,0,0,0,0,0,0,0,0,80,0,0,0,0,0,0,0,0,0,0,0,0,255,0,7,50,1,0,1,-32490,-30216,794,1049,5927,716,29,39,2033,12,12,13,0,0,0,0,0,0,2342,0,0,0,0,0,0,1405,2927,14,0,13,137,19,465,18,0,0,0,1330,2955,19,0,18,0,24,353,0,0,0,0,1006,0,993,0,993,0,999,6,0,0,0,0,0,0,0,0,0,0,0,0,0,0,0,0,0,0,0,0,0,0
124.9777,0,0,14371,6,2,4,0,2,100,0,0,0,0,0,0,0,0,0,0,0,0,0,0,0,0,0,80,0,0,0,0,0,0,0,0,0,0,0,0,255,0,7,50,1,0,1,-32490,-30216,794,1049,5927,996,29,39,2033,12,12,13,0,0,0,0,0,0,2367,0,0,0,0,0,0,1373,2828,14,0,13,135,19,487,58,0,0,0,1304,2845,19,0,18,0,23,346,0,0,0,0,1006,0,993,0,993,0,999,6,0,0,0,0,0,0,0,0,0,0,0,0,0,0,0,0,0,0,0,0,0,0
125.2622,0,0,14371,6,2,4,0,2,100,0,0,0,0,0,0,0,0,0,0,0,0,0,0,0,0,0,80,0,0,0,0,0,0,0,0,0,0,0,0,255,0,7,50,1,0,1,-32490,-30216,794,1049,6183,281,29,39,2033,12,13,13,0,0,0,0,0,0,2373,0,0,0,0,0,0,1451,2984,14,0,13,135,20,479,-24,0,0,0,1342,3128,19,0,18,0,24,399,0,0,0,0,1006,0,993,0,993,0,1000,6,0,0,0,0,0,0,0,0,0,0,0,0,0,0,0,0,0,0,0,0,0,0
125.5488,0,0,14371,6,2,4,0,2,100,0,0,0,0,0,0,0,0,0,0,0,0,0,0,0,0,0,80,0,0,0,0,0,0,0,0,0,0,0,0,255,0,7,50,1,0,1,-32490,-30216,794,1049,6183,566,29,39,2033,13,13,13,0,0,0,0,0,0,2342,0,0,0,0,0,0,1428,3078,14,0,13,140,19,541,100,0,0,0,1337,3125,19,0,18,0,24,407,0,0,0,0,1006,0,993,0,993,0,999,6,0,0,0,0,0,0,0,0,0,0,0,0,0,0,0,0,0,0,0,0,0,0
125.8349,0,0,14371,6,2,4,0,2,100,0,0,0,0,0,0,0,0,0,0,0,0,0,0,0,0,0,80,0,0,0,0,0,0,0,0,0,0,0,0,255,0,7,50,1,0,1,-32490,-30216,794,1049,6183,856,29,39,2033,12,12,14,0,0,0,0,0,0,2361,0,0,0,0,0,0,1431,3114,14,0,13,140,19,474,47,0,0,0,1307,2964,19,0,18,0,24,375,0,0,0,0,1007,0,993,0,993,0,1000,8,0,0,0,0,0,0,0,0,0,0,0,0,0,0,0,0,0,0,0,0,0,0
126.1212,0,0,14371,6,2,4,0,2,100,0,0,0,0,0,0,0,0,0,0,0,0,0,0,0,0,0,80,0,0,0,0,0,0,0,0,0,0,0,0,255,0,7,50,1,0,1,-32490,-30216,794,1049,6439,136,29,39,2033,12,13,14,0,0,0,0,0,0,2329,0,0,0,0,0,0,1400,3063,14,0,13,138,19,471,8,0,0,0,1333,3002,19,0,18,0,24,368,0,0,0,0,1007,0,993,0,993,0,1000,7,0,0,0,0,0,0,0,0,0,0,0,0,0,0,0,0,0,0,0,0,0,0
126.4082,0,0,14371,6,2,4,0,2,100,0,0,0,0,0,0,0,0,0,0,0,0,0,0,0,0,0,80,0,0,0,0,0,0,0,0,0,0,0,0,255,0,7,50,1,0,1,-32490,-30216,794,1049,6439,426,29,39,2033,12,12,15,0,0,0,0,0,0,2354,0,0,0,0,0,0,1410,3241,14,0,14,135,19,514,124,0,0,0,1310,2944,19,0,18,0,24,354,0,0,0,0,1007,0,993,0,993,0,1000,7,0,0,0,0,0,0,0,0,0,0,0,0,0,0,0,0,0,0,0,0,0,0
126.6938,0,0,14371,6,2,4,0,2,100,0,0,0,0,0,0,0,0,0,0,0,0,0,0,0,0,0,80,0,0,0,0,0,0,0,0,0,0,0,0,255,0,7,50,1,0,1,-32490,-30216,794,1049,6439,711,29,39,2033,11,12,13,0,0,0,0,0,0,2342,0,0,0,0,0,0,1417,2923,14,0,13,137,19,447,-27,0,0,0,1318,2960,19,0,18,0,24,345,0,0,0,0,1006,0,993,0,993,0,1000,6,0,0,0,0,0,0,0,0,0,0,0,0,0,0,0,0,0,0,0,0,0,0
126.9804,0,0,14371,6,2,4,0,2,100,0,0,0,0,0,0,0,0,0,0,0,0,0,0,0,0,0,80,0,0,0,0,0,0,0,0,0,0,0,0,255,0,7,50,1,0,1,-32490,-30216,794,1049,6439,991,29,39,2033,13,12,14,0,0,0,0,0,0,2354,0,0,0,0,0,0,1480,3174,14,0,14,140,20,506,-65,0,0,0,1364,3189,19,0,18,0,25,374,0,0,0,0,1006,0,993,0,993,0,999,7,0,0,0,0,0,0,0,0,0,0,0,0,0,0,0,0,0,0,0,0,0,0
127.2680,0,0,14371,6,2,4,0,2,100,0,0,0,0,0,0,0,0,0,0,0,0,0,0,0,0,0,80,0,0,0,0,0,0,0,0,0,0,0,0,255,0,7,50,1,0,1,-32490,-30216,794,1049,6695,281,29,39,2033,12,12,14,0,0,0,0,0,0,2354,0,0,0,0,0,0,1436,2998,14,0,13,138,20,473,-58,0,0,0,1326,3033,19,0,18,0,24,344,0,0,0,0,1006,0,993,0,993,0,999,7,0,0,0,0,0,0,0,0,0,0,0,0,0,0,0,0,0,0,0,0,0,0
127.5518,0,0,14371,6,2,4,0,2,100,0,0,0,0,0,0,0,0,0,0,0,0,0,0,0,0,0,80,0,0,0,0,0,0,0,0,0,0,0,0,255,0,7,50,1,0,1,-32490,-30216,794,1049,6695,566,29,39,2033,12,12,12,0,0,0,0,0,0,2367,0,0,0,0,0,0,1438,2932,14,0,13,143,19,460,22,0,0,0,1363,2962,19,0,18,0,24,373,0,0,0,0,1005,0,993,0,993,0,999,6,0,0,0,0,0,0,0,0,0,0,0,0,0,0,0,0,0,0,0,0,0,0
127.8381,0,0,14371,6,2,4,0,2,100,0,0,0,0,0,0,0,0,0,0,0,0,0,0,0,0,0,80,0,0,0,0,0,0,0,0,0,0,0,0,255,0,7,50,1,0,1,-32490,-30216,794,1049,6695,851,28,39,2033,12,12,12,0,0,0,0,0,0,2335,0,0,0,0,0,0,1444,3036,14,0,13,142,20,460,63,0,0,0,1307,2915,19,0,18,0,24,378,0,0,0,0,1006,0,993,0,993,0,999,6,0,0,0,0,0,0,0,0,0,0,0,0,0,0,0,0,0,0,0,0,0,0
128.1234,0,0,14371,6,2,4,0,2,100,0,0,0,0,0,0,0,0,0,0,0,0,0,0,0,0,0,80,0,0,0,0,0,0,0,0,0,0,0,0,255,0,7,50,1,0,1,-32490,-30216,794,1049,6951,136,28,39,2033,12,14,11,0,0,0,0,0,0,2354,0,0,0,0,0,0,1430,2871,14,0,13,135,19,449,-53,0,0,0,1354,3276,19,0,18,0,24,420,0,0,0,0,1005,0,993,0,993,0,999,6,0,0,0,0,0,0,0,0,0,0,0,0,0,0,0,0,0,0,0,0,0,0
128.4097,0,0,14371,6,2,4,0,2,100,0,0,0,0,0,0,0,0,0,0,0,0,0,0,0,0,0,80,0,0,0,0,0,0,0,0,0,0,0,0,255,0,7,50,1,0,1,-32490,-30216,794,1049,6951,421,28,39,2033,12,12,12,0,0,0,0,0,0,2342,0,0,0,0,0,0,1492,3158,14,0,13,137,20,507,-43,0,0,0,1342,3021,19,0,18,0,24,357,0,0,0,0,1005,0,993,0,993,0,999,6,0,0,0,0,0,0,0,0,0,0,0,0,0,0,0,0,0,0,0,0,0,0
128.6962,0,0,14371,6,2,4,0,2,100,0,0,0,0,0,0,0,0,0,0,0,0,0,0,0,0,0,80,0,0,0,0,0,0,0,0,0,0,0,0,255,0,7,50,1,0,1,-32490,-30216,794,1049,6951,706,28,39,2033,13,13,12,0,0,0,0,0,0,2329,0,0,0,0,0,0,1511,3286,14,0,13,137,20,525,-59,0,0,0,1381,3050,19,0,18,0,25,393,0,0,0,0,1005,0,993,0,993,0,999,6,0,0,0,0,0,0,0,0,0,0,0,0,0,0,0,0,0,0,0,0,0,0
128.9828,0,0,14371,6,2,4,0,2,100,0,0,0,0,0,0,0,0,0,0,0,0,0,0,0,0,0,80,0,0,0,0,0,0,0,0,0,0,0,0,255,0,7,50,1,0,1,-32490,-30216,794,1049,6951,991,28,39,2033,12,12,13,0,0,0,0,0,0,2354,0,0,0,0,0,0,1473,3120,14,0,13,138,20,489,-76,0,0,0,1330,3022,19,0,18,0,24,362,0,0,0,0,1006,0,993,0,993,0,999,7,0,0,0,0,0,0,0,0,0,0,0,0,0,0,0,0,0,0,0,0,0,0
129.2661,0,0,14371,6,2,4,0,2,100,0,0,0,0,0,0,0,0,0,0,0,0,0,0,0,0,0,80,0,0,0,0,0,0,0,0,0,0,0,0,255,0,7,50,1,0,1,-32490,-30216,794,1049,7207,276,28,38,2033,12,11,12,0,0,0,0,0,0,2354,0,0,0,0,0,0,1421,3127,14,0,13,133,19,455,102,0,0,0,1306,2863,19,0,18,0,24,327,0,0,0,0,1006,0,993,0,993,0,999,6,0,0,0,0,0,0,0,0,0,0,0,0,0,0,0,0,0,0,0,0,0,0
129.5531,0,0,14371,6,2,4,0,2,100,0,0,0,0,0,0,0,0,0,0,0,0,0,0,0,0,0,80,0,0,0,0,0,0,0,0,0,0,0,0,255,0,7,50,1,0,1,-32490,-30216,794,1049,7207,561,28,38,2033,12,12,12,0,0,0,0,0,0,2342,0,0,0,0,0,0,1408,3121,14,0,13,132,19,486,110,0,0,0,1306,2951,19,0,18,0,23,360,0,0,0,0,1006,0,993,0,993,0,999,6,0,0,0,0,0,0,0,0,0,0,0,0,0,0,0,0,0,0,0,0,0,0
129.8400,0,0,14371,6,2,4,0,2,100,0,0,0,0,0,0,0,0,0,0,0,0,0,0,0,0,0,80,0,0,0,0,0,0,0,0,0,0,0,0,255,0,7,50,1,0,1,-32490,-30216,794,1049,7207,846,28,38,2033,13,12,13,0,0,0,0,0,0,2354,0,0,0,0,0,0,1499,3196,14,0,13,140,20,522,-85,0,0,0,1334,3185,19,0,18,0,24,354,0,0,0,0,1007,0,993,0,993,0,1000,7,0,0,0,0,0,0,0,0,0,0,0,0,0,0,0,0,0,0,0,0,0,0
130.1253,0,0,14371,6,2,4,0,2,100,0,0,0,0,0,0,0,0,0,0,0,0,0,0,0,0,0,80,0,0,0,0,0,0,0,0,0,0,0,0,255,0,7,50,1,0,1,-32490,-30216,794,1049,7463,131,28,38,2033,11,12,12,0,0,0,0,0,0,2367,0,0,0,0,0,0,1422,2908,14,0,13,136,19,443,-32,0,0,0,1356,3005,18,0,18,0,24,374,0,0,0,0,1006,0,993,0,993,0,999,6,0,0,0,0,0,0,0,0,0,0,0,0,0,0,0,0,0,0,0,0,0,0
