t_seconds,0x0030,0x0031,0x0032,0x0033,0x0034,0x0035,0x0036,0x0037,0x0038,0x0039,0x003A,0x003B,0x003C,0x003D,0x003E,0x003F,0x0040,0x0041,0x0042,0x0043,0x0044,0x0045,0x0046,0x0047,0x0048,0x0049,0x004A,0x004B,0x004C,0x004D,0x004E,0x004F,0x0050
0.0945,794,3096,1313,496,13,2049,11,12,12,12,0,0,0,0,0,0,2430,0,0,0,0,0,0,1891,3104,6,0,6,295,12,980,133,0
0.1893,794,3096,1313,591,13,2049,11,13,11,12,0,0,0,0,0,0,2436,0,0,0,0,0,0,2015,3292,6,0,6,292,13,1104,166,0
0.2835,794,3096,1313,686,13,2049,11,12,12,12,0,0,0,0,0,0,2436,0,0,0,0,0,0,1934,3125,6,0,6,291,13,1017,93,0
0.3781,794,3096,1313,781,13,2049,11,12,12,12,0,0,0,0,0,0,2430,0,0,0,0,0,0,1915,3104,6,0,6,288,12,995,-1,0
0.4724,794,3096,1313,876,13,2049,11,12,12,13,0,0,0,0,0,0,2436,0,0,0,0,0,0,1927,2992,6,0,6,302,13,1014,117,0
0.5650,794,3096,1313,971,13,2049,11,12,13,13,0,0,0,0,0,0,2430,0,0,0,0,0,0,1954,3006,6,0,6,316,13,1050,85,0
0.6597,794,3096,1569,61,13,2049,11,12,13,13,0,0,0,0,0,0,2430,0,0,0,0,0,0,1954,3006,6,0,6,316,13,1050,85,0
0.7524,794,3096,1569,156,13,2049,11,11,12,13,0,0,0,0,0,0,2430,0,0,0,0,0,0,1880,2869,6,0,6,296,12,962,28,0
0.8451,794,3096,1569,246,13,2049,11,11,13,13,0,0,0,0,0,0,2417,0,0,0,0,0,0,1872,3047,6,0,6,295,12,953,72,0
0.9381,794,3096,1569,336,13,2049,11,12,12,12,0,0,0,0,0,0,2417,0,0,0,0,0,0,1844,2992,6,0,6,302,12,1090,-10,0
1.0312,794,3096,1569,431,13,2049,11,12,12,12,0,0,0,0,0,0,2411,0,0,0,0,0,0,1815,2936,6,0,6,296,12,1007,-50,0
1.1254,794,3096,1569,526,13,2049,11,12,12,12,0,0,0,0,0,0,2436,0,0,0,0,0,0,1816,2901,6,0,6,294,12,966,-72,0
1.2206,794,3096,1569,621,13,2049,11,12,12,12,0,0,0,0,0,0,2430,0,0,0,0,0,0,1889,3068,6,0,6,303,12,1010,-30,0
1.3131,794,3096,1569,716,13,2049,11,12,13,12,0,0,0,0,0,0,2417,0,0,0,0,0,0,1901,2910,6,0,6,300,12,1004,-75,0
1.4060,794,3096,1569,806,13,2049,11,12,13,12,0,0,0,0,0,0,2436,0,0,0,0,0,0,1928,2987,6,0,6,312,13,1029,44,0
1.4988,794,3096,1569,901,13,2049,11,12,12,12,0,0,0,0,0,0,2424,0,0,0,0,0,0,1844,2889,6,0,6,306,12,978,-45,0
1.5917,794,3096,1569,991,13,2049,11,11,12,13,0,0,0,0,0,0,2424,0,0,0,0,0,0,1818,2789,6,0,6,303,12,950,-90,0
1.6870,794,3096,1825,86,13,2049,11,12,12,13,0,0,0,0,0,0,2436,0,0,0,0,0,0,1837,2939,6,0,6,306,12,946,0,0
1.7820,794,3096,1825,176,13,2049,11,12,12,13,0,0,0,0,0,0,2430,0,0,0,0,0,0,1759,2948,6,0,6,295,12,1009,-76,0
1.8766,794,3096,1825,271,13,2049,11,12,13,12,0,0,0,0,0,0,2424,0,0,0,0,0,0,1788,2914,6,0,6,296,12,1004,-137,0
1.9681,794,3096,1825,366,13,2049,11,12,12,13,0,0,0,0,0,0,2424,0,0,0,0,0,0,1840,2917,6,0,6,288,12,985,-59,0
2.0602,794,3096,1825,456,13,2049,11,12,12,13,0,0,0,0,0,0,2436,0,0,0,0,0,0,1774,2897,6,0,6,293,12,992,-86,0
2.1520,794,3096,1825,551,13,2049,11,12,11,14,0,0,0,0,0,0,2417,0,0,0,0,0,0,1845,3072,6,0,6,293,12,995,-7,0
2.2436,794,3096,1825,641,13,2049,11,12,11,14,0,0,0,0,0,0,2424,0,0,0,0,0,0,1845,3072,6,0,6,293,12,995,-7,0
2.3357,794,3096,1825,736,13,2049,11,13,12,13,0,0,0,0,0,0,2436,0,0,0,0,0,0,1903,3051,6,0,6,294,12,1035,46,0
2.4280,794,3096,1825,826,13,2049,11,12,13,13,0,0,0,0,0,0,2436,0,0,0,0,0,0,1860,3018,6,0,6,305,12,979,0,0
2.5206,794,3096,1825,916,13,2049,11,13,13,13,0,0,0,0,0,0,2430,0,0,0,0,0,0,1970,3332,6,0,6,295,13,1071,69,0
2.6134,794,3096,2081,11,13,2049,11,11,12,12,0,0,0,0,0,0,2443,0,0,0,0,0,0,1792,2991,6,0,6,293,12,962,-45,0
2.7060,794,3096,2081,106,13,2049,11,13,13,11,0,0,0,0,0,0,2417,0,0,0,0,0,0,1810,3034,6,0,6,294,12,1127,-86,0
2.7989,794,3096,2081,191,13,2049,11,12,13,12,0,0,0,0,0,0,2417,0,0,0,0,0,0,1821,3012,6,0,6,296,12,1063,-62,0
2.8927,794,3096,2081,286,13,2049,11,11,13,12,0,0,0,0,0,0,2436,0,0,0,0,0,0,1751,2851,6,0,6,293,11,993,-54,0
2.9854,794,3096,2081,381,13,2049,11,12,13,12,0,0,0,0,0,0,2443,0,0,0,0,0,0,1765,2896,6,0,6,290,11,1033,-97,0
3.0778,794,3096,2081,471,13,2049,11,11,12,13,0,0,0,0,0,0,2443,0,0,0,0,0,0,1760,2884,6,0,6,282,11,926,-16,0
3.1702,794,3096,2081,566,13,2049,11,11,13,13,0,0,0,0,0,0,2436,0,0,0,0,0,0,1865,2875,6,0,6,294,12,993,-27,0
3.2624,794,3096,2081,656,13,2049,11,12,12,13,0,0,0,0,0,0,2430,0,0,0,0,0,0,2010,2979,6,0,6,303,13,1125,66,0
3.3559,794,3096,2081,751,13,2049,11,12,12,13,0,0,0,0,0,0,2436,0,0,0,0,0,0,1913,2943,6,0,6,290,13,1006,-38,0
3.4506,794,3096,2081,841,13,2049,11,12,12,12,0,0,0,0,0,0,2424,0,0,0,0,0,0,1872,2900,6,0,6,302,12,1041,-55,0
3.5460,794,3096,2081,936,13,2049,11,12,12,13,0,0,0,0,0,0,2436,0,0,0,0,0,0,1824,2849,6,0,6,298,12,982,-18,0
3.6387,794,3096,2337,31,13,2049,11,12,12,13,0,0,0,0,0,0,2430,0,0,0,0,0,0,1824,2849,6,0,6,298,12,982,-18,0
3.7312,794,3096,2337,126,13,2049,11,12,12,13,0,0,0,0,0,0,2424,0,0,0,0,0,0,1784,2893,6,0,6,286,11,991,-84,0
3.8239,794,3096,2337,216,13,2049,11,12,12,13,0,0,0,0,0,0,2468,0,0,0,0,0,0,1746,2911,6,0,6,292,11,1069,-176,0
3.9167,794,3096,2337,306,13,2049,11,12,12,12,0,0,0,0,0,0,2417,0,0,0,0,0,0,1802,2838,6,0,6,303,12,1009,-52,0
4.0092,794,3096,2337,401,13,2049,11,13,12,12,0,0,0,0,0,0,2417,0,0,0,0,0,0,1923,2916,6,0,6,310,12,1076,22,0
4.1022,794,3096,2337,491,13,2049,11,13,12,12,0,0,0,0,0,0,2417,0,0,0,0,0,0,1942,2943,6,0,6,307,13,1063,-73,0
4.1949,794,3096,2337,586,13,2049,11,12,11,11,0,0,0,0,0,0,2417,0,0,0,0,0,0,1862,2985,6,0,6,295,12,958,24,0
4.2874,794,3096,2337,681,13,2049,11,12,11,12,0,0,0,0,0,0,2430,0,0,0,0,0,0,1892,3005,6,0,6,291,13,979,12,0
4.3803,794,3096,2337,771,13,2049,11,12,12,11,0,0,0,0,0,0,2443,0,0,0,0,0,0,1828,3046,6,0,6,283,12,1026,52,0
4.4742,794,3096,2337,866,13,2049,11,13,12,11,0,0,0,0,0,0,2436,0,0,0,0,0,0,1977,3173,6,0,6,299,13,1128,95,0
4.5671,794,3096,2337,956,13,2049,11,13,12,12,0,0,0,0,0,0,2417,0,0,0,0,0,0,1977,3054,6,0,6,298,13,1095,81,0
4.6599,794,3096,2593,51,13,2049,11,12,13,12,0,0,0,0,0,0,2436,0,0,0,0,0,0,1869,3005,6,0,6,291,12,1047,5,0
4.7530,794,3096,2593,146,13,2049,11,12,12,12,0,0,0,0,0,0,2436,0,0,0,0,0,0,1847,3016,6,0,6,294,12,987,30,0
4.8457,794,3096,2593,236,13,2049,11,12,12,12,0,0,0,0,0,0,2436,0,0,0,0,0,0,1852,3018,6,0,6,295,12,962,-23,0
4.9401,794,3096,2593,326,13,2049,11,12,12,12,0,0,0,0,0,0,2436,0,0,0,0,0,0,1841,3018,6,0,6,296,12,942,31,0
5.0353,794,3096,2593,421,13,2049,11,12,12,12,0,0,0,0,0,0,2417,0,0,0,0,0,0,1841,3018,6,0,6,296,12,942,31,0
5.1296,794,3096,2593,516,13,2049,11,12,13,12,0,0,0,0,0,0,2430,0,0,0,0,0,0,1790,2933,6,0,6,303,12,971,-64,0
5.2243,794,3096,2593,611,13,2049,11,13,13,13,0,0,0,0,0,0,2424,0,0,0,0,0,0,1840,3078,6,0,6,302,12,1061,-8,0
5.3198,794,3096,2593,706,13,2049,11,13,14,13,0,0,0,0,0,0,2443,0,0,0,0,0,0,1869,3113,6,0,6,304,12,1030,-74,0
5.4145,794,3096,2593,801,13,2049,11,12,14,12,0,0,0,0,0,0,2430,0,0,0,0,0,0,1918,2983,6,0,6,306,12,1044,45,0
5.5089,794,3096,2593,896,13,2049,11,12,13,12,0,0,0,0,0,0,2417,0,0,0,0,0,0,1814,2961,6,0,6,305,12,1022,-39,0
5.6031,794,3096,2593,991,13,2049,11,12,13,12,0,0,0,0,0,0,2436,0,0,0,0,0,0,1892,3157,6,0,6,301,12,1039,10,0
5.6973,794,3096,2849,86,13,2049,11,12,12,12,0,0,0,0,0,0,2436,0,0,0,0,0,0,1883,3126,6,0,6,300,12,1019,-101,0
5.7917,794,3096,2849,176,13,2049,11,12,13,12,0,0,0,0,0,0,2424,0,0,0,0,0,0,1890,3046,6,0,6,307,12,1009,-43,0
5.8862,794,3096,2849,271,13,2049,11,12,12,12,0,0,0,0,0,0,2436,0,0,0,0,0,0,1949,2874,6,0,6,301,13,1051,33,0
5.9806,794,3096,2849,361,13,2049,11,12,13,11,0,0,0,0,0,0,2430,0,0,0,0,0,0,1867,2895,6,0,6,292,12,954,40,0
6.0752,794,3096,2849,456,13,2049,11,11,12,13,0,0,0,0,0,0,2430,0,0,0,0,0,0,1867,2883,6,0,6,289,12,948,62,0
6.1697,794,3096,2849,551,13,2049,11,12,12,12,0,0,0,0,0,0,2430,0,0,0,0,0,0,1878,2957,6,0,6,294,12,960,94,0
6.2639,794,3096,2849,646,13,2049,11,12,12,12,0,0,0,0,0,0,2436,0,0,0,0,0,0,1890,2878,6,0,6,290,12,969,110,0
6.3585,794,3096,2849,741,13,2049,11,12,11,12,0,0,0,0,0,0,2436,0,0,0,0,0,0,1920,2975,6,0,6,299,13,1005,115,0
6.4527,794,3096,2849,836,13,2049,11,11,11,12,0,0,0,0,0,0,2411,0,0,0,0,0,0,1829,2988,6,0,6,282,12,930,29,0
6.5470,794,3096,2849,931,13,2049,11,11,13,11,0,0,0,0,0,0,2436,0,0,0,0,0,0,1875,2903,6,0,6,297,12,972,7,0
6.6416,794,3096,3105,26,13,2049,11,11,12,11,0,0,0,0,0,0,2417,0,0,0,0,0,0,1856,2896,6,0,6,288,12,940,92,0
6.7361,794,3096,3105,121,13,2049,11,12,12,12,0,0,0,0,0,0,2436,0,0,0,0,0,0,1831,2879,6,0,6,292,12,970,87,0
6.8304,794,3096,3105,211,13,2049,11,12,12,11,0,0,0,0,0,0,2430,0,0,0,0,0,0,1763,2886,6,0,6,282,12,1021,72,0
6.9246,794,3096,3105,306,13,2049,11,12,13,13,0,0,0,0,0,0,2443,0,0,0,0,0,0,1793,2888,6,0,6,280,12,974,-2,0
7.0192,794,3096,3105,396,13,2049,11,12,13,13,0,0,0,0,0,0,2436,0,0,0,0,0,0,1793,2888,6,0,6,280,12,974,-2,0
7.1139,794,3096,3105,491,13,2049,11,13,12,12,0,0,0,0,0,0,2430,0,0,0,0,0,0,1910,3115,6,0,6,291,13,1045,85,0
7.2087,794,3096,3105,586,13,2049,11,12,12,12,0,0,0,0,0,0,2436,0,0,0,0,0,0,1901,3073,6,0,6,300,12,1013,79,0
7.3034,794,3096,3105,681,13,2049,11,12,12,13,0,0,0,0,0,0,2436,0,0,0,0,0,0,1858,3128,6,0,6,297,12,968,-26,0
7.3980,794,3096,3105,776,13,2049,11,12,11,13,0,0,0,0,0,0,2436,0,0,0,0,0,0,1814,3067,6,0,6,295,12,984,8,0
7.4923,794,3096,3105,871,13,2049,11,12,11,12,0,0,0,0,0,0,2430,0,0,0,0,0,0,1823,3126,6,0,6,295,12,1030,-13,0
7.5866,794,3096,3105,966,13,2049,11,11,12,12,0,0,0,0,0,0,2430,0,0,0,0,0,0,1803,2977,6,0,6,285,12,940,-9,0
7.6804,794,3096,3361,61,13,2049,11,12,12,13,0,0,0,0,0,0,2436,0,0,0,0,0,0,1865,3062,6,0,6,295,12,977,87,0
7.7752,794,3096,3361,156,13,2049,11,12,12,13,0,0,0,0,0,0,2443,0,0,0,0,0,0,1908,2984,6,0,6,296,12,1006,112,0
7.8694,794,3096,3361,246,13,2049,11,13,11,12,0,0,0,0,0,0,2430,0,0,0,0,0,0,1966,2988,6,0,6,308,13,1066,28,0
7.9636,794,3096,3361,341,13,2049,11,13,12,12,0,0,0,0,0,0,2474,0,0,0,0,0,0,1906,3174,6,0,6,307,12,1148,-32,0
8.0580,794,3096,3361,436,13,2049,11,12,12,11,0,0,0,0,0,0,2436,0,0,0,0,0,0,1840,3055,6,0,6,294,12,1037,-75,0
8.1522,794,3096,3361,526,13,2049,11,12,11,12,0,0,0,0,0,0,2417,0,0,0,0,0,0,1838,3007,6,0,6,309,12,1018,-7,0
8.2466,794,3096,3361,621,13,2049,11,12,12,12,0,0,0,0,0,0,2436,0,0,0,0,0,0,1811,2876,6,0,6,309,12,971,1,0
8.3408,794,3096,3361,716,13,2049,11,12,12,12,0,0,0,0,0,0,2411,0,0,0,0,0,0,1798,2868,6,0,6,308,12,985,26,0
8.4350,794,3096,3361,811,13,2049,11,12,12,12,0,0,0,0,0,0,2424,0,0,0,0,0,0,1790,2873,6,0,6,294,12,992,-20,0
8.5292,794,3096,3361,906,13,2049,11,12,13,13,0,0,0,0,0,0,2462,0,0,0,0,0,0,1812,3030,6,0,6,297,12,996,66,0
8.6236,794,3096,3617,1,13,2049,11,12,12,13,0,0,0,0,0,0,2424,0,0,0,0,0,0,1798,2892,6,0,6,295,12,961,6,0
8.7179,794,3096,3617,96,13,2049,11,13,12,12,0,0,0,0,0,0,2430,0,0,0,0,0,0,1890,3135,6,0,6,296,12,1095,-39,0
8.8121,794,3096,3617,186,13,2049,11,12,11,13,0,0,0,0,0,0,2424,0,0,0,0,0,0,1836,2911,6,0,6,296,12,977,-33,0
8.9064,794,3096,3617,276,13,2049,11,12,11,13,0,0,0,0,0,0,2424,0,0,0,0,0,0,1836,2911,6,0,6,296,12,977,-33,0
9.0006,794,3096,3617,371,13,2049,11,11,11,12,0,0,0,0,0,0,2430,0,0,0,0,0,0,1745,2813,6,0,6,279,11,876,0,0
9.0951,794,3096,3617,466,13,2049,11,11,11,11,0,0,0,0,0,0,2436,0,0,0,0,0,0,1851,2923,6,0,6,284,12,957,81,0
9.1896,794,3096,3617,561,13,2049,11,11,13,11,0,0,0,0,0,0,2417,0,0,0,0,0,0,1782,2964,6,0,6,279,12,941,0,0
9.2844,794,3096,3617,656,13,2049,11,12,12,12,0,0,0,0,0,0,2430,0,0,0,0,0,0,1792,2882,6,0,6,295,12,970,51,0
9.3789,794,3096,3617,751,13,2049,11,12,13,13,0,0,0,0,0,0,2417,0,0,0,0,0,0,1773,2976,6,0,6,293,11,985,-66,0
9.4733,794,3096,3617,846,13,2049,11,14,13,13,0,0,0,0,0,0,2436,0,0,0,0,0,0,1875,3352,6,0,6,302,12,1176,12,0
9.5680,794,3096,3617,941,13,2049,11,13,12,13,0,0,0,0,0,0,2417,0,0,0,0,0,0,1836,3021,6,0,6,309,12,1088,72,0
9.6623,794,3096,3873,36,13,2049,11,13,11,12,0,0,0,0,0,0,2436,0,0,0,0,0,0,1935,3136,6,0,6,302,13,1104,72,0
9.7566,794,3096,3873,126,13,2049,11,12,12,13,0,0,0,0,0,0,2443,0,0,0,0,0,0,1829,3081,6,0,6,287,12,980,-30,0
9.8508,794,3096,3873,221,13,2049,11,13,12,14,0,0,0,0,0,0,2424,0,0,0,0,0,0,1887,3069,6,0,6,289,13,1003,17,0
9.9451,794,3096,3873,311,13,2049,11,13,12,14,0,0,0,0,0,0,2424,0,0,0,0,0,0,1975,3056,6,0,6,286,13,1074,13,0
10.0396,794,3096,3873,406,13,2049,11,13,12,13,0,0,0,0,0,0,2417,0,0,0,0,0,0,1930,3087,6,0,6,307,13,1075,45,0
10.1338,794,3096,3873,501,13,2049,11,13,11,14,0,0,0,0,0,0,2443,0,0,0,0,0,0,1831,3044,6,0,6,304,12,1150,-83,0
10.2282,794,3096,3873,596,13,2049,11,13,12,14,0,0,0,0,0,0,2430,0,0,0,0,0,0,1808,2996,6,0,6,293,12,1112,-84,0
10.3225,794,3096,3873,691,13,2049,11,13,13,13,0,0,0,0,0,0,2455,0,0,0,0,0,0,1779,3067,6,0,6,299,12,1170,-205,0
10.4169,794,3096,3873,786,13,2049,11,12,12,15,0,0,0,0,0,0,2417,0,0,0,0,0,0,1875,2947,6,0,6,299,12,1113,-96,0
10.5114,794,3096,3873,881,13,2049,11,12,12,14,0,0,0,0,0,0,2436,0,0,0,0,0,0,1830,2870,6,0,6,298,12,1056,-76,0
10.6058,794,3096,3873,971,13,2049,11,13,11,12,0,0,0,0,0,0,2417,0,0,0,0,0,0,1823,2998,6,0,6,304,12,1104,-81,0
10.6985,794,3096,4129,66,13,2049,11,12,12,14,0,0,0,0,0,0,2424,0,0,0,0,0,0,1757,2909,6,0,6,298,12,978,-86,0
10.7928,794,3096,4129,161,13,2049,11,12,12,14,0,0,0,0,0,0,2430,0,0,0,0,0,0,1757,2909,6,0,6,298,12,978,-86,0
10.8872,794,3096,4129,256,13,2049,11,11,12,14,0,0,0,0,0,0,2430,0,0,0,0,0,0,1756,2942,6,0,6,287,11,913,-54,0
10.9816,794,3096,4129,346,13,2049,11,12,12,14,0,0,0,0,0,0,2417,0,0,0,0,0,0,1816,2860,6,0,6,291,12,935,21,0
11.0758,794,3096,4129,441,13,2049,11,13,13,13,0,0,0,0,0,0,2436,0,0,0,0,0,0,1948,3004,6,0,6,303,13,1058,78,0
11.1699,794,3096,4129,536,13,2049,11,13,13,13,0,0,0,0,0,0,2430,0,0,0,0,0,0,1884,3025,6,0,6,299,12,1066,-9,0
11.2642,794,3096,4129,631,13,2049,11,13,12,13,0,0,0,0,0,0,2424,0,0,0,0,0,0,1882,3099,6,0,6,288,12,1070,-95,0
11.3587,794,3096,4129,721,13,2049,11,12,12,12,0,0,0,0,0,0,2424,0,0,0,0,0,0,1814,2885,6,0,6,288,12,997,-107,0
11.4532,794,3096,4129,816,13,2049,11,12,12,13,0,0,0,0,0,0,2417,0,0,0,0,0,0,1790,3147,6,0,6,284,12,1035,-96,0
11.5475,794,3096,4129,911,13,2049,11,12,12,12,0,0,0,0,0,0,2424,0,0,0,0,0,0,1875,3062,6,0,6,280,12,1034,67,0
11.6417,794,3096,4385,6,13,2049,11,12,12,12,0,0,0,0,0,0,2424,0,0,0,0,0,0,1827,2858,6,0,6,284,12,943,-30,0
11.7360,794,3096,4385,101,13,2049,11,13,12,13,0,0,0,0,0,0,2424,0,0,0,0,0,0,1939,3078,6,0,6,293,13,1048,-29,0
11.8302,794,3096,4385,196,13,2049,11,12,13,13,0,0,0,0,0,0,2417,0,0,0,0,0,0,1832,2832,6,0,6,298,12,1024,-86,0
11.9252,794,3096,4385,291,13,2049,11,13,13,13,0,0,0,0,0,0,2424,0,0,0,0,0,0,1927,2934,6,0,6,310,13,1074,-49,0
12.0194,794,3096,4385,381,13,2049,11,12,14,15,0,0,0,0,0,0,2417,0,0,0,0,0,0,1830,2899,6,0,6,306,12,1037,-138,0
12.1137,794,3096,4385,476,13,2049,11,13,12,16,0,0,0,0,0,0,2436,0,0,0,0,0,0,1881,2996,6,0,6,296,12,1023,-26,0
12.2080,794,3096,4385,571,13,2049,11,13,13,14,0,0,0,0,0,0,2455,0,0,0,0,0,0,1873,2983,6,0,6,306,12,1011,54,0
12.3023,794,3096,4385,661,13,2049,11,13,13,13,0,0,0,0,0,0,2424,0,0,0,0,0,0,1927,3048,6,0,6,300,13,1038,87,0
12.3968,794,3096,4385,756,13,2049,11,12,13,12,0,0,0,0,0,0,2430,0,0,0,0,0,0,1852,3050,6,0,6,298,12,982,82,0
12.4914,794,3096,4385,851,13,2049,11,12,13,12,0,0,0,0,0,0,2417,0,0,0,0,0,0,1852,3050,6,0,6,298,12,982,82,0
12.5857,794,3096,4385,946,13,2049,11,12,12,12,0,0,0,0,0,0,2430,0,0,0,0,0,0,1800,3059,6,0,6,301,12,1029,-68,0
12.6801,794,3096,4641,41,13,2049,11,13,13,12,0,0,0,0,0,0,2424,0,0,0,0,0,0,1914,3168,6,0,6,304,12,1076,-70,0
12.7743,794,3096,4641,136,13,2049,11,12,13,13,0,0,0,0,0,0,2430,0,0,0,0,0,0,1875,3038,6,0,6,304,12,1038,-34,0
12.8686,794,3096,4641,231,13,2049,11,13,13,12,0,0,0,0,0,0,2430,0,0,0,0,0,0,1919,3065,6,0,6,308,12,1047,11,0
12.9629,794,3096,4641,321,13,2049,11,13,13,12,0,0,0,0,0,0,2436,0,0,0,0,0,0,1885,3092,6,0,6,297,12,1097,-12,0
13.0604,794,3096,4641,416,13,2049,11,13,11,13,0,0,0,0,0,0,2443,0,0,0,0,0,0,1848,2949,6,0,6,293,12,1048,30,0
13.1551,794,3096,4641,511,13,2049,11,13,12,13,0,0,0,0,0,0,2443,0,0,0,0,0,0,1902,3025,6,0,6,290,13,1042,-18,0
13.2495,794,3096,4641,606,13,2049,11,12,13,12,0,0,0,0,0,0,2417,0,0,0,0,0,0,1861,2861,6,0,6,290,12,969,-51,0
13.3438,794,3096,4641,701,13,2049,11,13,13,12,0,0,0,0,0,0,2436,0,0,0,0,0,0,1874,3133,6,0,7,291,13,1054,-47,0
13.4382,794,3096,4641,796,13,2049,11,13,13,13,0,0,0,0,0,0,2417,0,0,0,0,0,0,1871,3098,6,0,6,287,12,998,53,0
13.5326,794,3096,4641,891,13,2049,11,12,13,13,0,0,0,0,0,0,2430,0,0,0,0,0,0,1812,2957,6,0,6,278,12,907,48,0
13.6269,794,3096,4641,986,13,2049,11,12,12,13,0,0,0,0,0,0,2417,0,0,0,0,0,0,1845,2953,6,0,6,290,12,934,8,0
13.7214,794,3096,4897,81,13,2049,11,12,11,12,0,0,0,0,0,0,2417,0,0,0,0,0,0,1852,3075,6,0,6,287,12,967,86,0
13.8160,794,3096,4897,171,13,2049,11,12,12,12,0,0,0,0,0,0,2417,0,0,0,0,0,0,1825,2986,6,0,6,284,12,946,64,0
13.9106,794,3096,4897,266,13,2049,11,13,12,12,0,0,0,0,0,0,2424,0,0,0,0,0,0,1868,3120,6,0,6,294,12,1049,53,0
14.0051,794,3096,4897,361,13,2049,11,13,11,13,0,0,0,0,0,0,2436,0,0,0,0,0,0,1887,3016,6,0,6,295,12,1018,127,0
14.0992,794,3096,4897,456,13,2049,11,12,13,12,0,0,0,0,0,0,2430,0,0,0,0,0,0,1812,2978,6,0,6,301,12,1009,-68,0
14.1936,794,3096,4897,546,13,2049,11,12,12,13,0,0,0,0,0,0,2436,0,0,0,0,0,0,1807,2906,6,0,6,309,12,966,-9,0
14.2879,794,3096,4897,641,13,2049,11,12,12,14,0,0,0,0,0,0,2430,0,0,0,0,0,0,1879,2940,6,0,6,305,12,1002,5,0
14.3822,794,3096,4897,736,13,2049,11,12,12,13,0,0,0,0,0,0,2417,0,0,0,0,0,0,1844,3087,6,0,6,295,12,963,-61,0
14.4766,794,3096,4897,831,13,2049,11,12,12,13,0,0,0,0,0,0,2424,0,0,0,0,0,0,1844,3087,6,0,6,295,12,963,-61,0
14.5709,794,3096,4897,926,13,2049,11,12,12,13,0,0,0,0,0,0,2417,0,0,0,0,0,0,1814,2959,6,0,6,301,12,981,-122,0
14.6652,794,3096,5153,21,13,2049,11,11,12,12,0,0,0,0,0,0,2417,0,0,0,0,0,0,1821,2871,6,0,6,294,12,942,50,0
14.7597,794,3096,5153,116,13,2049,11,12,12,12,0,0,0,0,0,0,2430,0,0,0,0,0,0,1894,2885,6,0,6,303,12,1001,44,0
14.8540,794,3096,5153,211,13,2049,11,13,12,12,0,0,0,0,0,0,2417,0,0,0,0,0,0,1898,2920,6,0,6,310,12,1037,-68,0
14.9485,794,3096,5153,301,13,2049,11,12,13,12,0,0,0,0,0,0,2430,0,0,0,0,0,0,1814,2754,6,0,6,305,12,943,1,0
15.0429,794,3096,5153,396,13,2049,11,13,13,12,0,0,0,0,0,0,2443,0,0,0,0,0,0,1847,3044,6,0,6,305,12,1047,-130,0
15.1373,794,3096,5153,491,13,2049,11,12,12,13,0,0,0,0,0,0,2424,0,0,0,0,0,0,1845,3057,6,0,6,295,12,986,-139,0
15.2316,794,3096,5153,586,13,2049,11,12,12,12,0,0,0,0,0,0,2430,0,0,0,0,0,0,1871,3014,6,0,6,302,12,987,-67,0
15.3264,794,3096,5153,676,13,2049,11,12,12,11,0,0,0,0,0,0,2455,0,0,0,0,0,0,1879,3014,6,0,6,303,13,979,8,0
15.4208,794,3096,5153,771,13,2049,11,12,12,12,0,0,0,0,0,0,2430,0,0,0,0,0,0,1888,3024,6,0,6,306,12,989,96,0
15.5157,794,3096,5153,866,13,2049,11,12,13,12,0,0,0,0,0,0,2424,0,0,0,0,0,0,1899,3020,6,0,6,296,13,988,113,0
15.6103,794,3096,5153,961,13,2049,11,12,12,12,0,0,0,0,0,0,2436,0,0,0,0,0,0,1915,3072,6,0,6,301,13,1004,89,0
15.7033,794,3096,5409,56,13,2049,11,12,11,12,0,0,0,0,0,0,2462,0,0,0,0,0,0,1849,3113,6,0,6,304,12,1039,33,0
15.7977,794,3096,5409,151,13,2049,11,12,12,12,0,0,0,0,0,0,2424,0,0,0,0,0,0,1813,2996,6,0,6,297,12,982,31,0
15.8922,794,3096,5409,246,13,2049,11,11,13,12,0,0,0,0,0,0,2417,0,0,0,0,0,0,1794,2933,6,0,6,287,12,952,-60,0
15.9876,794,3096,5409,336,13,2049,11,11,13,12,0,0,0,0,0,0,2417,0,0,0,0,0,0,1769,2936,6,0,6,290,11,976,-154,0
16.0804,794,3096,5409,431,13,2049,11,13,13,12,0,0,0,0,0,0,2443,0,0,0,0,0,0,1926,3312,6,0,6,292,13,1074,-59,0
16.1748,794,3096,5409,521,13,2049,11,13,12,12,0,0,0,0,0,0,2436,0,0,0,0,0,0,1977,3379,6,0,6,296,13,1096,83,0
16.2695,794,3096,5409,616,13,2049,11,13,12,12,0,0,0,0,0,0,2417,0,0,0,0,0,0,1977,3379,6,0,6,296,13,1096,83,0
16.3640,794,3096,5409,711,13,2049,11,12,12,12,0,0,0,0,0,0,2443,0,0,0,0,0,0,1970,3242,6,0,6,284,13,1065,119,0
16.4598,794,3096,5409,806,13,2049,11,12,12,12,0,0,0,0,0,0,2443,0,0,0,0,0,0,1955,3077,6,0,6,282,13,1040,73,0
16.5546,794,3096,5409,901,13,2049,11,12,12,12,0,0,0,0,0,0,2417,0,0,0,0,0,0,1910,3005,6,0,6,284,13,1020,42,0
16.6496,794,3096,5409,996,13,2049,11,12,11,12,0,0,0,0,0,0,2443,0,0,0,0,0,0,1863,2990,6,0,6,284,12,973,-14,0
16.7450,794,3096,5665,91,13,2049,11,12,12,12,0,0,0,0,0,0,2436,0,0,0,0,0,0,1876,2896,6,0,6,278,13,965,44,0
16.8364,794,3096,5665,186,13,2049,11,12,12,12,0,0,0,0,0,0,2424,0,0,0,0,0,0,1877,2939,6,0,6,288,12,1020,-16,0
16.9278,794,3096,5665,276,13,2049,11,12,12,13,0,0,0,0,0,0,2430,0,0,0,0,0,0,1949,2962,6,0,6,295,13,1066,69,0
17.0232,794,3096,5665,371,13,2049,11,12,13,13,0,0,0,0,0,0,2430,0,0,0,0,0,0,1894,2995,6,0,6,285,13,996,5,0
17.1144,794,3096,5665,461,13,2049,11,12,12,12,0,0,0,0,0,0,2462,0,0,0,0,0,0,1878,2884,6,0,6,295,12,998,6,0
17.2057,794,3096,5665,551,13,2049,11,12,13,11,0,0,0,0,0,0,2436,0,0,0,0,0,0,1837,2833,6,0,6,293,12,961,-7,0
17.3009,794,3096,5665,646,13,2049,11,13,13,11,0,0,0,0,0,0,2430,0,0,0,0,0,0,1891,2966,6,0,6,293,12,1055,-15,0
17.3960,794,3096,5665,741,13,2049,11,13,12,12,0,0,0,0,0,0,2430,0,0,0,0,0,0,1883,2924,6,0,6,292,12,1065,-49,0
17.4872,794,3096,5665,836,13,2049,11,13,12,11,0,0,0,0,0,0,2424,0,0,0,0,0,0,1927,2984,6,0,6,299,12,1063,13,0
17.5785,794,3096,5665,926,13,2049,11,13,12,11,0,0,0,0,0,0,2430,0,0,0,0,0,0,1892,3178,6,0,6,293,12,1068,39,0
17.6739,794,3096,5921,16,13,2049,11,12,13,12,0,0,0,0,0,0,2436,0,0,0,0,0,0,1817,3021,6,0,6,285,12,996,69,0
17.7694,794,3096,5921,111,13,2049,11,12,12,12,0,0,0,0,0,0,2436,0,0,0,0,0,0,1860,3013,6,0,6,291,12,991,-14,0
17.8620,794,3096,5921,206,13,2049,11,12,11,12,0,0,0,0,0,0,2424,0,0,0,0,0,0,1825,3013,6,0,6,284,12,958,-75,0
17.9547,794,3096,5921,301,13,2049,11,12,11,12,0,0,0,0,0,0,2417,0,0,0,0,0,0,1825,3013,6,0,6,284,12,958,-75,0
18.0473,794,3096,5921,391,13,2049,11,11,12,12,0,0,0,0,0,0,2443,0,0,0,0,0,0,1852,2960,6,0,6,287,12,958,54,0
18.1398,794,3096,5921,481,13,2049,11,11,12,12,0,0,0,0,0,0,2417,0,0,0,0,0,0,1816,2832,6,0,6,291,12,906,25,0
18.2318,794,3096,5921,576,13,2049,11,11,11,12,0,0,0,0,0,0,2436,0,0,0,0,0,0,1819,2828,6,0,6,299,12,915,-75,0
18.3240,794,3096,5921,666,13,2049,11,11,12,12,0,0,0,0,0,0,2436,0,0,0,0,0,0,1777,2917,6,0,6,277,12,853,-48,0
18.4162,794,3096,5921,756,13,2049,11,11,13,12,0,0,0,0,0,0,2436,0,0,0,0,0,0,1769,2850,6,0,6,288,11,850,11,0
18.5087,794,3096,5921,851,13,2049,11,11,13,11,0,0,0,0,0,0,2430,0,0,0,0,0,0,1766,2923,6,0,6,281,12,925,-36,0
18.6016,794,3096,5921,941,13,2049,11,12,12,12,0,0,0,0,0,0,2436,0,0,0,0,0,0,1808,2924,6,0,6,284,12,925,-4,0
18.6934,794,3096,6177,36,13,2049,11,12,12,12,0,0,0,0,0,0,2411,0,0,0,0,0,0,1851,2840,6,0,6,292,12,951,42,0
18.7884,794,3096,6177,126,13,2049,11,12,12,11,0,0,0,0,0,0,2455,0,0,0,0,0,0,1917,2892,6,0,6,291,12,1008,125,0
18.8810,794,3096,6177,221,13,2049,11,12,11,12,0,0,0,0,0,0,2443,0,0,0,0,0,0,1922,2897,6,0,6,288,13,1006,32,0
18.9740,794,3096,6177,316,13,2049,11,11,12,13,0,0,0,0,0,0,2443,0,0,0,0,0,0,1861,2936,6,0,6,284,12,938,37,0
19.0675,794,3096,6177,406,13,2049,11,11,13,13,0,0,0,0,0,0,2430,0,0,0,0,0,0,1799,2779,6,0,6,285,12,873,5,0
19.1603,794,3096,6177,501,13,2049,11,11,12,13,0,0,0,0,0,0,2455,0,0,0,0,0,0,1859,2781,6,0,6,295,12,940,16,0
19.2536,794,3096,6177,591,13,2049,11,12,12,12,0,0,0,0,0,0,2411,0,0,0,0,0,0,1848,2808,6,0,6,293,12,933,0,0
19.3469,794,3096,6177,686,13,2049,11,12,12,12,0,0,0,0,0,0,2430,0,0,0,0,0,0,1848,2808,6,0,6,293,12,933,0,0
19.4396,794,3096,6177,776,13,2049,11,12,12,12,0,0,0,0,0,0,2443,0,0,0,0,0,0,1791,2962,6,0,6,291,12,966,-52,0
19.5329,794,3096,6177,871,13,2049,11,12,12,12,0,0,0,0,0,0,2430,0,0,0,0,0,0,1773,2993,6,0,6,286,12,983,-149,0
19.6281,794,3096,6177,966,13,2049,11,12,13,12,0,0,0,0,0,0,2430,0,0,0,0,0,0,1814,2919,6,0,6,280,12,953,-41,0
19.7206,794,3096,6433,61,13,2049,11,12,13,12,0,0,0,0,0,0,2436,0,0,0,0,0,0,1919,3043,6,0,6,291,13,1034,53,0
19.8134,794,3096,6433,151,13,2049,11,13,12,12,0,0,0,0,0,0,2424,0,0,0,0,0,0,1856,3088,6,0,6,292,12,1092,-72,0
19.9060,794,3096,6433,246,13,2049,11,13,13,12,0,0,0,0,0,0,2430,0,0,0,0,0,0,1951,3278,6,0,6,282,13,1106,-16,0
19.9996,794,3096,6433,336,13,2049,11,13,12,12,0,0,0,0,0,0,2455,0,0,0,0,0,0,2030,3283,6,0,6,292,14,1154,91,0
20.0925,794,3096,6433,426,13,2049,11,12,13,12,0,0,0,0,0,0,2424,0,0,0,0,0,0,1891,2939,6,0,6,299,13,993,116,0
20.1856,794,3096,6433,521,13,2049,11,13,12,13,0,0,0,0,0,0,2417,0,0,0,0,0,0,1931,3006,6,0,6,303,13,1070,98,0
20.2784,794,3096,6433,616,13,2049,11,13,13,13,0,0,0,0,0,0,2443,0,0,0,0,0,0,1867,3116,6,0,6,296,13,1035,-16,0
20.3709,794,3096,6433,706,13,2049,11,13,13,14,0,0,0,0,0,0,2436,0,0,0,0,0,0,1864,3209,6,0,6,285,12,1017,-92,0
20.4645,794,3096,6433,801,13,2049,11,13,13,14,0,0,0,0,0,0,2424,0,0,0,0,0,0,1899,3051,6,0,6,284,13,1013,-64,0
20.5571,794,3096,6433,891,13,2049,11,12,13,13,0,0,0,0,0,0,2436,0,0,0,0,0,0,1920,3105,6,0,6,281,13,1014,22,0
20.6496,794,3096,6433,986,13,2049,11,13,13,13,0,0,0,0,0,0,2417,0,0,0,0,0,0,1880,3138,6,0,6,296,12,1081,-51,0
20.7427,794,3096,6689,76,13,2049,11,12,12,13,0,0,0,0,0,0,2455,0,0,0,0,0,0,1856,3093,6,0,6,289,12,992,64,0
20.8358,794,3096,6689,171,13,2049,11,12,12,13,0,0,0,0,0,0,2455,0,0,0,0,0,0,1856,3093,6,0,6,289,12,992,64,0
20.9283,794,3096,6689,266,13,2049,11,13,12,13,0,0,0,0,0,0,2436,0,0,0,0,0,0,1958,3121,6,0,6,291,13,1070,141,0
21.0209,794,3096,6689,356,13,2049,11,12,12,12,0,0,0,0,0,0,2430,0,0,0,0,0,0,1863,3131,6,0,6,286,12,998,56,0
21.1134,794,3096,6689,446,13,2049,11,12,12,11,0,0,0,0,0,0,2424,0,0,0,0,0,0,1821,3125,6,0,6,296,12,1036,-67,0
21.2062,794,3096,6689,541,13,2049,11,12,12,12,0,0,0,0,0,0,2436,0,0,0,0,0,0,1808,3053,6,0,6,301,12,1018,-104,0
21.2991,794,3096,6689,631,13,2049,11,13,12,12,0,0,0,0,0,0,2430,0,0,0,0,0,0,1900,3181,6,0,6,295,13,1046,-120,0
21.3912,794,3096,6689,726,13,2049,11,12,12,13,0,0,0,0,0,0,2436,0,0,0,0,0,0,1809,3082,6,0,6,283,12,949,-59,0
21.4826,794,3096,6689,816,13,2049,11,12,12,13,0,0,0,0,0,0,2455,0,0,0,0,0,0,1802,3020,6,0,6,275,12,938,-56,0
21.5738,794,3096,6689,906,13,2049,11,12,12,12,0,0,0,0,0,0,2436,0,0,0,0,0,0,1822,2957,6,0,6,280,12,932,-58,0
21.6652,794,3096,6945,1,13,2049,11,12,12,12,0,0,0,0,0,0,2424,0,0,0,0,0,0,1813,2907,6,0,6,283,12,928,-92,0
21.7566,794,3096,6945,91,13,2049,11,12,13,12,0,0,0,0,0,0,2424,0,0,0,0,0,0,1854,2863,6,0,6,289,12,952,-16,0
21.8479,794,3096,6945,181,13,2049,11,12,13,12,0,0,0,0,0,0,2443,0,0,0,0,0,0,1881,2889,6,0,6,312,12,1014,-12,0
21.9435,794,3096,6945,271,13,2049,11,13,13,13,0,0,0,0,0,0,2436,0,0,0,0,0,0,1953,3116,6,0,6,302,13,1062,80,0
22.0348,794,3096,6945,371,13,2049,11,12,12,14,0,0,0,0,0,0,2436,0,0,0,0,0,0,1867,2989,6,0,6,291,12,994,6,0
22.1294,794,3096,6945,456,13,2049,11,12,12,14,0,0,0,0,0,0,2417,0,0,0,0,0,0,1867,2989,6,0,6,291,12,994,6,0
22.2240,794,3096,6945,551,13,2049,11,12,12,13,0,0,0,0,0,0,2424,0,0,0,0,0,0,1830,2887,6,0,6,298,12,959,-94,0
22.3196,794,3096,6945,646,13,2049,11,11,13,13,0,0,0,0,0,0,2443,0,0,0,0,0,0,1766,2844,6,0,6,292,12,942,-63,0
22.4114,794,3096,6945,741,13,2049,11,12,13,12,0,0,0,0,0,0,2424,0,0,0,0,0,0,1822,2969,6,0,6,286,12,1008,-94,0
22.5027,794,3096,6945,831,13,2049,11,12,12,12,0,0,0,0,0,0,2436,0,0,0,0,0,0,1770,3066,6,0,6,278,12,1004,-5,0
22.5982,794,3096,6945,926,13,2049,11,12,11,13,0,0,0,0,0,0,2436,0,0,0,0,0,0,1782,2942,6,0,6,289,12,964,-5,0
22.6937,794,3096,7201,21,13,2049,11,11,11,12,0,0,0,0,0,0,2443,0,0,0,0,0,0,1761,2917,6,0,6,283,12,910,-65,0
22.7890,794,3096,7201,116,13,2049,11,12,12,12,0,0,0,0,0,0,2455,0,0,0,0,0,0,1829,2893,6,0,6,291,12,945,36,0
22.8844,794,3096,7201,211,13,2049,11,11,12,12,0,0,0,0,0,0,2417,0,0,0,0,0,0,1769,2875,6,0,6,283,12,935,-4,0
22.9771,794,3096,7201,306,13,2049,11,11,12,12,0,0,0,0,0,0,2430,0,0,0,0,0,0,1761,2873,6,0,6,278,12,895,-31,0
23.0687,794,3096,7201,396,13,2049,11,12,13,12,0,0,0,0,0,0,2424,0,0,0,0,0,0,1830,3083,6,0,6,295,12,984,-50,0
23.1604,794,3096,7201,486,13,2049,11,12,13,12,0,0,0,0,0,0,2436,0,0,0,0,0,0,1834,3197,6,0,6,291,12,992,-57,0
23.2520,794,3096,7201,581,13,2049,11,13,13,11,0,0,0,0,0,0,2424,0,0,0,0,0,0,1831,3135,6,0,6,304,12,1069,-145,0
23.3435,794,3096,7201,671,13,2049,11,12,12,11,0,0,0,0,0,0,2443,0,0,0,0,0,0,1788,2943,6,0,6,289,12,962,-38,0
23.4351,794,3096,7201,761,13,2049,11,12,12,14,0,0,0,0,0,0,2417,0,0,0,0,0,0,1817,2993,6,0,6,289,12,981,34,0
23.5273,794,3096,7201,851,13,2049,11,12,13,13,0,0,0,0,0,0,2417,0,0,0,0,0,0,1802,2973,6,0,6,283,12,917,-119,0
23.6184,794,3096,7201,946,13,2049,11,12,13,13,0,0,0,0,0,0,2417,0,0,0,0,0,0,1802,2973,6,0,6,283,12,917,-119,0
23.7134,794,3096,7457,36,13,2049,11,12,12,13,0,0,0,0,0,0,2430,0,0,0,0,0,0,1866,2975,6,0,6,282,12,962,-44,0
23.8051,794,3096,7457,131,13,2049,11,12,12,13,0,0,0,0,0,0,2436,0,0,0,0,0,0,1944,2942,6,0,6,286,13,1034,20,0
23.8969,794,3096,7457,221,13,2049,11,13,12,12,0,0,0,0,0,0,2430,0,0,0,0,0,0,1968,3011,6,0,6,298,13,1060,45,0
23.9888,794,3096,7457,316,13,2049,11,13,12,12,0,0,0,0,0,0,2436,0,0,0,0,0,0,1972,3015,6,0,6,307,13,1067,37,0
24.0809,794,3096,7457,406,13,2049,11,12,12,13,0,0,0,0,0,0,2443,0,0,0,0,0,0,1898,3063,6,0,6,296,13,997,-35,0
24.1733,794,3096,7457,496,13,2049,11,12,11,13,0,0,0,0,0,0,2462,0,0,0,0,0,0,1884,2943,6,0,6,294,13,972,11,0
24.2652,794,3096,7457,586,13,2049,11,12,12,13,0,0,0,0,0,0,2430,0,0,0,0,0,0,1882,2945,6,0,6,299,13,968,-22,0
24.3579,794,3096,7457,681,13,2049,11,12,12,12,0,0,0,0,0,0,2424,0,0,0,0,0,0,1882,2868,6,0,6,296,12,984,-114,0
24.4498,794,3096,7457,771,13,2049,11,12,13,12,0,0,0,0,0,0,2462,0,0,0,0,0,0,1818,2923,6,0,6,296,12,1030,-85,0
24.5421,794,3096,7457,866,13,2049,11,12,12,12,0,0,0,0,0,0,2436,0,0,0,0,0,0,1820,2965,6,0,6,293,12,964,10,0
24.6341,794,3096,7457,956,13,2049,11,12,12,12,0,0,0,0,0,0,2455,0,0,0,0,0,0,1827,3067,6,0,6,288,12,982,-24,0
24.7264,794,3096,7713,51,13,2049,11,12,12,12,0,0,0,0,0,0,2436,0,0,0,0,0,0,1850,2927,6,0,6,300,12,972,52,0
24.8183,794,3096,7713,141,13,2049,11,13,11,12,0,0,0,0,0,0,2424,0,0,0,0,0,0,1909,2977,6,0,6,295,13,1011,-27,0
24.9102,794,3096,7713,231,13,2049,11,13,11,12,0,0,0,0,0,0,2430,0,0,0,0,0,0,1909,2977,6,0,6,295,13,1011,-27,0
25.0025,794,3096,7713,326,13,2049,11,12,12,13,0,0,0,0,0,0,2443,0,0,0,0,0,0,1781,3016,6,0,6,288,12,1005,-105,0
25.0947,794,3096,7713,416,13,2049,11,11,12,13,0,0,0,0,0,0,2436,0,0,0,0,0,0,1779,2919,6,0,6,285,12,926,-27,0
25.1871,794,3096,7713,506,13,2049,11,12,12,12,0,0,0,0,0,0,2443,0,0,0,0,0,0,1819,2954,6,0,6,286,12,963,44,0
25.2791,794,3096,7713,596,13,2049,11,12,12,12,0,0,0,0,0,0,2430,0,0,0,0,0,0,1892,3107,6,0,6,281,13,1000,14,0
25.3709,794,3096,7713,691,13,2049,11,14,11,11,0,0,0,0,0,0,2424,0,0,0,0,0,0,1964,3335,6,0,6,286,13,1109,-10,0
25.4626,794,3096,7713,781,13,2049,11,13,12,12,0,0,0,0,0,0,2436,0,0,0,0,0,0,1917,3152,6,0,6,285,13,1027,26,0
25.5548,794,3096,7713,871,13,2049,11,12,13,12,0,0,0,0,0,0,2436,0,0,0,0,0,0,1822,2935,6,0,7,281,12,978,-13,0
25.6470,794,3096,7713,966,13,2049,11,12,13,12,0,0,0,0,0,0,2430,0,0,0,0,0,0,1826,2901,6,0,6,278,12,938,29,0
25.7390,794,3096,7969,56,13,2049,11,13,12,12,0,0,0,0,0,0,2424,0,0,0,0,0,0,1875,3061,6,0,6,289,12,1006,61,0
25.8307,794,3096,7969,151,13,2049,11,13,11,13,0,0,0,0,0,0,2455,0,0,0,0,0,0,1926,2847,6,0,6,300,13,1038,31,0
25.9228,794,3096,7969,241,13,2049,11,12,12,13,0,0,0,0,0,0,2455,0,0,0,0,0,0,1872,2848,6,0,6,297,13,967,88,0
26.0152,794,3096,7969,331,13,2049,11,12,12,13,0,0,0,0,0,0,2430,0,0,0,0,0,0,1877,3040,6,0,6,291,13,962,109,0
26.1072,794,3096,7969,426,13,2049,11,11,12,13,0,0,0,0,0,0,2424,0,0,0,0,0,0,1845,2897,6,0,6,287,12,923,44,0
26.1991,794,3096,7969,516,13,2049,11,11,12,13,0,0,0,0,0,0,2436,0,0,0,0,0,0,1845,2897,6,0,6,287,12,923,44,0
26.2909,794,3096,7969,606,13,2049,11,12,13,13,0,0,0,0,0,0,2436,0,0,0,0,0,0,1883,2933,6,0,7,290,13,962,64,0
26.3856,794,3096,7969,696,13,2049,11,12,13,13,0,0,0,0,0,0,2430,0,0,0,0,0,0,1852,2982,6,0,7,287,12,928,110,0
26.4777,794,3096,7969,791,13,2049,11,12,13,12,0,0,0,0,0,0,2455,0,0,0,0,0,0,1842,2871,6,0,6,302,12,964,27,0
26.5697,794,3096,7969,886,13,2049,11,12,12,12,0,0,0,0,0,0,2424,0,0,0,0,0,0,1834,2950,6,0,6,301,12,982,-5,0
26.6622,794,3096,7969,976,13,2049,11,12,12,13,0,0,0,0,0,0,2443,0,0,0,0,0,0,1833,2780,6,0,6,308,12,951,69,0
26.7570,794,3096,8225,71,13,2049,11,11,13,13,0,0,0,0,0,0,2430,0,0,0,0,0,0,1798,2763,6,0,6,291,12,889,26,0
26.8520,794,3096,8225,166,13,2049,11,12,12,13,0,0,0,0,0,0,2424,0,0,0,0,0,0,1789,2802,6,0,7,295,12,909,38,0
26.9466,794,3096,8225,261,13,2049,11,12,11,12,0,0,0,0,0,0,2430,0,0,0,0,0,0,1775,2859,6,0,6,291,12,954,17,0
27.0380,794,3096,8225,356,13,2049,11,12,13,13,0,0,0,0,0,0,2436,0,0,0,0,0,0,1801,2938,6,0,6,290,12,1013,-9,0
27.1298,794,3096,8225,446,13,2049,11,13,13,12,0,0,0,0,0,0,2417,0,0,0,0,0,0,1917,3323,6,0,6,286,13,1064,118,0
27.2213,794,3096,8225,531,13,2049,11,13,13,12,0,0,0,0,0,0,2430,0,0,0,0,0,0,1861,3416,6,0,6,299,12,1182,-76,0
27.3130,794,3096,8225,626,13,2049,11,14,13,12,0,0,0,0,0,0,2417,0,0,0,0,0,0,1891,3418,6,0,6,283,12,1164,-61,0
27.4047,794,3096,8225,716,13,2049,11,12,12,11,0,0,0,0,0,0,2436,0,0,0,0,0,0,1900,3159,6,0,6,274,13,1070,18,0
27.4963,794,3096,8225,811,13,2049,11,12,12,11,0,0,0,0,0,0,2417,0,0,0,0,0,0,1900,3159,6,0,6,274,13,1070,18,0
27.5887,794,3096,8225,901,13,2049,11,13,12,12,0,0,0,0,0,0,2424,0,0,0,0,0,0,1908,3104,6,0,6,284,13,1035,26,0
27.6803,794,3096,8225,991,13,2049,11,12,13,12,0,0,0,0,0,0,2417,0,0,0,0,0,0,1820,3009,6,0,6,288,12,1017,-24,0
27.7723,794,3096,8481,86,13,2049,11,12,12,11,0,0,0,0,0,0,2436,0,0,0,0,0,0,1801,2983,6,0,6,287,12,971,-65,0
27.8638,794,3096,8481,176,13,2049,11,12,12,12,0,0,0,0,0,0,2455,0,0,0,0,0,0,1837,3005,6,0,6,294,12,985,-118,0
27.9555,794,3096,8481,266,13,2049,11,12,12,12,0,0,0,0,0,0,2424,0,0,0,0,0,0,1819,3172,6,0,6,283,12,992,-141,0
28.0471,794,3096,8481,361,13,2049,11,12,11,12,0,0,0,0,0,0,2424,0,0,0,0,0,0,1787,3113,6,0,6,282,12,959,-105,0
28.1394,794,3096,8481,451,13,2049,11,11,12,12,0,0,0,0,0,0,2424,0,0,0,0,0,0,1814,2896,6,0,6,288,12,939,-16,0
28.2311,794,3096,8481,541,13,2049,11,11,13,13,0,0,0,0,0,0,2443,0,0,0,0,0,0,1797,2880,6,0,6,282,12,896,-93,0
28.3227,794,3096,8481,631,13,2049,11,12,12,14,0,0,0,0,0,0,2443,0,0,0,0,0,0,1824,2900,6,0,6,287,12,948,-91,0
28.4150,794,3096,8481,726,13,2049,11,12,13,13,0,0,0,0,0,0,2417,0,0,0,0,0,0,1811,2875,6,0,6,293,12,936,-74,0
28.5072,794,3096,8481,816,13,2049,11,12,13,12,0,0,0,0,0,0,2405,0,0,0,0,0,0,1849,2960,6,0,6,295,12,952,29,0
28.5988,794,3096,8481,906,13,2049,11,12,13,12,0,0,0,0,0,0,2430,0,0,0,0,0,0,1885,3007,6,0,6,291,12,976,67,0
28.6906,794,3096,8737,1,13,2049,11,12,12,12,0,0,0,0,0,0,2436,0,0,0,0,0,0,1909,2850,6,0,6,294,12,996,7,0
28.7822,794,3096,8737,91,13,2049,11,12,12,12,0,0,0,0,0,0,2424,0,0,0,0,0,0,1909,2850,6,0,6,294,12,996,7,0
28.8773,794,3096,8737,181,13,2049,11,13,12,12,0,0,0,0,0,0,2417,0,0,0,0,0,0,1881,3017,6,0,6,293,12,1033,-40,0
28.9692,794,3096,8737,276,13,2049,11,12,12,11,0,0,0,0,0,0,2430,0,0,0,0,0,0,1821,3001,6,0,6,291,12,980,-92,0
29.0616,794,3096,8737,371,13,2049,11,13,12,11,0,0,0,0,0,0,2443,0,0,0,0,0,0,1846,2986,6,0,6,304,12,1065,-81,0
29.1543,794,3096,8737,461,13,2049,11,12,12,13,0,0,0,0,0,0,2436,0,0,0,0,0,0,1815,2968,6,0,6,294,12,961,13,0
29.2471,794,3096,8737,556,13,2049,11,12,13,13,0,0,0,0,0,0,2455,0,0,0,0,0,0,1836,3040,6,0,6,286,12,980,-56,0
29.3417,794,3096,8737,646,13,2049,11,12,13,12,0,0,0,0,0,0,2430,0,0,0,0,0,0,1862,3029,6,0,6,293,12,975,31,0
29.4345,794,3096,8737,741,13,2049,11,13,13,13,0,0,0,0,0,0,2436,0,0,0,0,0,0,1807,3016,6,0,6,287,12,1060,-33,0
29.5271,794,3096,8737,831,13,2049,11,12,12,13,0,0,0,0,0,0,2443,0,0,0,0,0,0,1808,2973,6,0,6,299,12,1030,-113,0
29.6196,794,3096,8737,926,13,2049,11,13,12,11,0,0,0,0,0,0,2436,0,0,0,0,0,0,1835,3025,6,0,6,295,12,1086,-152,0
29.7127,794,3096,8993,16,13,2049,11,12,13,12,0,0,0,0,0,0,2424,0,0,0,0,0,0,1861,3034,6,0,6,284,12,1022,-69,0
29.8059,794,3096,8993,111,13,2049,11,12,13,12,0,0,0,0,0,0,2443,0,0,0,0,0,0,1837,2959,6,0,6,279,12,974,-5,0
29.8991,794,3096,8993,206,13,2049,11,12,13,12,0,0,0,0,0,0,2417,0,0,0,0,0,0,1789,2853,6,0,6,278,12,915,-10,0
29.9921,794,3096,8993,296,13,2049,11,13,12,13,0,0,0,0,0,0,2443,0,0,0,0,0,0,1930,3209,6,0,7,288,13,1038,11,0
30.0846,794,3096,8993,391,13,2049,11,12,14,13,0,0,0,0,0,0,2443,0,0,0,0,0,0,1877,3057,6,0,6,289,13,969,111,0
30.1773,794,3096,8993,481,13,2049,11,12,14,13,0,0,0,0,0,0,2436,0,0,0,0,0,0,1877,3057,6,0,6,289,13,969,111,0
30.2700,794,3096,8993,571,13,2049,11,14,13,13,0,0,0,0,0,0,2430,0,0,0,0,0,0,1977,3133,6,0,6,300,13,1134,54,0
30.3633,794,3096,8993,666,13,2049,11,13,12,13,0,0,0,0,0,0,2443,0,0,0,0,0,0,1870,3123,6,0,6,288,12,1103,-62,0
30.4566,794,3096,8993,756,13,2049,11,13,12,12,0,0,0,0,0,0,2417,0,0,0,0,0,0,1894,3096,6,0,6,294,13,1052,55,0
30.5493,794,3096,8993,851,13,2049,11,12,12,12,0,0,0,0,0,0,2424,0,0,0,0,0,0,1816,3068,6,0,6,290,12,990,17,0
30.6416,794,3096,8993,941,13,2049,11,13,12,13,0,0,0,0,0,0,2436,0,0,0,0,0,0,1860,3135,6,0,6,296,12,995,29,0
30.7369,794,3096,9249,36,13,2049,11,13,13,13,0,0,0,0,0,0,2430,0,0,0,0,0,0,1928,3005,6,0,7,289,13,1034,58,0
30.8290,794,3096,9249,131,13,2049,11,12,14,12,0,0,0,0,0,0,2411,0,0,0,0,0,0,1843,2893,6,0,6,276,12,927,-14,0
30.9211,794,3096,9249,221,13,2049,11,12,13,12,0,0,0,0,0,0,2430,0,0,0,0,0,0,1884,2824,6,0,7,289,13,969,-4,0
31.0137,794,3096,9249,316,13,2049,11,13,12,12,0,0,0,0,0,0,2436,0,0,0,0,0,0,1812,2938,6,0,7,293,12,1057,-10,0
31.1062,794,3096,9249,406,13,2049,11,12,12,12,0,0,0,0,0,0,2424,0,0,0,0,0,0,1798,2835,6,0,6,292,12,957,47,0
31.1986,794,3096,9249,501,13,2049,11,12,12,11,0,0,0,0,0,0,2417,0,0,0,0,0,0,1751,2993,6,0,6,283,12,978,-14,0
31.2912,794,3096,9249,591,13,2049,11,12,12,13,0,0,0,0,0,0,2443,0,0,0,0,0,0,1772,3007,6,0,6,280,12,1026,-43,0
31.3835,794,3096,9249,681,13,2049,11,13,12,13,0,0,0,0,0,0,2455,0,0,0,0,0,0,1809,3148,6,0,6,288,12,1013,-57,0
31.4754,794,3096,9249,776,13,2049,11,12,12,13,0,0,0,0,0,0,2436,0,0,0,0,0,0,1806,3109,6,0,7,285,12,944,-22,0
31.5675,794,3096,9249,866,13,2049,11,12,12,13,0,0,0,0,0,0,2411,0,0,0,0,0,0,1806,3109,6,0,7,285,12,944,-22,0
31.6601,794,3096,9249,961,13,2049,11,13,12,13,0,0,0,0,0,0,2436,0,0,0,0,0,0,1849,3091,6,0,6,284,12,1081,-60,0
31.7522,794,3096,9505,51,13,2049,11,13,13,12,0,0,0,0,0,0,2436,0,0,0,0,0,0,1956,3201,6,0,6,282,13,1112,7,0
31.8450,794,3096,9505,141,13,2049,11,12,13,12,0,0,0,0,0,0,2436,0,0,0,0,0,0,1862,2967,6,0,6,291,12,1019,4,0
31.9374,794,3096,9505,236,13,2049,11,12,13,12,0,0,0,0,0,0,2424,0,0,0,0,0,0,1852,2980,6,0,7,284,13,965,-21,0
32.0299,794,3096,9505,331,13,2049,11,12,13,12,0,0,0,0,0,0,2436,0,0,0,0,0,0,1871,2915,6,0,7,292,13,969,-8,0
32.1223,794,3096,9505,421,13,2049,11,12,13,11,0,0,0,0,0,0,2455,0,0,0,0,0,0,1809,2981,6,0,7,291,12,984,-172,0
32.2146,794,3096,9505,511,13,2049,11,13,12,12,0,0,0,0,0,0,2430,0,0,0,0,0,0,1953,3076,6,0,7,299,13,1089,-15,0
32.3068,794,3096,9505,601,13,2049,11,13,13,12,0,0,0,0,0,0,2430,0,0,0,0,0,0,1895,2953,6,0,6,289,13,1007,-17,0
32.3990,794,3096,9505,696,13,2049,11,12,13,12,0,0,0,0,0,0,2436,0,0,0,0,0,0,1879,2942,6,0,6,295,12,977,-19,0
32.4912,794,3096,9505,786,13,2049,11,13,12,11,0,0,0,0,0,0,2430,0,0,0,0,0,0,1973,3111,6,0,6,291,13,1063,123,0
32.5834,794,3096,9505,876,13,2049,11,13,13,11,0,0,0,0,0,0,2417,0,0,0,0,0,0,1969,3013,6,0,6,286,13,1053,95,0
32.6763,794,3096,9505,971,13,2049,11,13,12,13,0,0,0,0,0,0,2436,0,0,0,0,0,0,1962,3105,6,0,6,291,13,1046,136,0
32.7703,794,3096,9761,61,13,2049,11,13,13,12,0,0,0,0,0,0,2436,0,0,0,0,0,0,1898,3034,6,0,6,293,13,1023,29,0
32.8637,794,3096,9761,156,13,2049,11,13,13,12,0,0,0,0,0,0,2443,0,0,0,0,0,0,1898,3034,6,0,6,293,13,1023,29,0
32.9567,794,3096,9761,251,13,2049,11,12,13,12,0,0,0,0,0,0,2462,0,0,0,0,0,0,1839,2910,6,0,6,289,12,937,53,0
33.0491,794,3096,9761,346,13,2049,11,11,12,12,0,0,0,0,0,0,2455,0,0,0,0,0,0,1799,2849,6,0,6,286,12,892,-50,0
33.1414,794,3096,9761,436,13,2049,11,11,12,13,0,0,0,0,0,0,2430,0,0,0,0,0,0,1852,2923,6,0,6,281,12,935,59,0
33.2336,794,3096,9761,526,13,2049,11,12,12,13,0,0,0,0,0,0,2424,0,0,0,0,0,0,1902,2960,6,0,6,294,13,988,64,0
33.3265,794,3096,9761,616,13,2049,11,12,12,12,0,0,0,0,0,0,2424,0,0,0,0,0,0,1877,2887,6,0,7,284,13,955,114,0
33.4189,794,3096,9761,711,13,2049,11,12,12,13,0,0,0,0,0,0,2424,0,0,0,0,0,0,1853,3009,6,0,6,284,12,940,95,0
33.5110,794,3096,9761,801,13,2049,11,11,12,13,0,0,0,0,0,0,2417,0,0,0,0,0,0,1781,2776,6,0,6,280,12,859,64,0
33.6040,794,3096,9761,896,13,2049,11,12,12,12,0,0,0,0,0,0,2417,0,0,0,0,0,0,1919,2877,6,0,6,284,13,1001,62,0
33.6990,794,3096,9761,986,13,2049,11,12,13,13,0,0,0,0,0,0,2430,0,0,0,0,0,0,1901,2874,6,0,6,273,13,973,-22,0
33.7941,794,3096,10017,81,13,2049,11,12,12,12,0,0,0,0,0,0,2430,0,0,0,0,0,0,1948,3004,6,0,6,279,13,1024,104,0
33.8853,794,3096,10017,176,13,2049,11,13,12,13,0,0,0,0,0,0,2436,0,0,0,0,0,0,1917,3106,6,0,6,289,13,1048,31,0
33.9787,794,3096,10017,271,13,2049,11,13,13,13,0,0,0,0,0,0,2430,0,0,0,0,0,0,1946,3139,6,0,6,296,13,1061,-46,0
34.0716,794,3096,10017,361,13,2049,11,13,13,13,0,0,0,0,0,0,2430,0,0,0,0,0,0,1871,3082,6,0,6,292,12,1030,-116,0
34.1648,794,3096,10017,456,13,2049,11,13,13,13,0,0,0,0,0,0,2462,0,0,0,0,0,0,1952,3028,6,0,6,301,13,1079,-81,0
34.2577,794,3096,10017,551,13,2049,11,13,12,13,0,0,0,0,0,0,2436,0,0,0,0,0,0,1916,2970,6,0,6,304,12,1039,-67,0
34.3503,794,3096,10017,636,13,2049,11,13,12,13,0,0,0,0,0,0,2455,0,0,0,0,0,0,1916,2970,6,0,6,304,12,1039,-67,0
34.4437,794,3096,10017,731,13,2049,11,12,12,12,0,0,0,0,0,0,2436,0,0,0,0,0,0,1909,3020,6,0,6,294,13,1008,-8,0
34.5364,794,3096,10017,826,13,2049,11,12,12,12,0,0,0,0,0,0,2424,0,0,0,0,0,0,1795,2870,6,0,6,291,12,968,-20,0
34.6294,794,3096,10017,916,13,2049,11,12,12,12,0,0,0,0,0,0,2436,0,0,0,0,0,0,1862,2957,6,0,6,286,13,986,60,0
34.7221,794,3096,10273,11,13,2049,11,12,12,11,0,0,0,0,0,0,2430,0,0,0,0,0,0,1790,3169,6,0,6,284,12,1067,-103,0
34.8149,794,3096,10273,101,13,2049,11,12,12,12,0,0,0,0,0,0,2424,0,0,0,0,0,0,1887,3091,6,0,6,287,13,1067,7,0
34.9076,794,3096,10273,196,13,2049,11,12,12,12,0,0,0,0,0,0,2430,0,0,0,0,0,0,1851,3085,6,0,6,292,12,1071,-53,0
35.0004,794,3096,10273,286,13,2049,11,12,13,12,0,0,0,0,0,0,2468,0,0,0,0,0,0,1818,2859,6,0,6,292,12,965,21,0
35.0929,794,3096,10273,381,13,2049,11,12,12,12,0,0,0,0,0,0,2430,0,0,0,0,0,0,1758,3004,6,0,6,290,12,982,-125,0
35.1854,794,3096,10273,471,13,2049,11,12,13,13,0,0,0,0,0,0,2455,0,0,0,0,0,0,1919,3177,6,0,6,292,13,1075,1,0
35.2781,794,3096,10273,566,13,2049,11,12,14,12,0,0,0,0,0,0,2424,0,0,0,0,0,0,1915,3132,6,0,6,288,13,1031,15,0
35.3720,794,3096,10273,656,13,2049,11,12,13,12,0,0,0,0,0,0,2430,0,0,0,0,0,0,1879,2983,6,0,6,294,12,978,78,0
35.4643,794,3096,10273,746,13,2049,11,12,13,12,0,0,0,0,0,0,2436,0,0,0,0,0,0,1856,3014,6,0,6,286,12,941,44,0
35.5570,794,3096,10273,841,13,2049,11,13,14,13,0,0,0,0,0,0,2424,0,0,0,0,0,0,1930,3155,6,0,6,295,13,1018,66,0
35.6495,794,3096,10273,931,13,2049,11,13,12,12,0,0,0,0,0,0,2430,0,0,0,0,0,0,2043,3196,6,0,6,281,14,1125,136,0
35.7551,794,3096,10529,26,13,2049,11,13,12,12,0,0,0,0,0,0,2443,0,0,0,0,0,0,2043,3196,6,0,6,281,14,1125,136,0
35.8502,794,3096,10529,131,13,2049,11,13,12,13,0,0,0,0,0,0,2443,0,0,0,0,0,0,1983,3029,6,0,7,283,13,1062,42,0
35.9413,794,3096,10529,226,13,2049,11,13,13,13,0,0,0,0,0,0,2462,0,0,0,0,0,0,1975,3155,6,0,6,280,13,1052,44,0
36.0357,794,3096,10529,316,13,2049,11,13,13,12,0,0,0,0,0,0,2430,0,0,0,0,0,0,2043,3260,6,0,6,285,14,1125,130,0
36.1300,794,3096,10529,411,13,2049,11,13,13,12,0,0,0,0,0,0,2430,0,0,0,0,0,0,2006,3087,6,0,6,297,13,1099,42,0
36.2222,794,3096,10529,506,13,2049,11,13,12,12,0,0,0,0,0,0,2430,0,0,0,0,0,0,1916,3059,6,0,6,294,13,1049,-107,0
36.3151,794,3096,10529,596,13,2049,11,12,12,13,0,0,0,0,0,0,2436,0,0,0,0,0,0,1880,3103,6,0,6,291,13,987,-119,0
36.4101,794,3096,10529,686,13,2049,11,13,12,12,0,0,0,0,0,0,2424,0,0,0,0,0,0,1924,3104,6,0,6,293,13,1020,-88,0
36.5040,794,3096,10529,781,13,2049,11,13,12,13,0,0,0,0,0,0,2468,0,0,0,0,0,0,1833,2965,6,0,6,294,12,1046,-44,0
36.5965,794,3096,10529,876,13,2049,11,13,12,12,0,0,0,0,0,0,2430,0,0,0,0,0,0,1925,2939,6,0,6,289,13,1072,49,0
36.6890,794,3096,10529,971,13,2049,11,12,12,13,0,0,0,0,0,0,2424,0,0,0,0,0,0,1876,2981,6,0,6,286,13,985,91,0
36.7821,794,3096,10785,61,13,2049,11,12,12,13,0,0,0,0,0,0,2455,0,0,0,0,0,0,1809,2858,6,0,6,290,12,919,80,0
36.8749,794,3096,10785,156,13,2049,11,12,11,14,0,0,0,0,0,0,2417,0,0,0,0,0,0,1839,2885,6,0,7,294,12,935,121,0
36.9677,794,3096,10785,246,13,2049,11,12,13,13,0,0,0,0,0,0,2417,0,0,0,0,0,0,1840,2871,6,0,7,298,13,929,40,0
37.0602,794,3096,10785,341,13,2049,11,11,12,13,0,0,0,0,0,0,2430,0,0,0,0,0,0,1824,2903,6,0,7,285,12,902,51,0
37.1528,794,3096,10785,431,13,2049,11,12,12,12,0,0,0,0,0,0,2443,0,0,0,0,0,0,1895,3052,6,0,7,280,13,971,-7,0
37.2459,794,3096,10785,526,13,2049,11,12,12,12,0,0,0,0,0,0,2436,0,0,0,0,0,0,1885,3127,6,0,6,286,12,962,51,0
37.3400,794,3096,10785,621,13,2049,11,12,12,12,0,0,0,0,0,0,2455,0,0,0,0,0,0,1885,3127,6,0,6,286,12,962,51,0
37.4329,794,3096,10785,711,13,2049,11,12,11,12,0,0,0,0,0,0,2424,0,0,0,0,0,0,1827,3212,6,0,6,280,12,1018,9,0
37.5259,794,3096,10785,801,13,2049,11,12,13,12,0,0,0,0,0,0,2430,0,0,0,0,0,0,1797,2970,6,0,6,279,12,935,-59,0
37.6186,794,3096,10785,896,13,2049,11,12,13,12,0,0,0,0,0,0,2424,0,0,0,0,0,0,1897,3009,6,0,6,286,13,1008,-12,0
37.7119,794,3096,10785,991,13,2049,11,12,11,13,0,0,0,0,0,0,2430,0,0,0,0,0,0,1881,2911,6,0,6,297,12,1004,25,0
37.8047,794,3096,11041,81,13,2049,11,12,12,12,0,0,0,0,0,0,2430,0,0,0,0,0,0,1880,2835,6,0,6,296,13,982,85,0
37.8974,794,3096,11041,176,13,2049,11,12,11,12,0,0,0,0,0,0,2436,0,0,0,0,0,0,1828,2974,6,0,7,290,12,991,-52,0
37.9902,794,3096,11041,266,13,2049,11,12,13,12,0,0,0,0,0,0,2417,0,0,0,0,0,0,1773,3081,6,0,7,292,12,1031,-39,0
38.0829,794,3096,11041,361,13,2049,11,12,13,12,0,0,0,0,0,0,2443,0,0,0,0,0,0,1793,3003,6,0,7,291,12,959,-66,0
38.1754,794,3096,11041,451,13,2049,11,13,12,12,0,0,0,0,0,0,2430,0,0,0,0,0,0,1889,3014,6,0,6,299,13,1018,-2,0
38.2704,794,3096,11041,546,13,2049,11,13,12,11,0,0,0,0,0,0,2424,0,0,0,0,0,0,1981,3054,6,0,6,299,13,1091,126,0
38.3629,794,3096,11041,641,13,2049,11,12,12,11,0,0,0,0,0,0,2443,0,0,0,0,0,0,1844,2963,6,0,6,289,12,1008,35,0
38.4555,794,3096,11041,731,13,2049,11,12,12,12,0,0,0,0,0,0,2417,0,0,0,0,0,0,1895,2911,6,0,6,289,12,1018,11,0
38.5480,794,3096,11041,821,13,2049,11,12,11,12,0,0,0,0,0,0,2430,0,0,0,0,0,0,1831,3005,6,0,6,288,12,972,0,0
38.6408,794,3096,11041,916,13,2049,11,12,11,12,0,0,0,0,0,0,2430,0,0,0,0,0,0,1854,3048,6,0,6,282,12,960,15,0
38.7349,794,3096,11297,6,13,2049,11,12,12,12,0,0,0,0,0,0,2436,0,0,0,0,0,0,1838,2966,6,0,6,280,12,943,-8,0
38.8280,794,3096,11297,101,13,2049,11,12,12,12,0,0,0,0,0,0,2455,0,0,0,0,0,0,1838,2966,6,0,6,280,12,943,-8,0
38.9212,794,3096,11297,196,13,2049,11,13,12,12,0,0,0,0,0,0,2430,0,0,0,0,0,0,1903,2861,6,0,6,291,13,1000,-15,0
39.0123,794,3096,11297,286,13,2049,11,12,12,12,0,0,0,0,0,0,2443,0,0,0,0,0,0,1855,2997,6,0,6,283,12,937,14,0
39.1044,794,3096,11297,381,13,2049,11,12,12,13,0,0,0,0,0,0,2417,0,0,0,0,0,0,1830,3017,6,0,7,278,12,904,-51,0
39.1970,794,3096,11297,471,13,2049,11,12,12,12,0,0,0,0,0,0,2424,0,0,0,0,0,0,1876,3065,6,0,7,292,13,957,65,0
39.2901,794,3096,11297,566,13,2049,11,13,13,12,0,0,0,0,0,0,2430,0,0,0,0,0,0,1944,2970,6,0,7,295,13,1028,84,0
39.3829,794,3096,11297,656,13,2049,11,14,13,12,0,0,0,0,0,0,2417,0,0,0,0,0,0,1884,3298,6,0,7,293,13,1159,-95,0
39.4755,794,3096,11297,746,13,2049,11,12,13,13,0,0,0,0,0,0,2430,0,0,0,0,0,0,1818,2935,6,0,6,296,12,1006,-40,0
39.5697,794,3096,11297,836,13,2049,11,13,12,12,0,0,0,0,0,0,2436,0,0,0,0,0,0,1854,2944,6,0,6,290,12,1003,-46,0
39.6609,794,3096,11297,931,13,2049,11,13,12,13,0,0,0,0,0,0,2443,0,0,0,0,0,0,1874,2946,6,0,6,302,13,1038,-44,0
39.7536,794,3096,11553,26,13,2049,11,13,13,13,0,0,0,0,0,0,2443,0,0,0,0,0,0,1780,3111,6,0,6,290,12,1055,-57,0
39.8467,794,3096,11553,116,13,2049,11,14,12,12,0,0,0,0,0,0,2430,0,0,0,0,0,0,1949,3372,6,0,6,284,13,1126,-24,0
39.9398,794,3096,11553,211,13,2049,11,13,12,12,0,0,0,0,0,0,2455,0,0,0,0,0,0,1860,3221,6,0,6,287,12,1100,-65,0
40.0326,794,3096,11553,301,13,2049,11,12,12,12,0,0,0,0,0,0,2430,0,0,0,0,0,0,1844,3053,6,0,6,294,12,1004,42,0
40.1259,794,3096,11553,396,13,2049,11,13,12,12,0,0,0,0,0,0,2462,0,0,0,0,0,0,1938,3192,6,0,6,291,13,1059,-3,0
40.2197,794,3096,11553,491,13,2049,11,13,12,12,0,0,0,0,0,0,2436,0,0,0,0,0,0,1938,3192,6,0,6,291,13,1059,-3,0
40.3131,794,3096,11553,581,13,2049,11,13,13,13,0,0,0,0,0,0,2436,0,0,0,0,0,0,1949,3051,6,0,6,282,13,1046,29,0
40.4060,794,3096,11553,676,13,2049,11,12,13,14,0,0,0,0,0,0,2455,0,0,0,0,0,0,1814,3242,6,0,6,279,12,1023,-143,0
40.4986,794,3096,11553,766,13,2049,11,12,12,13,0,0,0,0,0,0,2417,0,0,0,0,0,0,1786,3114,6,0,7,283,12,941,-84,0
40.5911,794,3096,11553,861,13,2049,11,12,13,12,0,0,0,0,0,0,2443,0,0,0,0,0,0,1828,2967,6,0,6,294,12,1008,-42,0
40.6839,794,3096,11553,951,13,2049,11,11,12,12,0,0,0,0,0,0,2436,0,0,0,0,0,0,1822,2922,6,0,6,278,12,943,64,0
40.7768,794,3096,11809,46,13,2049,11,11,12,12,0,0,0,0,0,0,2424,0,0,0,0,0,0,1829,2902,6,0,6,276,12,924,58,0
40.8694,794,3096,11809,136,13,2049,11,11,12,13,0,0,0,0,0,0,2424,0,0,0,0,0,0,1801,2878,6,0,6,282,12,925,49,0
40.9621,794,3096,11809,231,13,2049,11,11,12,12,0,0,0,0,0,0,2436,0,0,0,0,0,0,1729,2764,6,0,6,281,12,890,-6,0
41.0558,794,3096,11809,321,13,2049,11,11,14,12,0,0,0,0,0,0,2436,0,0,0,0,0,0,1820,2805,6,0,6,284,12,940,24,0
41.1478,794,3096,11809,416,13,2049,11,12,13,12,0,0,0,0,0,0,2417,0,0,0,0,0,0,1844,3061,6,0,6,282,12,1007,-25,0
41.2396,794,3096,11809,506,13,2049,11,12,13,12,0,0,0,0,0,0,2436,0,0,0,0,0,0,1807,2851,6,0,6,288,12,929,-86,0
41.3347,794,3096,11809,601,13,2049,11,12,12,13,0,0,0,0,0,0,2430,0,0,0,0,0,0,1879,2998,6,0,6,290,13,981,79,0
41.4293,794,3096,11809,696,13,2049,11,12,12,13,0,0,0,0,0,0,2436,0,0,0,0,0,0,1908,3034,6,0,6,288,13,998,-30,0
41.5247,794,3096,11809,786,13,2049,11,12,13,13,0,0,0,0,0,0,2417,0,0,0,0,0,0,1935,3189,6,0,6,284,13,1017,48,0
41.6173,794,3096,11809,881,13,2049,11,13,12,12,0,0,0,0,0,0,2436,0,0,0,0,0,0,2082,3484,6,0,6,280,14,1166,152,0
41.7107,794,3096,11809,976,13,2049,11,13,12,12,0,0,0,0,0,0,2424,0,0,0,0,0,0,2082,3484,6,0,6,280,14,1166,152,0
41.8033,794,3096,12065,66,13,2049,11,13,13,13,0,0,0,0,0,0,2417,0,0,0,0,0,0,2030,3348,6,0,6,283,14,1112,66,0
41.8959,794,3096,12065,161,13,2049,11,12,12,12,0,0,0,0,0,0,2443,0,0,0,0,0,0,1879,3067,6,0,7,277,13,984,0,0
41.9898,794,3096,12065,251,13,2049,11,13,13,12,0,0,0,0,0,0,2436,0,0,0,0,0,0,1897,2985,6,0,7,286,13,991,24,0
42.0822,794,3096,12065,346,13,2049,11,12,13,12,0,0,0,0,0,0,2436,0,0,0,0,0,0,1870,3045,6,0,7,278,13,950,136,0
42.1747,794,3096,12065,441,13,2049,11,12,13,11,0,0,0,0,0,0,2430,0,0,0,0,0,0,1835,2966,6,0,7,279,12,975,55,0
42.2674,794,3096,12065,531,13,2049,11,13,12,11,0,0,0,0,0,0,2436,0,0,0,0,0,0,1889,3053,6,0,7,288,13,1059,4,0
42.3607,794,3096,12065,626,13,2049,11,13,12,12,0,0,0,0,0,0,2443,0,0,0,0,0,0,1884,2959,6,0,7,289,13,1009,19,0
42.4543,794,3096,12065,716,13,2049,11,12,12,12,0,0,0,0,0,0,2430,0,0,0,0,0,0,1902,3144,6,0,6,288,13,1002,-41,0
42.5473,794,3096,12065,806,13,2049,11,12,12,12,0,0,0,0,0,0,2430,0,0,0,0,0,0,1816,3159,6,0,7,272,12,932,-112,0
42.6398,794,3096,12065,901,13,2049,11,11,13,12,0,0,0,0,0,0,2443,0,0,0,0,0,0,1799,2991,6,0,6,276,12,892,16,0
42.7347,794,3096,12065,996,13,2049,11,11,13,12,0,0,0,0,0,0,2436,0,0,0,0,0,0,1769,2900,6,0,7,279,12,909,2,0
42.8296,794,3096,12321,91,13,2049,11,11,12,11,0,0,0,0,0,0,2436,0,0,0,0,0,0,1778,2886,6,0,6,284,12,917,-4,0
42.9243,794,3096,12321,181,13,2049,11,11,12,12,0,0,0,0,0,0,2430,0,0,0,0,0,0,1721,2865,6,0,6,272,12,923,-68,0
43.0167,794,3096,12321,276,13,2049,11,12,12,13,0,0,0,0,0,0,2468,0,0,0,0,0,0,1822,2922,6,0,7,284,12,964,-11,0
43.1081,794,3096,12321,371,13,2049,11,11,12,12,0,0,0,0,0,0,2436,0,0,0,0,0,0,1792,2882,6,0,6,286,12,899,42,0
43.2034,794,3096,12321,461,13,2049,11,11,12,12,0,0,0,0,0,0,2462,0,0,0,0,0,0,1792,2882,6,0,6,286,12,899,42,0
43.2988,794,3096,12321,556,13,2049,11,11,12,12,0,0,0,0,0,0,2417,0,0,0,0,0,0,1801,2964,6,0,6,293,12,912,39,0
43.3941,794,3096,12321,651,13,2049,11,12,12,12,0,0,0,0,0,0,2424,0,0,0,0,0,0,1851,3147,6,0,6,300,12,992,-37,0
43.4856,794,3096,12321,746,13,2049,11,12,12,11,0,0,0,0,0,0,2443,0,0,0,0,0,0,1846,2958,6,0,6,298,12,956,10,0
43.5770,794,3096,12321,836,13,2049,11,12,13,13,0,0,0,0,0,0,2443,0,0,0,0,0,0,1875,2897,6,0,6,295,12,971,37,0
43.6683,794,3096,12321,926,13,2049,11,12,12,11,0,0,0,0,0,0,2430,0,0,0,0,0,0,1871,2895,6,0,6,300,12,961,67,0
43.7607,794,3096,12577,16,13,2049,11,12,13,12,0,0,0,0,0,0,2436,0,0,0,0,0,0,1805,2881,6,0,6,294,12,944,-41,0
43.8556,794,3096,12577,111,13,2049,11,13,13,12,0,0,0,0,0,0,2436,0,0,0,0,0,0,1979,3133,6,0,6,285,13,1089,58,0
43.9480,794,3096,12577,206,13,2049,11,13,13,12,0,0,0,0,0,0,2424,0,0,0,0,0,0,1904,3061,6,0,7,277,13,1009,48,0
44.0394,794,3096,12577,296,13,2049,11,13,13,12,0,0,0,0,0,0,2455,0,0,0,0,0,0,1946,3321,6,0,7,273,13,1034,99,0
44.1348,794,3096,12577,391,13,2049,11,12,13,12,0,0,0,0,0,0,2430,0,0,0,0,0,0,1881,3141,6,0,7,278,13,961,78,0
44.2303,794,3096,12577,486,13,2049,11,12,12,12,0,0,0,0,0,0,2436,0,0,0,0,0,0,1804,3016,6,0,7,280,12,908,69,0
44.3256,794,3096,12577,581,13,2049,11,13,13,13,0,0,0,0,0,0,2455,0,0,0,0,0,0,1946,2968,6,0,7,290,13,1044,50,0
44.4207,794,3096,12577,676,13,2049,11,12,12,13,0,0,0,0,0,0,2411,0,0,0,0,0,0,1836,3139,6,0,7,280,12,1022,-42,0
44.5127,794,3096,12577,771,13,2049,11,13,12,13,0,0,0,0,0,0,2436,0,0,0,0,0,0,1874,3252,6,0,7,291,13,1011,22,0
44.6042,794,3096,12577,861,13,2049,11,12,12,12,0,0,0,0,0,0,2430,0,0,0,0,0,0,1773,3213,6,0,7,287,12,1041,-77,0
44.6959,794,3096,12577,951,13,2049,11,12,12,12,0,0,0,0,0,0,2392,0,0,0,0,0,0,1773,3213,6,0,7,287,12,1041,-77,0
44.7876,794,3096,12833,41,13,2049,11,12,11,12,0,0,0,0,0,0,2455,0,0,0,0,0,0,1766,3215,6,0,7,286,12,1020,-11,0
44.8788,794,3096,12833,136,13,2049,11,12,13,13,0,0,0,0,0,0,2436,0,0,0,0,0,0,1863,3083,6,0,7,283,13,1028,-10,0
44.9702,794,3096,12833,226,13,2049,11,12,13,13,0,0,0,0,0,0,2443,0,0,0,0,0,0,1808,3090,6,0,7,282,12,941,17,0
45.0618,794,3096,12833,316,13,2049,11,12,13,12,0,0,0,0,0,0,2436,0,0,0,0,0,0,1825,3092,6,0,6,286,12,930,75,0
45.1538,794,3096,12833,411,13,2049,11,11,13,13,0,0,0,0,0,0,2443,0,0,0,0,0,0,1788,2892,6,0,6,288,12,892,25,0
45.2451,794,3096,12833,501,13,2049,11,11,13,13,0,0,0,0,0,0,2436,0,0,0,0,0,0,1816,2935,6,0,6,283,12,903,85,0
45.3367,794,3096,12833,591,13,2049,11,11,12,12,0,0,0,0,0,0,2436,0,0,0,0,0,0,1806,2850,6,0,7,284,12,885,73,0
45.4285,794,3096,12833,686,13,2049,11,13,14,13,0,0,0,0,0,0,2430,0,0,0,0,0,0,1914,3125,6,0,7,282,13,992,52,0
45.5204,794,3096,12833,776,13,2049,11,12,13,13,0,0,0,0,0,0,2424,0,0,0,0,0,0,1838,2978,6,0,7,286,12,959,-31,0
45.6120,794,3096,12833,866,13,2049,11,12,13,13,0,0,0,0,0,0,2430,0,0,0,0,0,0,1821,3013,6,0,7,277,12,943,-79,0
45.7071,794,3096,12833,956,13,2049,11,11,12,13,0,0,0,0,0,0,2417,0,0,0,0,0,0,1757,2971,6,0,6,273,12,898,-44,0
45.8019,794,3096,13089,51,13,2049,11,12,11,12,0,0,0,0,0,0,2424,0,0,0,0,0,0,1842,3145,6,0,7,271,12,949,72,0
45.8940,794,3096,13089,146,13,2049,11,12,11,12,0,0,0,0,0,0,2455,0,0,0,0,0,0,1817,2974,6,0,6,280,12,974,-2,0
45.9858,794,3096,13089,236,13,2049,11,12,13,12,0,0,0,0,0,0,2443,0,0,0,0,0,0,1852,3005,6,0,6,282,12,968,61,0
46.0769,794,3096,13089,331,13,2049,11,12,13,12,0,0,0,0,0,0,2436,0,0,0,0,0,0,1852,3005,6,0,6,282,12,968,61,0
46.1723,794,3096,13089,421,13,2049,11,12,13,12,0,0,0,0,0,0,2430,0,0,0,0,0,0,1849,3124,6,0,6,291,12,948,77,0
46.2649,794,3096,13089,516,13,2049,11,12,13,13,0,0,0,0,0,0,2455,0,0,0,0,0,0,1823,3006,6,0,6,297,12,974,-10,0
46.3562,794,3096,13089,611,13,2049,11,12,13,13,0,0,0,0,0,0,2430,0,0,0,0,0,0,1798,2924,6,0,6,297,12,950,19,0
46.4480,794,3096,13089,701,13,2049,11,12,13,12,0,0,0,0,0,0,2424,0,0,0,0,0,0,1830,2941,6,0,7,296,12,945,62,0
46.5397,794,3096,13089,791,13,2049,11,13,12,12,0,0,0,0,0,0,2455,0,0,0,0,0,0,1946,3007,6,0,7,296,13,1048,104,0
46.6312,794,3096,13089,881,13,2049,11,12,12,11,0,0,0,0,0,0,2436,0,0,0,0,0,0,1895,3064,6,0,6,289,13,982,174,0
46.7226,794,3096,13089,971,13,2049,11,11,12,12,0,0,0,0,0,0,2436,0,0,0,0,0,0,1861,2979,6,0,6,279,12,938,142,0
46.8183,794,3096,13345,61,13,2049,11,12,12,13,0,0,0,0,0,0,2424,0,0,0,0,0,0,1868,3128,6,0,6,270,13,1004,81,0
46.9099,794,3096,13345,156,13,2049,11,13,12,12,0,0,0,0,0,0,2455,0,0,0,0,0,0,1948,3276,6,0,6,279,13,1057,8,0
47.0013,794,3096,13345,251,13,2049,11,13,12,13,0,0,0,0,0,0,2436,0,0,0,0,0,0,1843,3413,6,0,7,279,12,1136,-55,0
47.0929,794,3096,13345,341,13,2049,11,12,11,14,0,0,0,0,0,0,2443,0,0,0,0,0,0,1853,3108,6,0,7,281,13,1036,96,0
47.1852,794,3096,13345,431,13,2049,11,12,11,13,0,0,0,0,0,0,2436,0,0,0,0,0,0,1842,3016,6,0,6,277,12,981,62,0
47.2767,794,3096,13345,526,13,2049,11,12,11,13,0,0,0,0,0,0,2436,0,0,0,0,0,0,1842,3016,6,0,6,277,12,981,62,0
47.3682,794,3096,13345,616,13,2049,11,12,11,13,0,0,0,0,0,0,2455,0,0,0,0,0,0,1827,2853,6,0,6,282,12,954,8,0
47.4597,794,3096,13345,706,13,2049,11,13,11,12,0,0,0,0,0,0,2436,0,0,0,0,0,0,1989,3071,6,0,6,278,13,1092,23,0
47.5513,794,3096,13345,801,13,2049,11,13,11,12,0,0,0,0,0,0,2443,0,0,0,0,0,0,1920,3142,6,0,7,280,13,1081,-45,0
47.6429,794,3096,13345,886,13,2049,11,12,11,12,0,0,0,0,0,0,2424,0,0,0,0,0,0,1876,2990,6,0,6,285,13,995,-8,0
47.7343,794,3096,13345,981,13,2049,11,12,11,12,0,0,0,0,0,0,2462,0,0,0,0,0,0,1832,2980,6,0,7,286,12,997,-15,0
47.8258,794,3096,13601,71,13,2049,11,12,12,12,0,0,0,0,0,0,2436,0,0,0,0,0,0,1804,2939,6,0,6,279,12,925,58,0
47.9176,794,3096,13601,161,13,2049,11,12,12,11,0,0,0,0,0,0,2436,0,0,0,0,0,0,1803,2949,6,0,6,284,12,926,56,0
48.0095,794,3096,13601,256,13,2049,11,11,12,12,0,0,0,0,0,0,2443,0,0,0,0,0,0,1813,2878,6,0,6,287,12,912,93,0
48.1010,794,3096,13601,346,13,2049,11,12,12,12,0,0,0,0,0,0,2436,0,0,0,0,0,0,1785,2858,6,0,7,287,12,956,34,0
48.1929,794,3096,13601,436,13,2049,11,11,12,12,0,0,0,0,0,0,2430,0,0,0,0,0,0,1757,2797,6,0,7,279,12,906,-20,0
48.2844,794,3096,13601,531,13,2049,11,13,12,13,0,0,0,0,0,0,2481,0,0,0,0,0,0,1903,3003,6,0,6,295,13,1026,84,0
48.3760,794,3096,13601,621,13,2049,11,13,12,12,0,0,0,0,0,0,2417,0,0,0,0,0,0,1883,3161,6,0,7,296,13,1085,32,0
48.4679,794,3096,13601,711,13,2049,11,13,12,12,0,0,0,0,0,0,2455,0,0,0,0,0,0,1883,3161,6,0,7,296,13,1085,32,0
48.5593,794,3096,13601,806,13,2049,11,12,11,12,0,0,0,0,0,0,2430,0,0,0,0,0,0,1802,3003,6,0,7,287,12,936,82,0
48.6506,794,3096,13601,891,13,2049,11,12,11,12,0,0,0,0,0,0,2430,0,0,0,0,0,0,1829,2907,6,0,7,290,12,935,88,0
48.7420,794,3096,13601,986,13,2049,11,11,11,13,0,0,0,0,0,0,2436,0,0,0,0,0,0,1784,2704,6,0,7,281,12,868,27,0
48.8342,794,3096,13857,76,13,2049,11,13,12,14,0,0,0,0,0,0,2430,0,0,0,0,0,0,1836,3033,6,0,7,281,13,1079,7,0
48.9264,794,3096,13857,166,13,2049,11,16,12,13,0,0,0,0,0,0,2443,0,0,0,0,0,0,2147,3820,6,0,6,294,14,1324,92,0
49.0193,794,3096,13857,261,13,2049,11,15,13,14,0,0,0,0,0,0,2443,0,0,0,0,0,0,2027,3504,6,0,6,281,13,1162,-12,0
49.1110,794,3096,13857,351,13,2049,11,13,12,13,0,0,0,0,0,0,2436,0,0,0,0,0,0,1891,3320,6,0,6,283,13,1081,-97,0
49.2054,794,3096,13857,446,13,2049,11,13,13,12,0,0,0,0,0,0,2436,0,0,0,0,0,0,1808,2975,6,0,7,296,12,1076,-69,0
49.2988,794,3096,13857,536,13,2049,11,14,12,11,0,0,0,0,0,0,2436,0,0,0,0,0,0,1961,2916,6,0,6,304,13,1145,14,0
49.3923,794,3096,13857,631,13,2049,11,13,13,12,0,0,0,0,0,0,2436,0,0,0,0,0,0,1936,2895,6,0,6,302,13,1070,22,0
49.4867,794,3096,13857,726,13,2049,11,13,12,12,0,0,0,0,0,0,2417,0,0,0,0,0,0,1845,3189,6,0,6,286,12,1107,-75,0
49.5800,794,3096,13857,821,13,2049,11,13,12,13,0,0,0,0,0,0,2455,0,0,0,0,0,0,1882,3012,6,0,7,285,13,1052,19,0
49.6753,794,3096,13857,911,13,2049,11,12,12,12,0,0,0,0,0,0,2424,0,0,0,0,0,0,1785,3115,6,0,6,278,12,1062,-86,0
49.7701,794,3096,14113,6,13,2049,11,12,13,12,0,0,0,0,0,0,2436,0,0,0,0,0,0,1790,3066,6,0,7,283,12,1031,-81,0
49.8620,794,3096,14113,101,13,2049,11,12,13,12,0,0,0,0,0,0,2430,0,0,0,0,0,0,1790,3066,6,0,7,283,12,1031,-81,0
49.9537,794,3096,14113,191,13,2049,11,12,13,13,0,0,0,0,0,0,2430,0,0,0,0,0,0,1773,3142,6,0,6,286,12,1015,-105,0
50.0482,794,3096,14113,286,13,2049,11,12,13,12,0,0,0,0,0,0,2443,0,0,0,0,0,0,1812,3010,6,0,6,287,12,971,-1,0
50.1398,794,3096,14113,376,13,2049,11,11,13,13,0,0,0,0,0,0,2436,0,0,0,0,0,0,1834,2952,6,0,7,284,12,950,37,0
50.2323,794,3096,14113,471,13,2049,11,11,13,14,0,0,0,0,0,0,2436,0,0,0,0,0,0,1788,2838,6,0,7,290,12,938,1,0
50.3244,794,3096,14113,561,13,2049,11,12,13,12,0,0,0,0,0,0,2424,0,0,0,0,0,0,1768,2872,6,0,6,294,12,1005,-23,0
50.4170,794,3096,14113,656,13,2049,11,13,13,11,0,0,0,0,0,0,2430,0,0,0,0,0,0,1900,3050,6,0,6,289,13,1059,-12,0
50.5109,794,3096,14113,746,13,2049,11,12,12,11,0,0,0,0,0,0,2430,0,0,0,0,0,0,1870,2867,6,0,6,287,12,987,40,0
50.6038,794,3096,14113,841,13,2049,11,11,13,12,0,0,0,0,0,0,2436,0,0,0,0,0,0,1775,2927,6,0,6,271,12,921,-27,0
50.6972,794,3096,14113,931,13,2049,11,12,14,12,0,0,0,0,0,0,2436,0,0,0,0,0,0,1754,2829,6,0,7,284,12,960,-77,0
50.7903,794,3096,14369,26,13,2049,11,11,13,12,0,0,0,0,0,0,2443,0,0,0,0,0,0,1766,2808,6,0,7,291,12,907,-23,0
50.8833,794,3096,14369,116,13,2049,11,12,12,13,0,0,0,0,0,0,2430,0,0,0,0,0,0,1779,2988,6,0,6,290,12,953,-102,0
50.9760,794,3096,14369,211,13,2049,11,12,12,12,0,0,0,0,0,0,2443,0,0,0,0,0,0,1752,2930,6,0,6,290,12,1014,-132,0
51.0689,794,3096,14369,301,13,2049,11,12,12,12,0,0,0,0,0,0,2455,0,0,0,0,0,0,1778,3024,6,0,6,283,12,1043,-59,0
51.1614,794,3096,14369,396,13,2049,11,12,12,12,0,0,0,0,0,0,2424,0,0,0,0,0,0,1787,2961,6,0,7,281,12,953,0,0
51.2543,794,3096,14369,486,13,2049,11,12,12,12,0,0,0,0,0,0,2443,0,0,0,0,0,0,1787,2961,6,0,7,281,12,953,0,0
51.3470,794,3096,14369,581,13,2049,11,12,12,12,0,0,0,0,0,0,2436,0,0,0,0,0,0,1830,3067,6,0,7,276,12,947,-80,0
51.4399,794,3096,14369,676,13,2049,11,13,11,12,0,0,0,0,0,0,2424,0,0,0,0,0,0,1955,3202,6,0,7,284,13,1057,21,0
51.5311,794,3096,14369,766,13,2049,11,12,11,12,0,0,0,0,0,0,2436,0,0,0,0,0,0,1888,2955,6,0,7,282,13,974,4,0
51.6237,794,3096,14369,856,13,2049,11,12,13,12,0,0,0,0,0,0,2443,0,0,0,0,0,0,1846,2820,6,0,7,277,12,921,42,0
51.7163,794,3096,14369,946,13,2049,11,11,12,12,0,0,0,0,0,0,2443,0,0,0,0,0,0,1802,2827,6,0,6,277,12,874,27,0
51.8090,794,3096,14625,41,13,2049,11,11,12,12,0,0,0,0,0,0,2430,0,0,0,0,0,0,1803,2772,6,0,7,286,12,900,75,0
51.9016,794,3096,14625,131,13,2049,11,11,13,12,0,0,0,0,0,0,2436,0,0,0,0,0,0,1753,2831,6,0,6,287,12,913,-49,0
51.9944,794,3096,14625,226,13,2049,11,11,13,13,0,0,0,0,0,0,2436,0,0,0,0,0,0,1712,2794,6,0,7,282,12,852,-2,0
52.0880,794,3096,14625,316,13,2049,11,12,15,12,0,0,0,0,0,0,2430,0,0,0,0,0,0,1873,2966,6,0,7,285,13,984,17,0
52.1808,794,3096,14625,411,13,2049,11,12,14,12,0,0,0,0,0,0,2443,0,0,0,0,0,0,1849,3014,6,0,6,287,12,992,-56,0
52.2739,794,3096,14625,506,13,2049,11,13,14,13,0,0,0,0,0,0,2430,0,0,0,0,0,0,1925,2972,6,0,7,289,13,1039,-67,0
52.3672,794,3096,14625,596,13,2049,11,13,14,12,0,0,0,0,0,0,2424,0,0,0,0,0,0,1958,2993,6,0,6,281,13,1051,-52,0
52.4600,794,3096,14625,691,13,2049,11,13,13,13,0,0,0,0,0,0,2443,0,0,0,0,0,0,1919,2998,6,0,6,288,13,1006,-37,0
52.5527,794,3096,14625,781,13,2049,11,13,12,13,0,0,0,0,0,0,2430,0,0,0,0,0,0,2015,3183,6,0,6,293,14,1104,-29,0
52.6461,794,3096,14625,876,13,2049,11,13,12,13,0,0,0,0,0,0,2462,0,0,0,0,0,0,2015,3183,6,0,6,293,14,1104,-29,0
52.7389,794,3096,14625,966,13,2049,11,13,11,13,0,0,0,0,0,0,2436,0,0,0,0,0,0,1951,3056,6,0,6,294,13,1036,-4,0
52.8317,794,3096,14881,61,13,2049,11,12,12,15,0,0,0,0,0,0,2436,0,0,0,0,0,0,1865,2902,6,0,7,291,13,982,-76,0
52.9263,794,3096,14881,151,13,2049,11,13,11,14,0,0,0,0,0,0,2430,0,0,0,0,0,0,1984,2978,6,0,7,292,13,1087,-8,0
53.0205,794,3096,14881,246,13,2049,11,12,13,12,0,0,0,0,0,0,2443,0,0,0,0,0,0,1918,2905,6,0,7,290,13,1007,-1,0
53.1147,794,3096,14881,341,13,2049,11,11,13,12,0,0,0,0,0,0,2430,0,0,0,0,0,0,1787,2976,6,0,7,278,12,932,34,0
53.2088,794,3096,14881,436,13,2049,11,11,13,13,0,0,0,0,0,0,2436,0,0,0,0,0,0,1728,2898,6,0,7,277,12,893,-2,0
53.3030,794,3096,14881,531,13,2049,11,12,13,12,0,0,0,0,0,0,2417,0,0,0,0,0,0,1861,3190,6,0,6,284,12,984,22,0
53.3973,794,3096,14881,621,13,2049,11,12,14,12,0,0,0,0,0,0,2443,0,0,0,0,0,0,1935,3217,6,0,6,283,13,1036,50,0
53.4915,794,3096,14881,716,13,2049,11,12,12,13,0,0,0,0,0,0,2436,0,0,0,0,0,0,1872,3010,6,0,6,287,12,980,-15,0
53.5855,794,3096,14881,811,13,2049,11,11,13,13,0,0,0,0,0,0,2430,0,0,0,0,0,0,1854,2957,6,0,6,283,12,944,42,0
53.6800,794,3096,14881,906,13,2049,11,12,13,12,0,0,0,0,0,0,2436,0,0,0,0,0,0,1831,2884,6,0,6,290,12,935,30,0
53.7747,794,3096,14881,996,13,2049,11,12,13,13,0,0,0,0,0,0,2430,0,0,0,0,0,0,1871,2834,6,0,7,282,13,959,34,0
53.8660,794,3096,15137,91,13,2049,11,13,13,12,0,0,0,0,0,0,2455,0,0,0,0,0,0,1903,3065,6,0,7,280,13,1015,-37,0
53.9605,794,3096,15137,181,13,2049,11,13,12,12,0,0,0,0,0,0,2436,0,0,0,0,0,0,1927,3129,6,0,6,288,13,1025,35,0
54.0560,794,3096,15137,276,13,2049,11,12,12,12,0,0,0,0,0,0,2455,0,0,0,0,0,0,1865,3167,6,0,6,273,13,944,-7,0
54.1476,794,3096,15137,371,13,2049,11,13,12,11,0,0,0,0,0,0,2417,0,0,0,0,0,0,1917,3160,6,0,7,291,13,1002,83,0
54.2392,794,3096,15137,466,13,2049,11,12,13,11,0,0,0,0,0,0,2417,0,0,0,0,0,0,1873,3089,6,0,7,285,13,964,27,0
54.3306,794,3096,15137,556,13,2049,11,12,13,11,0,0,0,0,0,0,2430,0,0,0,0,0,0,1873,3089,6,0,7,285,13,964,27,0
54.4222,794,3096,15137,646,13,2049,11,13,13,12,0,0,0,0,0,0,2430,0,0,0,0,0,0,1891,3081,6,0,6,294,13,1019,79,0
54.5170,794,3096,15137,741,13,2049,11,12,13,12,0,0,0,0,0,0,2468,0,0,0,0,0,0,1831,3039,6,0,6,288,12,972,77,0
54.6126,794,3096,15137,836,13,2049,11,12,12,13,0,0,0,0,0,0,2430,0,0,0,0,0,0,1799,3055,6,0,6,281,12,913,79,0
54.7042,794,3096,15137,926,13,2049,11,11,13,13,0,0,0,0,0,0,2436,0,0,0,0,0,0,1803,2899,6,0,6,280,12,894,111,0
54.7965,794,3096,34,16,13,2049,11,11,12,12,0,0,0,0,0,0,2462,0,0,0,0,0,0,1738,2872,6,0,6,277,12,875,45,0
54.8881,794,3096,34,111,13,2049,11,11,12,12,0,0,0,0,0,0,2436,0,0,0,0,0,0,1747,2851,6,0,6,272,12,846,-6,0
54.9798,794,3096,34,201,13,2049,11,11,12,12,0,0,0,0,0,0,2417,0,0,0,0,0,0,1753,2919,6,0,6,284,12,923,-112,0
55.0709,794,3096,34,296,13,2049,11,11,13,12,0,0,0,0,0,0,2430,0,0,0,0,0,0,1780,2912,6,0,6,286,12,902,-68,0
55.1626,794,3096,34,386,13,2049,11,12,12,12,0,0,0,0,0,0,2443,0,0,0,0,0,0,1845,2822,6,0,6,293,12,948,-31,0
55.2551,794,3096,34,476,13,2049,11,11,12,12,0,0,0,0,0,0,2436,0,0,0,0,0,0,1812,2883,6,0,6,281,12,900,-1,0
55.3472,794,3096,34,571,13,2049,11,13,12,12,0,0,0,0,0,0,2436,0,0,0,0,0,0,1941,3129,6,0,6,285,13,1027,92,0
55.4396,794,3096,34,661,13,2049,11,12,12,12,0,0,0,0,0,0,2430,0,0,0,0,0,0,1938,3060,6,0,6,282,13,1019,76,0
55.5328,794,3096,34,756,13,2049,11,12,12,13,0,0,0,0,0,0,2436,0,0,0,0,0,0,1884,2957,6,0,7,280,13,959,117,0
55.6252,794,3096,34,846,13,2049,11,12,12,13,0,0,0,0,0,0,2430,0,0,0,0,0,0,1884,2957,6,0,7,280,13,959,117,0
55.7176,794,3096,34,936,13,2049,11,12,12,13,0,0,0,0,0,0,2424,0,0,0,0,0,0,1871,2946,6,0,7,277,13,943,7,0
55.8106,794,3096,290,31,13,2049,11,12,12,13,0,0,0,0,0,0,2436,0,0,0,0,0,0,1871,3069,6,0,7,282,13,971,-54,0
55.9030,794,3096,290,121,13,2049,11,13,13,12,0,0,0,0,0,0,2430,0,0,0,0,0,0,1987,3326,6,0,7,282,13,1078,13,0
55.9953,794,3096,290,216,13,2049,11,12,12,12,0,0,0,0,0,0,2455,0,0,0,0,0,0,1906,3072,6,0,6,288,13,1002,-54,0
56.0878,794,3096,290,306,13,2049,11,12,12,13,0,0,0,0,0,0,2436,0,0,0,0,0,0,1896,2914,6,0,6,297,13,987,-12,0
56.1799,794,3096,290,401,13,2049,11,12,12,12,0,0,0,0,0,0,2443,0,0,0,0,0,0,1923,2929,6,0,6,287,13,1006,67,0
56.2714,794,3096,290,491,13,2049,11,12,12,12,0,0,0,0,0,0,2424,0,0,0,0,0,0,1848,2931,6,0,7,277,13,921,14,0
56.3630,794,3096,290,581,13,2049,11,12,12,12,0,0,0,0,0,0,2436,0,0,0,0,0,0,1848,3002,6,0,6,275,12,923,14,0
56.4585,794,3096,290,676,13,2049,11,12,12,12,0,0,0,0,0,0,2443,0,0,0,0,0,0,1896,2985,6,0,7,288,13,977,79,0
56.5537,794,3096,290,771,13,2049,11,13,14,12,0,0,0,0,0,0,2436,0,0,0,0,0,0,1909,2974,6,0,7,293,13,991,39,0
56.6491,794,3096,290,866,13,2049,11,12,14,12,0,0,0,0,0,0,2430,0,0,0,0,0,0,1855,2975,6,0,7,282,13,929,2,0
56.7402,794,3096,290,956,13,2049,11,12,13,11,0,0,0,0,0,0,2462,0,0,0,0,0,0,1872,2965,6,0,7,278,13,944,76,0
56.8354,794,3096,546,46,13,2049,11,12,13,12,0,0,0,0,0,0,2430,0,0,0,0,0,0,1848,2839,6,0,6,281,12,920,35,0
56.9277,794,3096,546,141,13,2049,11,12,12,12,0,0,0,0,0,0,2455,0,0,0,0,0,0,1894,2846,6,0,7,287,13,971,34,0
57.0210,794,3096,546,236,13,2049,11,12,12,12,0,0,0,0,0,0,2436,0,0,0,0,0,0,1894,2846,6,0,7,287,13,971,34,0
57.1155,794,3096,546,331,13,2049,11,12,13,12,0,0,0,0,0,0,2424,0,0,0,0,0,0,1913,3013,6,0,7,291,13,992,142,0
57.2084,794,3096,546,421,13,2049,11,12,13,12,0,0,0,0,0,0,2430,0,0,0,0,0,0,1889,3035,6,0,7,284,13,964,71,0
57.3039,794,3096,546,516,13,2049,11,12,12,11,0,0,0,0,0,0,2443,0,0,0,0,0,0,1847,3167,6,0,7,285,13,946,-22,0
57.3969,794,3096,546,611,13,2049,11,13,11,12,0,0,0,0,0,0,2455,0,0,0,0,0,0,1940,3357,6,0,7,290,13,1032,75,0
57.4898,794,3096,546,706,13,2049,11,13,11,12,0,0,0,0,0,0,2455,0,0,0,0,0,0,1910,3216,6,0,7,291,13,996,54,0
57.5827,794,3096,546,796,13,2049,11,12,11,13,0,0,0,0,0,0,2455,0,0,0,0,0,0,1871,3160,6,0,7,282,13,947,22,0
57.6755,794,3096,546,891,13,2049,11,13,12,13,0,0,0,0,0,0,2436,0,0,0,0,0,0,1867,3110,6,0,7,279,13,1009,-38,0
57.7686,794,3096,546,981,13,2049,11,12,11,13,0,0,0,0,0,0,2443,0,0,0,0,0,0,1849,2980,6,0,7,278,12,954,-29,0
57.8610,794,3096,802,71,13,2049,11,12,12,12,0,0,0,0,0,0,2430,0,0,0,0,0,0,1864,3068,6,0,7,281,13,954,10,0
57.9537,794,3096,802,166,13,2049,11,13,12,12,0,0,0,0,0,0,2455,0,0,0,0,0,0,1910,3187,6,0,7,273,13,989,-89,0
58.0462,794,3096,802,256,13,2049,11,12,13,12,0,0,0,0,0,0,2436,0,0,0,0,0,0,1886,2952,6,0,6,289,13,968,12,0
58.1390,794,3096,802,351,13,2049,11,14,12,12,0,0,0,0,0,0,2430,0,0,0,0,0,0,2084,3110,6,0,7,298,14,1178,84,0
58.2316,794,3096,802,441,13,2049,11,13,12,12,0,0,0,0,0,0,2430,0,0,0,0,0,0,1936,3098,6,0,7,292,13,1089,-25,0
58.3248,794,3096,802,536,13,2049,11,13,13,12,0,0,0,0,0,0,2436,0,0,0,0,0,0,1951,3027,6,0,7,297,13,1071,-90,0
58.4179,794,3096,802,631,13,2049,11,12,13,13,0,0,0,0,0,0,2443,0,0,0,0,0,0,1839,2937,6,0,7,278,12,964,-102,0
58.5106,794,3096,802,721,13,2049,11,12,13,13,0,0,0,0,0,0,2455,0,0,0,0,0,0,1839,2937,6,0,7,278,12,964,-102,0
58.6046,794,3096,802,816,13,2049,11,12,13,13,0,0,0,0,0,0,2455,0,0,0,0,0,0,1792,2982,6,0,7,281,12,909,-78,0
58.6993,794,3096,802,906,13,2049,11,12,13,14,0,0,0,0,0,0,2430,0,0,0,0,0,0,1819,3121,6,0,6,277,12,918,-85,0
58.7924,794,3096,1058,1,13,2049,11,12,12,12,0,0,0,0,0,0,2455,0,0,0,0,0,0,1817,3237,6,0,6,280,12,995,-5,0
58.8856,794,3096,1058,91,13,2049,11,12,13,13,0,0,0,0,0,0,2424,0,0,0,0,0,0,1774,3189,6,0,7,275,12,1033,-6,0
58.9793,794,3096,1058,186,13,2049,11,13,13,12,0,0,0,0,0,0,2430,0,0,0,0,0,0,1816,2987,6,0,7,285,12,1016,63,0
59.0719,794,3096,1058,281,13,2049,11,13,12,13,0,0,0,0,0,0,2436,0,0,0,0,0,0,1846,3020,6,0,7,282,12,983,38,0
59.1664,794,3096,1058,371,13,2049,11,12,12,13,0,0,0,0,0,0,2430,0,0,0,0,0,0,1890,2909,6,0,7,284,13,997,68,0
59.2585,794,3096,1058,466,13,2049,11,12,12,13,0,0,0,0,0,0,2455,0,0,0,0,0,0,1857,2964,6,0,7,288,13,998,88,0
59.3508,794,3096,1058,556,13,2049,11,12,13,12,0,0,0,0,0,0,2417,0,0,0,0,0,0,1847,2961,6,0,6,293,12,962,58,0
59.4434,794,3096,1058,651,14,2049,14,1155,758,5682,0,0,0,0,0,0,2436,0,0,0,0,0,0,5630,21683,7,10,75,1597,685,14084,770,0
59.5360,794,3096,1058,741,14,2049,14,592,386,2867,0,0,0,0,0,0,2455,0,0,0,0,0,0,4259,13003,7,5,41,1041,353,8139,482,0
59.6286,794,3096,1058,836,14,2049,14,303,200,1443,0,0,0,0,0,0,2462,0,0,0,0,0,0,3202,8090,7,2,24,684,184,4698,322,0
59.7205,794,3096,1058,926,14,2049,14,158,106,728,0,0,0,0,0,0,2436,0,0,0,0,0,0,2469,5393,7,1,15,496,98,2849,139,0
59.8141,794,3096,1314,21,14,2049,14,85,60,370,19,0,0,0,0,0,2430,0,0,0,301,9,723,2176,4179,7,0,11,391,55,1904,76,0
59.9073,794,3096,1314,116,14,2049,14,148,60,473,33,0,0,0,0,0,2424,0,0,0,301,9,723,4159,15438,7,0,14,957,79,6363,-384,0
60.0004,794,3096,1314,206,14,2049,14,148,60,473,33,0,0,0,0,0,2417,0,0,0,301,9,723,4159,15438,7,0,14,957,79,6363,-384,0
60.0947,794,3096,1314,301,14,2049,14,81,37,247,20,0,0,0,0,0,2430,0,0,0,301,9,723,3024,9348,7,0,10,642,46,3718,-224,0
60.1873,794,3096,1314,396,14,2049,14,46,25,130,12,0,0,0,0,0,2462,0,0,0,301,9,723,2357,6194,7,0,8,452,29,2322,-190,0
60.2822,794,3096,1314,486,14,2049,14,29,18,71,9,0,0,0,0,0,2417,0,0,0,301,9,723,2084,4569,7,0,7,371,20,1661,-146,0
60.3750,794,3096,1314,581,14,2049,14,21,16,42,7,0,0,0,0,0,2424,0,0,0,301,9,723,1981,3906,7,0,7,334,17,1310,-96,0
60.4692,794,3096,1314,676,14,2049,14,17,14,27,0,0,0,0,0,0,2436,0,0,0,0,0,0,1946,3373,7,0,7,316,15,1155,-35,0
60.5623,794,3096,1314,771,14,2049,14,213,75,665,0,0,0,0,0,0,2436,0,0,0,0,0,0,4397,16162,7,0,18,1209,108,8206,-306,0
60.6549,794,3096,1314,861,14,2049,14,113,44,341,0,0,0,0,0,0,2443,0,0,0,0,0,0,3190,9451,7,0,12,773,61,4649,-82,0
60.7477,794,3096,1314,956,14,2049,14,61,29,180,0,0,0,0,0,0,2462,0,0,0,0,0,0,2410,6069,7,0,9,520,36,2678,-96,0
60.8407,794,3096,1570,46,14,2049,14,37,20,97,10,0,0,0,0,0,2436,0,0,0,291,311,770,2194,4562,7,0,8,418,24,1875,-89,0
60.9338,794,3096,1570,141,14,2049,14,24,16,55,7,0,0,0,0,0,2430,0,0,0,291,311,770,1949,3774,7,0,7,348,18,1437,-71,0
61.0270,794,3096,1570,236,14,2049,14,19,14,33,6,0,0,0,0,0,2417,0,0,0,291,311,770,1868,3373,7,0,7,321,15,1254,-37,0
61.1204,794,3096,1570,326,14,2049,14,72,25,190,20,0,0,0,0,0,2462,0,0,0,291,311,770,2904,7438,7,0,10,696,40,3469,-146,0
61.2129,794,3096,1570,421,14,2049,14,42,18,101,12,0,0,0,0,0,2436,0,0,0,291,311,770,2345,5177,7,0,8,493,26,2199,-58,0
61.3057,794,3096,1570,511,14,2049,14,27,15,57,9,0,0,0,0,0,2417,0,0,0,291,311,770,2104,4099,7,0,8,388,19,1567,30,0
61.3987,794,3096,1570,606,14,2049,14,15,12,22,0,0,0,0,0,0,2455,0,0,0,0,0,0,1899,3392,7,0,7,301,14,1086,64,0
61.4919,794,3096,1570,701,14,2049,14,13,11,17,0,0,0,0,0,0,2417,0,0,0,0,0,0,1872,3078,7,0,7,293,13,1002,-18,0
61.5850,794,3096,1570,791,14,2049,14,13,12,14,0,0,0,0,0,0,2430,0,0,0,0,0,0,1903,3108,7,0,6,301,13,1038,78,0
61.6780,794,3096,1570,886,14,2049,14,222,104,818,0,0,0,0,0,0,2443,0,0,0,0,0,0,4494,16748,7,0,18,1194,113,8100,-260,0
61.7710,794,3096,1570,976,14,2049,14,121,59,429,0,0,0,0,0,0,2436,0,0,0,0,0,0,3572,11098,7,0,12,791,66,4971,234,0
61.8638,794,3096,1826,71,14,2049,14,66,36,221,15,0,0,0,0,0,2436,0,0,0,782,409,802,2681,7086,7,0,9,536,39,2950,107,0
61.9573,794,3096,1826,166,14,2049,14,25,17,65,8,0,0,0,0,0,2436,0,0,0,782,409,802,2007,3772,7,0,7,359,19,1396,30,0
62.0497,794,3096,1826,256,14,2049,14,15,13,24,0,0,0,0,0,0,2436,0,0,0,0,0,0,1790,3382,7,0,6,306,13,1180,-145,0
62.1427,794,3096,1826,351,14,2049,14,14,12,17,0,0,0,0,0,0,2443,0,0,0,0,0,0,1900,3250,7,0,6,302,13,1139,7,0
62.2357,794,3096,1826,441,14,2049,14,13,12,16,0,0,0,0,0,0,2436,0,0,0,0,0,0,1862,3004,7,0,6,297,13,1032,-24,0
62.3284,794,3096,1826,536,14,2049,15,166,55,459,0,0,0,0,0,0,2455,0,0,0,0,0,0,4349,15863,7,0,15,1073,88,7381,-614,0
62.4210,794,3096,1826,626,14,2049,14,93,35,246,0,0,0,0,0,0,2436,0,0,0,0,0,0,3458,10203,7,0,11,739,53,4575,-115,0
62.5138,794,3096,1826,721,14,2049,14,52,23,130,0,0,0,0,0,0,2417,0,0,0,0,0,0,2659,6535,7,0,9,509,33,2752,10,0
62.6073,794,3096,1826,816,14,2049,14,33,17,71,0,0,0,0,0,0,2430,0,0,0,0,0,0,2265,4893,7,0,8,396,23,1876,-60,0
62.6983,794,3096,1826,906,14,2049,14,22,15,42,0,0,0,0,0,0,2417,0,0,0,0,0,0,2026,3862,7,0,7,330,17,1363,12,0
62.7936,794,3096,1826,996,14,2049,14,16,14,28,0,0,0,0,0,0,2430,0,0,0,0,0,0,1882,3385,7,0,7,302,15,1082,116,0
62.8855,794,3096,2082,91,15,2049,15,243,76,705,0,0,0,0,0,0,2436,0,0,0,0,0,0,4551,16094,7,0,21,1235,133,8732,-656,0
62.9776,794,3096,2082,181,15,2049,15,135,46,383,0,0,0,0,0,0,2424,0,0,0,0,0,0,3768,10649,7,0,14,874,78,5535,-26,0
63.0704,794,3096,2082,276,15,2049,15,135,46,383,0,0,0,0,0,0,2411,0,0,0,0,0,0,3768,10649,7,0,14,874,78,5535,-26,0
63.1643,794,3096,2082,366,14,2049,15,74,29,200,0,0,0,0,0,0,2436,0,0,0,0,0,0,2843,6877,7,0,10,589,45,3270,110,0
63.2567,794,3096,2082,461,14,2049,15,43,21,106,0,0,0,0,0,0,2417,0,0,0,0,0,0,2289,4987,7,0,8,436,28,2099,-22,0
63.3496,794,3096,2082,556,14,2049,15,27,17,59,0,0,0,0,0,0,2430,0,0,0,0,0,0,2052,3954,7,0,7,356,20,1513,-50,0
63.4444,794,3096,2082,646,14,2049,15,19,14,36,0,0,0,0,0,0,2443,0,0,0,0,0,0,1927,3454,7,0,7,316,16,1192,67,0
63.5376,794,3096,2082,741,14,2049,15,16,13,24,0,0,0,0,0,0,2443,0,0,0,0,0,0,1865,3221,7,0,7,295,14,1060,-35,0
63.6312,794,3096,2082,836,14,2049,15,14,13,18,0,0,0,0,0,0,2443,0,0,0,0,0,0,1847,3050,7,0,7,281,13,976,6,0
63.7239,794,3096,2082,926,14,2049,15,12,12,15,0,0,0,0,0,0,2443,0,0,0,0,0,0,1853,2932,7,0,6,274,13,951,-2,0
63.8178,794,3096,2338,21,14,2049,14,12,12,13,0,0,0,0,0,0,2430,0,0,0,0,0,0,1863,2939,7,0,6,282,13,951,28,0
63.9106,794,3096,2338,111,15,2049,15,259,77,728,0,0,0,0,0,0,2436,0,0,0,0,0,0,4569,16677,7,0,21,1275,139,9068,-676,0
64.0061,794,3096,2338,206,15,2049,15,161,52,413,0,0,0,0,0,0,2455,0,0,0,0,0,0,5037,16058,7,0,15,1044,93,7462,637,0
64.0978,794,3096,2338,301,15,2049,15,258,82,720,0,0,0,0,0,0,2443,0,0,0,0,0,0,6065,24439,7,0,20,1560,137,11627,-326,0
64.1897,794,3096,2338,391,15,2049,15,162,62,421,0,0,0,0,0,0,2443,0,0,0,0,0,0,5088,16969,7,0,15,1229,88,7935,26,0
64.2824,794,3096,2338,486,15,2049,15,251,87,689,0,0,0,0,0,0,2436,0,0,0,0,0,0,5917,23590,7,0,19,1586,128,10933,-311,0
64.3752,794,3096,2338,576,15,2049,15,135,49,359,0,0,0,0,0,0,2455,0,0,0,0,0,0,4231,13777,7,0,13,975,73,6320,-100,0
64.4680,794,3096,2338,671,15,2049,15,135,49,359,0,0,0,0,0,0,2462,0,0,0,0,0,0,4231,13777,7,0,13,975,73,6320,-100,0
64.5607,794,3096,2338,761,15,2049,16,152,47,394,0,0,0,0,0,0,2455,0,0,0,0,0,0,5283,20084,7,0,13,1159,81,7659,-95,0
64.6531,794,3096,2338,856,15,2049,16,81,30,206,0,0,0,0,0,0,2430,0,0,0,0,0,0,3537,11504,7,0,10,722,46,4262,-30,0
64.7457,794,3096,2338,946,15,2049,16,127,44,349,0,0,0,0,0,0,2436,0,0,0,0,0,0,5156,20078,7,0,12,1042,71,7016,363,0
64.8384,794,3096,2594,41,15,2049,16,249,88,742,0,0,0,0,0,0,2430,0,0,0,0,0,0,6297,27395,7,0,18,1601,130,11528,185,0
64.9314,794,3096,2594,131,15,2049,16,154,64,428,28,0,0,0,0,0,2462,0,0,0,735,486,938,5101,17534,7,0,14,1240,84,7735,221,0
65.0246,794,3096,2594,226,15,2049,16,112,47,297,24,0,0,0,0,0,2417,0,0,0,735,486,938,4381,14189,7,0,12,1163,64,6153,414,0
65.1174,794,3096,2594,316,15,2049,16,38,20,86,9,0,0,0,0,0,2455,0,0,0,735,486,938,2593,6167,7,0,8,524,26,2357,254,0
65.2100,794,3096,2594,411,15,2049,17,165,62,496,42,0,0,0,0,0,2455,0,0,0,735,486,938,3478,8675,7,0,20,1069,90,4849,126,0
65.3032,794,3096,2594,506,15,2049,17,34,18,80,10,0,0,0,0,0,2436,0,0,0,735,486,938,2181,3892,7,0,8,447,23,1700,221,0
65.3970,794,3096,2594,596,15,2049,17,136,58,414,35,0,0,0,0,0,2443,0,0,0,735,486,938,3376,7753,7,0,18,1045,77,4807,214,0
65.4900,794,3096,2594,691,15,2049,17,45,23,117,13,0,0,0,0,0,2455,0,0,0,735,486,938,2259,3908,7,0,9,565,29,2068,-23,0
65.5829,794,3096,2594,786,15,2049,17,150,57,451,38,0,0,0,0,0,2436,0,0,0,735,486,938,3341,7926,7,0,19,1041,82,4672,45,0
65.6753,794,3096,2594,876,15,2049,17,51,24,136,15,0,0,0,0,0,2443,0,0,0,735,486,938,2402,4327,7,0,10,606,32,2263,89,0
65.7688,794,3096,2594,971,15,2049,17,27,14,62,7,0,0,0,0,0,2455,0,0,0,735,486,938,2692,8409,7,0,8,383,23,2003,848,0
65.8614,794,3096,2850,61,15,2049,18,94,33,261,26,0,0,0,0,0,2462,0,0,0,735,486,938,2960,6659,7,0,14,810,54,3339,294,0
65.9544,794,3096,2850,156,15,2049,18,31,16,75,7,0,0,0,0,0,2436,0,0,0,747,385,1221,2070,3648,7,0,8,428,23,1488,96,0
66.0476,794,3096,2850,246,16,2049,18,73,27,180,15,0,0,0,0,0,2455,0,0,0,747,385,1221,3057,6035,7,0,11,794,44,3374,92,0
66.1425,794,3096,2850,341,15,2049,18,27,15,55,6,0,0,0,0,0,2443,0,0,0,747,385,1221,2134,3700,7,0,8,423,20,1584,47,0
66.2365,794,3096,2850,436,16,2049,18,67,28,162,14,0,0,0,0,0,2424,0,0,0,747,385,1221,2758,5574,7,0,11,718,40,2939,203,0
66.3298,794,3096,2850,531,16,2049,18,70,17,177,11,0,0,0,0,0,2436,0,0,0,747,385,1221,5636,-22624,7,0,10,781,63,7011,4260,0
66.4223,794,3096,2850,626,16,2049,18,140,35,333,25,0,0,0,0,0,2443,0,0,0,747,385,1221,5382,29084,7,0,16,1245,88,7813,2226,0
66.5166,794,3096,2850,716,16,2049,18,46,18,97,9,0,0,0,0,0,2443,0,0,0,747,385,1221,2837,9374,7,0,9,588,32,2796,556,0
66.6097,794,3096,2850,811,16,2049,19,192,89,509,34,0,0,0,0,0,2455,0,0,0,747,385,1221,4289,13142,7,0,20,1452,100,7490,-230,0
66.7044,794,3096,2850,906,16,2049,19,59,32,147,11,0,0,0,0,0,2436,0,0,0,747,385,1221,2587,5560,7,0,10,637,36,2738,0,0
66.7986,794,3096,2850,996,16,2049,18,23,17,45,5,0,0,0,0,0,2436,0,0,0,747,385,1221,1985,3697,7,0,7,380,18,1393,-11,0
66.8919,794,3096,3106,91,16,2049,18,17,14,28,0,0,0,0,0,0,2430,0,0,0,0,0,0,1921,3241,7,0,7,333,15,1163,18,0
66.9846,794,3096,3106,181,16,2049,18,15,13,20,0,0,0,0,0,0,2430,0,0,0,0,0,0,1883,3281,7,0,7,309,14,1045,10,0
67.0773,794,3096,3106,276,16,2049,18,13,12,16,0,0,0,0,0,0,2462,0,0,0,0,0,0,1894,3109,7,0,7,291,14,1010,42,0
67.1701,794,3096,3106,366,16,2049,18,14,13,14,0,0,0,0,0,0,2430,0,0,0,0,0,0,1948,3158,7,0,7,295,13,1079,52,0
67.2631,794,3096,3106,461,16,2049,18,215,239,1089,0,0,0,0,0,0,2443,0,0,0,0,0,0,8319,7968,7,0,14,1274,168,17826,5195,0
67.3560,794,3096,3106,556,16,2049,18,150,158,705,0,0,0,0,0,0,2430,0,0,0,0,0,0,6424,-23611,7,0,12,1185,108,12090,1706,0
67.4488,794,3096,3106,646,16,2049,18,82,86,361,0,0,0,0,0,0,2462,0,0,0,0,0,0,4160,22483,7,0,9,736,60,6581,806,0
67.5419,794,3096,3106,741,16,2049,18,47,49,187,0,0,0,0,0,0,2468,0,0,0,0,0,0,2971,12661,7,0,8,514,36,3753,495,0
67.6349,794,3096,3106,831,16,2049,18,30,30,100,0,0,0,0,0,0,2443,0,0,0,0,0,0,2472,7900,7,0,7,407,25,2413,235,0
67.7274,794,3096,3106,926,16,2049,18,21,20,56,0,0,0,0,0,0,2436,0,0,0,0,0,0,2193,5516,7,0,7,341,19,1699,140,0
67.8210,794,3096,3362,16,16,2049,18,16,15,34,0,0,0,0,0,0,2436,0,0,0,0,0,0,1968,4188,7,0,7,315,15,1257,90,0
67.9139,794,3096,3362,111,16,2049,18,143,95,682,0,0,0,0,0,0,2443,0,0,0,0,0,0,7150,-20763,7,0,12,1029,116,11856,3667,0
68.0068,794,3096,3362,206,16,2049,18,81,55,357,17,0,0,0,0,0,2436,0,0,0,1224,51,750,4633,24170,7,0,9,717,66,6683,1789,0
68.0997,794,3096,3362,296,16,2049,18,45,33,185,11,0,0,0,0,0,2462,0,0,0,1224,51,750,3194,13514,7,0,8,496,39,3751,961,0
68.1930,794,3096,3362,391,16,2049,18,30,22,100,8,0,0,0,0,0,2436,0,0,0,1224,51,750,2590,8363,7,0,7,396,26,2412,433,0
68.2861,794,3096,3362,486,15,2049,18,21,17,57,7,0,0,0,0,0,2417,0,0,0,1224,51,750,2219,5590,7,0,7,346,19,1670,259,0
68.3789,794,3096,3362,576,15,2049,18,21,17,57,7,0,0,0,0,0,2430,0,0,0,1224,51,750,2219,5590,7,0,7,346,19,1670,259,0
68.4714,794,3096,3362,671,15,2049,18,16,13,35,6,0,0,0,0,0,2436,0,0,0,1224,51,750,2065,4368,7,0,6,318,16,1330,223,0
68.5639,794,3096,3362,761,16,2049,19,170,144,850,37,0,0,0,0,0,2443,0,0,0,1224,51,750,5005,14570,7,0,15,1093,105,8116,745,0
68.6575,794,3096,3362,856,16,2049,18,94,78,437,22,0,0,0,0,0,2430,0,0,0,1224,51,750,3572,9410,7,0,11,720,60,4811,323,0
68.7514,794,3096,3362,946,16,2049,18,54,45,224,14,0,0,0,0,0,2430,0,0,0,1224,51,750,2722,6457,7,0,9,507,36,2977,-19,0
68.8457,794,3096,3618,41,15,2049,18,33,29,119,9,0,0,0,0,0,2436,0,0,0,1224,51,750,2224,4878,7,0,8,394,24,2024,-88,0
68.9389,794,3096,3618,136,15,2049,18,23,20,66,7,0,0,0,0,0,2436,0,0,0,1224,51,750,2021,3986,7,0,7,334,18,1477,38,0
69.0322,794,3096,3618,231,15,2049,18,18,16,39,3,0,0,0,0,0,2443,0,0,0,323,370,1258,1874,3603,7,0,7,307,15,1346,-54,0
69.1271,794,3096,3618,321,15,2049,18,13,13,18,0,0,0,0,0,0,2430,0,0,0,0,0,0,1793,2933,7,0,7,300,13,995,-52,0
69.2210,794,3096,3618,416,15,2049,18,18,14,36,0,0,0,0,0,0,2455,0,0,0,0,0,0,2245,4587,7,0,7,331,16,1428,178,0
69.3139,794,3096,3618,511,15,2049,18,15,13,24,0,0,0,0,0,0,2436,0,0,0,0,0,0,2013,3753,7,0,7,312,14,1251,41,0
69.4069,794,3096,3618,606,15,2049,18,14,12,19,0,0,0,0,0,0,2430,0,0,0,0,0,0,1957,3438,7,0,6,297,13,1125,24,0
69.5024,794,3096,3618,696,15,2049,18,14,12,19,0,0,0,0,0,0,2436,0,0,0,0,0,0,1957,3438,7,0,6,297,13,1125,24,0
69.5949,794,3096,3618,791,15,2049,18,13,13,16,0,0,0,0,0,0,2436,0,0,0,0,0,0,1870,3094,7,0,6,295,12,1025,-8,0
69.6874,794,3096,3618,886,15,2049,18,12,13,14,0,0,0,0,0,0,2443,0,0,0,0,0,0,1851,2859,7,0,6,293,12,974,-56,0
69.7802,794,3096,3618,976,15,2049,18,30,15,99,0,0,0,0,0,0,2436,0,0,0,0,0,0,3371,12780,7,0,7,405,25,2704,1036,0
69.8730,794,3096,3874,71,15,2049,18,22,14,59,0,0,0,0,0,0,2436,0,0,0,0,0,0,2599,8102,7,0,7,358,18,1925,388,0
69.9663,794,3096,3874,166,15,2049,18,17,14,37,3,0,0,0,0,0,2430,0,0,0,0,456,1258,2234,5557,7,0,7,326,16,1437,182,0
70.0590,794,3096,3874,256,15,2049,17,17,14,25,0,0,0,0,0,0,2436,0,0,0,0,0,0,2078,4674,7,0,6,317,14,1441,-10,0
70.1517,794,3096,3874,351,15,2049,17,14,13,19,0,0,0,0,0,0,2424,0,0,0,0,0,0,1913,3833,7,0,6,299,13,1184,-34,0
70.2453,794,3096,3874,441,15,2049,17,71,20,200,0,0,0,0,0,0,2443,0,0,0,0,0,0,3984,23155,7,0,8,682,39,5172,-720,0
70.3378,794,3096,3874,536,15,2049,17,68,26,177,0,0,0,0,0,0,2436,0,0,0,0,0,0,4564,20510,7,0,8,691,41,5098,446,0
70.4303,794,3096,3874,631,15,2049,17,41,20,95,0,0,0,0,0,0,2455,0,0,0,0,0,0,3350,11733,7,0,7,499,27,3166,253,0
70.5232,794,3096,3874,721,15,2049,17,26,17,53,0,0,0,0,0,0,2417,0,0,0,0,0,0,2539,7436,7,0,7,386,20,2047,110,0
70.6158,794,3096,3874,816,15,2049,17,20,14,32,0,0,0,0,0,0,2462,0,0,0,0,0,0,2245,5470,7,0,7,331,16,1559,9,0
70.7094,794,3096,3874,906,15,2049,17,17,14,22,0,0,0,0,0,0,2462,0,0,0,0,0,0,2005,4417,7,0,7,318,14,1353,-161,0
70.8029,794,3096,4130,1,15,2049,17,103,33,334,0,0,0,0,0,0,2424,0,0,0,0,0,0,4075,12277,7,0,11,869,56,5221,-107,0
70.8953,794,3096,4130,96,15,2049,17,58,23,184,0,0,0,0,0,0,2436,0,0,0,0,0,0,2977,7579,7,0,9,603,35,3102,27,0
70.9880,794,3096,4130,186,15,2049,17,58,23,184,47,0,0,0,0,0,2462,3,0,0,301,713,249,2977,7579,7,0,9,603,35,3102,27,0
71.0808,794,3096,4130,281,15,2049,17,24,15,57,25,0,0,0,0,0,2455,1,0,0,301,713,249,2101,4274,7,0,7,376,18,1599,-99,0
71.1734,794,3096,4130,371,15,2049,17,18,13,35,21,0,0,0,0,0,2417,1,0,0,301,713,249,1998,3572,7,0,7,345,15,1293,-48,0
71.2664,794,3096,4130,466,15,2049,17,16,12,24,0,0,0,0,0,0,2430,0,0,0,0,0,0,2019,3569,7,0,7,308,14,1203,-29,0
71.3607,794,3096,4130,556,15,2049,17,14,12,18,0,0,0,0,0,0,2436,0,0,0,0,0,0,1941,3341,7,0,6,297,13,1070,29,0
71.4530,794,3096,4130,651,15,2049,17,67,23,262,0,0,0,0,0,0,2462,0,0,0,0,0,0,3396,5753,7,0,10,747,43,3490,-158,0
71.5463,794,3096,4130,746,15,2049,17,42,17,143,0,0,0,0,0,0,2436,0,0,0,0,0,0,2822,4595,7,0,8,560,29,2445,-40,0
71.6390,794,3096,4130,836,15,2049,17,27,14,80,0,0,0,0,0,0,2443,0,0,0,0,0,0,2286,3911,7,0,7,431,20,1722,-152,0
71.7313,794,3096,4130,931,15,2049,17,19,14,46,0,0,0,0,0,0,2430,0,0,0,0,0,0,1983,3249,7,0,7,363,16,1324,-108,0
71.8251,794,3096,4386,21,15,2049,17,16,12,30,0,0,0,0,0,0,2455,0,0,0,0,0,0,1904,3039,7,0,7,334,14,1162,-110,0
71.9184,794,3096,4386,116,15,2049,17,47,16,154,0,0,0,0,0,0,2430,0,0,0,0,0,0,3639,9542,7,0,8,563,33,3370,503,0
72.0110,794,3096,4386,211,15,2049,17,45,16,119,14,0,0,0,0,0,2443,0,0,0,762,0,710,3227,9470,7,0,8,649,28,3447,-589,0
72.1053,794,3096,4386,301,15,2049,17,45,16,119,14,0,0,0,0,0,2436,0,0,0,762,0,710,3227,9470,7,0,8,649,28,3447,-589,0
72.1978,794,3096,4386,396,15,2049,17,28,14,67,10,0,0,0,0,0,2462,0,0,0,762,0,710,2492,6109,7,0,7,466,20,2150,-264,0
72.2904,794,3096,4386,491,15,2049,17,19,13,40,8,0,0,0,0,0,2443,0,0,0,762,0,710,2091,4482,7,0,7,372,15,1538,-151,0
72.3855,794,3096,4386,581,15,2049,17,16,13,26,0,0,0,0,0,0,2436,0,0,0,0,0,0,1955,3805,7,0,7,337,14,1232,-150,0
72.4782,794,3096,4386,676,15,2049,17,14,12,20,0,0,0,0,0,0,2430,0,0,0,0,0,0,1915,3439,7,0,6,310,13,1116,-102,0
72.5710,794,3096,4386,771,15,2049,17,14,13,16,0,0,0,0,0,0,2443,0,0,0,0,0,0,2004,3401,7,0,6,297,14,1146,-22,0
72.6635,794,3096,4386,861,15,2049,17,12,13,14,0,0,0,0,0,0,2455,0,0,0,0,0,0,1857,3225,7,0,7,271,13,967,-69,0
72.7587,794,3096,4386,956,15,2049,17,12,12,13,0,0,0,0,0,0,2430,0,0,0,0,0,0,1874,3084,7,0,7,271,13,963,-17,0
72.8502,794,3096,4642,51,15,2049,17,13,13,13,0,0,0,0,0,0,2462,0,0,0,0,0,0,1904,3059,7,0,6,295,13,1019,-31,0
72.9424,794,3096,4642,141,15,2049,16,12,12,13,0,0,0,0,0,0,2424,0,0,0,0,0,0,1821,2871,7,0,6,288,12,937,-3,0
73.0350,794,3096,4642,231,15,2049,16,12,13,13,0,0,0,0,0,0,2443,0,0,0,0,0,0,1879,2904,7,0,7,280,13,972,123,0
73.1278,794,3096,4642,321,15,2049,16,13,13,12,0,0,0,0,0,0,2430,0,0,0,0,0,0,1875,2948,7,0,7,295,13,1058,68,0
73.2206,794,3096,4642,416,15,2049,16,13,13,13,0,0,0,0,0,0,2430,0,0,0,0,0,0,1849,2970,7,0,7,284,13,994,18,0
73.3145,794,3096,4642,506,15,2049,16,12,13,13,0,0,0,0,0,0,2436,0,0,0,0,0,0,1790,2860,7,0,7,293,12,924,7,0
73.4070,794,3096,4642,601,15,2049,16,12,12,14,0,0,0,0,0,0,2436,0,0,0,0,0,0,1776,2959,7,0,7,288,12,925,-73,0
73.5000,794,3096,4642,696,15,2049,16,12,13,14,0,0,0,0,0,0,2436,0,0,0,0,0,0,1853,2974,7,0,6,287,12,967,91,0
73.5931,794,3096,4642,786,15,2049,16,12,13,14,0,0,0,0,0,0,2430,0,0,0,0,0,0,1853,2974,7,0,6,287,12,967,91,0
73.6861,794,3096,4642,881,15,2049,16,12,12,14,0,0,0,0,0,0,2436,0,0,0,0,0,0,1820,2997,7,0,7,285,12,947,8,0
73.7788,794,3096,4642,976,15,2049,16,13,12,12,0,0,0,0,0,0,2424,0,0,0,0,0,0,1857,3109,7,0,6,286,12,1010,-70,0
73.8713,794,3096,4898,66,15,2049,16,13,12,13,0,0,0,0,0,0,2455,0,0,0,0,0,0,1929,3147,7,0,6,293,13,1049,12,0
73.9638,794,3096,4898,161,15,2049,16,13,13,13,0,0,0,0,0,0,2436,0,0,0,0,0,0,1936,3157,7,0,6,278,13,1029,116,0
74.0573,794,3096,4898,251,15,2049,16,13,13,12,0,0,0,0,0,0,2455,0,0,0,0,0,0,1908,3027,7,0,6,284,13,1050,81,0
74.1503,794,3096,4898,341,15,2049,16,13,14,12,0,0,0,0,0,0,2455,0,0,0,0,0,0,1886,3029,7,0,7,280,13,1025,-60,0
74.2449,794,3096,4898,436,15,2049,16,13,12,13,0,0,0,0,0,0,2436,0,0,0,0,0,0,1842,3035,7,0,7,273,12,976,-61,0
74.3370,794,3096,4898,531,15,2049,16,12,12,12,0,0,0,0,0,0,2436,0,0,0,0,0,0,1808,2888,7,0,6,278,12,911,-9,0
74.4301,794,3096,4898,621,15,2049,16,12,12,13,0,0,0,0,0,0,2417,0,0,0,0,0,0,1785,2820,7,0,6,285,12,918,-24,0
74.5227,794,3096,4898,716,15,2049,16,12,13,12,0,0,0,0,0,0,2443,0,0,0,0,0,0,1848,2909,7,0,6,291,12,956,10,0
74.6177,794,3096,4898,806,15,2049,16,11,12,12,0,0,0,0,0,0,2443,0,0,0,0,0,0,1791,2847,7,0,6,275,12,874,2,0
74.7128,794,3096,4898,901,15,2049,16,11,13,12,0,0,0,0,0,0,2430,0,0,0,0,0,0,1807,2874,7,0,6,271,12,880,6,0
74.8078,794,3096,4898,996,15,2049,16,11,12,12,0,0,0,0,0,0,2436,0,0,0,0,0,0,1810,2792,7,0,6,280,12,884,17,0
74.9031,794,3096,5154,91,15,2049,16,11,12,12,0,0,0,0,0,0,2424,0,0,0,0,0,0,1749,2787,7,0,6,288,12,905,-12,0
74.9957,794,3096,5154,186,15,2049,15,12,11,12,0,0,0,0,0,0,2436,0,0,0,0,0,0,1760,2856,7,0,7,274,12,917,-101,0
75.0873,794,3096,5154,276,15,2049,15,12,11,12,0,0,0,0,0,0,2443,0,0,0,0,0,0,1760,2856,7,0,7,274,12,917,-101,0
75.1828,794,3096,5154,371,15,2049,15,12,12,12,0,0,0,0,0,0,2455,0,0,0,0,0,0,1816,2877,7,0,7,274,12,958,-61,0
75.2741,794,3096,5154,466,15,2049,15,13,12,12,0,0,0,0,0,0,2417,0,0,0,0,0,0,1988,3108,7,0,7,285,13,1106,69,0
75.3655,794,3096,5154,556,15,2049,15,12,13,13,0,0,0,0,0,0,2430,0,0,0,0,0,0,1896,2956,7,0,7,288,13,992,27,0
75.4569,794,3096,5154,646,15,2049,15,13,14,13,0,0,0,0,0,0,2455,0,0,0,0,0,0,1900,2988,7,0,7,288,13,986,-13,0
75.5515,794,3096,5154,741,15,2049,15,13,12,13,0,0,0,0,0,0,2436,0,0,0,0,0,0,1916,3077,7,0,7,279,13,994,20,0
75.6444,794,3096,5154,831,15,2049,15,13,12,13,0,0,0,0,0,0,2455,0,0,0,0,0,0,1883,3015,7,0,7,284,13,961,25,0
75.7380,794,3096,5154,926,15,2049,15,12,11,12,0,0,0,0,0,0,2430,0,0,0,0,0,0,1810,2940,7,0,7,274,13,911,-23,0
75.8370,794,3096,5410,21,14,2049,15,11,12,12,0,0,0,0,0,0,2430,0,0,0,0,0,0,1767,2793,7,0,7,268,12,847,-58,0
75.9318,794,3096,5410,121,14,2049,15,12,12,12,0,0,0,0,0,0,2436,0,0,0,0,0,0,1877,2988,7,0,7,271,13,954,-1,0
76.0265,794,3096,5410,211,14,2049,15,12,11,13,0,0,0,0,0,0,2430,0,0,0,0,0,0,1855,2943,7,0,7,281,13,977,7,0
76.1184,794,3096,5410,306,14,2049,15,12,11,13,0,0,0,0,0,0,2430,0,0,0,0,0,0,1869,2986,7,0,7,281,13,967,-15,0
76.2112,794,3096,5410,396,14,2049,15,12,13,12,0,0,0,0,0,0,2443,0,0,0,0,0,0,1864,2918,7,0,7,285,13,951,10,0
76.3039,794,3096,5410,491,14,2049,15,12,13,12,0,0,0,0,0,0,2436,0,0,0,0,0,0,1797,2895,7,0,7,282,12,939,13,0
76.3967,794,3096,5410,581,14,2049,15,11,12,12,0,0,0,0,0,0,2443,0,0,0,0,0,0,1749,2902,7,0,6,283,12,933,-44,0
76.4894,794,3096,5410,676,14,2049,15,12,12,12,0,0,0,0,0,0,2455,0,0,0,0,0,0,1824,2958,7,0,6,286,12,966,31,0
76.5821,794,3096,5410,766,14,2049,15,12,12,12,0,0,0,0,0,0,2443,0,0,0,0,0,0,1796,2863,7,0,7,282,12,901,35,0
76.6748,794,3096,5410,861,14,2049,15,12,12,12,0,0,0,0,0,0,2436,0,0,0,0,0,0,1796,2863,7,0,7,282,12,901,35,0
76.7672,794,3096,5410,951,14,2049,15,11,13,12,0,0,0,0,0,0,2430,0,0,0,0,0,0,1759,2782,7,0,7,280,12,844,42,0
76.8600,794,3096,5666,46,14,2049,15,12,13,12,0,0,0,0,0,0,2430,0,0,0,0,0,0,1836,2837,7,0,7,292,13,922,7,0
76.9529,794,3096,5666,136,14,2049,15,11,12,12,0,0,0,0,0,0,2430,0,0,0,0,0,0,1762,2786,7,0,7,289,12,888,37,0
77.0460,794,3096,5666,231,14,2049,15,10,11,12,0,0,0,0,0,0,2443,0,0,0,0,0,0,1717,2752,7,0,6,276,11,831,-4,0
77.1393,794,3096,5666,321,14,2049,15,11,12,12,0,0,0,0,0,0,2430,0,0,0,0,0,0,1721,2857,7,0,6,275,12,844,-60,0
77.2320,794,3096,5666,416,14,2049,15,11,12,12,0,0,0,0,0,0,2443,0,0,0,0,0,0,1768,3030,7,0,6,275,12,863,76,0
77.3247,794,3096,5666,506,14,2049,15,11,12,12,0,0,0,0,0,0,2443,0,0,0,0,0,0,1797,2919,7,0,6,275,12,879,0,0
77.4170,794,3096,5666,601,14,2049,15,12,12,11,0,0,0,0,0,0,2436,0,0,0,0,0,0,1888,2976,7,0,6,292,13,975,-60,0
77.5097,794,3096,5666,691,14,2049,14,12,12,12,0,0,0,0,0,0,2436,0,0,0,0,0,0,1874,2930,7,0,6,291,12,956,8,0
77.6028,794,3096,5666,786,14,2049,14,12,12,11,0,0,0,0,0,0,2468,0,0,0,0,0,0,1944,2957,7,0,6,284,13,1023,64,0
77.6942,794,3096,5666,876,14,2049,14,12,13,12,0,0,0,0,0,0,2430,0,0,0,0,0,0,1856,2959,7,0,7,287,13,976,-7,0
77.7854,794,3096,5666,971,14,2049,14,12,12,13,0,0,0,0,0,0,2436,0,0,0,0,0,0,1830,3016,7,0,7,290,12,988,35,0
77.8776,794,3096,5922,61,14,2049,14,12,12,12,0,0,0,0,0,0,2430,0,0,0,0,0,0,1825,2887,7,0,7,290,12,942,67,0
77.9703,794,3096,5922,151,14,2049,14,12,12,12,0,0,0,0,0,0,2436,0,0,0,0,0,0,1825,2887,7,0,7,290,12,942,67,0
78.0631,794,3096,5922,246,14,2049,14,12,12,12,0,0,0,0,0,0,2436,0,0,0,0,0,0,1799,2892,7,0,7,291,12,900,114,0
78.1561,794,3096,5922,336,14,2049,14,11,12,13,0,0,0,0,0,0,2443,0,0,0,0,0,0,1720,2855,7,0,7,279,12,808,45,0
78.2487,794,3096,5922,426,14,2049,14,11,12,13,0,0,0,0,0,0,2436,0,0,0,0,0,0,1725,2990,7,0,7,279,12,868,-63,0
78.3414,794,3096,5922,521,14,2049,14,11,12,13,0,0,0,0,0,0,2443,0,0,0,0,0,0,1785,2824,7,0,7,275,12,891,34,0
78.4339,794,3096,5922,611,14,2049,14,12,12,13,0,0,0,0,0,0,2430,0,0,0,0,0,0,1832,2928,7,0,7,281,12,945,45,0
78.5267,794,3096,5922,706,14,2049,14,13,12,13,0,0,0,0,0,0,2455,0,0,0,0,0,0,1862,3150,7,0,7,276,13,953,30,0
78.6194,794,3096,5922,801,14,2049,14,12,13,14,0,0,0,0,0,0,2436,0,0,0,0,0,0,1771,2981,7,0,7,278,12,940,-52,0
78.7126,794,3096,5922,891,14,2049,14,12,13,13,0,0,0,0,0,0,2455,0,0,0,0,0,0,1820,2877,7,0,7,301,12,952,-32,0
78.8047,794,3096,5922,986,14,2049,14,12,12,12,0,0,0,0,0,0,2462,0,0,0,0,0,0,1798,2898,7,0,6,295,12,939,68,0
78.8967,794,3096,6178,76,14,2049,14,11,11,13,0,0,0,0,0,0,2436,0,0,0,0,0,0,1759,2928,7,0,7,273,12,856,51,0
78.9886,794,3096,6178,166,14,2049,14,12,11,11,0,0,0,0,0,0,2443,0,0,0,0,0,0,1864,3026,7,0,6,276,13,950,79,0
79.0802,794,3096,6178,261,14,2049,14,12,12,12,0,0,0,0,0,0,2430,0,0,0,0,0,0,1850,3070,7,0,7,271,13,925,86,0
79.1719,794,3096,6178,351,14,2049,14,12,12,12,0,0,0,0,0,0,2430,0,0,0,0,0,0,1860,3013,7,0,7,271,13,931,71,0
79.2636,794,3096,6178,441,14,2049,14,12,12,12,0,0,0,0,0,0,2436,0,0,0,0,0,0,1834,2995,7,0,7,276,12,929,-74,0
79.3552,794,3096,6178,531,14,2049,14,12,12,12,0,0,0,0,0,0,2443,0,0,0,0,0,0,1834,2995,7,0,7,276,12,929,-74,0
79.4473,794,3096,6178,626,14,2049,14,11,11,12,0,0,0,0,0,0,2455,0,0,0,0,0,0,1763,2892,7,0,6,272,12,891,-15,0
79.5424,794,3096,6178,716,14,2049,14,12,12,12,0,0,0,0,0,0,2436,0,0,0,0,0,0,1850,2968,7,0,7,278,12,952,-49,0
79.6380,794,3096,6178,811,14,2049,14,12,13,13,0,0,0,0,0,0,2436,0,0,0,0,0,0,1798,2850,7,0,7,291,12,976,14,0
79.7296,794,3096,6178,906,14,2049,14,12,12,13,0,0,0,0,0,0,2436,0,0,0,0,0,0,1927,3114,7,0,7,279,13,1051,49,0
79.8223,794,3096,6178,996,14,2049,14,12,11,12,0,0,0,0,0,0,2430,0,0,0,0,0,0,1846,3000,7,0,6,285,12,1025,23,0
79.9153,794,3096,6434,91,14,2049,14,12,13,13,0,0,0,0,0,0,2430,0,0,0,0,0,0,1828,2866,7,0,7,292,12,1012,-6,0
80.0079,794,3096,6434,186,14,2049,14,12,11,13,0,0,0,0,0,0,2436,0,0,0,0,0,0,1748,2783,7,0,7,295,12,970,-100,0
80.1009,794,3096,6434,276,14,2049,14,12,11,12,0,0,0,0,0,0,2430,0,0,0,0,0,0,1795,2901,7,0,7,290,12,949,-16,0
80.1939,794,3096,6434,366,14,2049,14,13,12,12,0,0,0,0,0,0,2443,0,0,0,0,0,0,1864,3019,7,0,7,281,13,976,-15,0
80.2867,794,3096,6434,461,14,2049,14,13,12,12,0,0,0,0,0,0,2455,0,0,0,0,0,0,1913,3192,7,0,7,280,13,1024,-24,0
80.3793,794,3096,6434,551,14,2049,14,12,11,13,0,0,0,0,0,0,2443,0,0,0,0,0,0,1830,2944,7,0,7,273,13,916,25,0
80.4720,794,3096,6434,646,14,2049,14,12,12,12,0,0,0,0,0,0,2443,0,0,0,0,0,0,1826,2864,7,0,7,267,13,899,-62,0
80.5644,794,3096,6434,736,14,2049,14,13,13,13,0,0,0,0,0,0,2436,0,0,0,0,0,0,1883,3189,7,0,7,268,13,954,-94,0
80.6572,794,3096,6434,831,14,2049,14,14,13,12,0,0,0,0,0,0,2443,0,0,0,0,0,0,2046,3323,7,0,7,283,14,1130,53,0
80.7497,794,3096,6434,921,14,2049,14,14,13,12,0,0,0,0,0,0,2455,0,0,0,0,0,0,2046,3323,7,0,7,283,14,1130,53,0
80.8432,794,3096,6690,16,14,2049,13,13,13,12,0,0,0,0,0,0,2462,0,0,0,0,0,0,1926,3236,7,0,7,289,13,1065,-29,0
80.9361,794,3096,6690,106,14,2049,13,13,13,12,0,0,0,0,0,0,2474,0,0,0,0,0,0,1884,3091,7,0,7,279,13,985,-7,0
81.0287,794,3096,6690,201,14,2049,13,12,13,12,0,0,0,0,0,0,2455,0,0,0,0,0,0,1830,2963,7,0,7,278,13,957,21,0
81.1212,794,3096,6690,291,14,2049,13,12,12,11,0,0,0,0,0,0,2462,0,0,0,0,0,0,1833,2891,7,0,7,279,13,931,18,0
81.2153,794,3096,6690,381,14,2049,13,12,11,12,0,0,0,0,0,0,2436,0,0,0,0,0,0,1808,2821,7,0,7,280,12,893,34,0
81.3084,794,3096,6690,476,14,2049,13,11,12,13,0,0,0,0,0,0,2462,0,0,0,0,0,0,1776,2844,7,0,7,280,12,874,-4,0
81.4012,794,3096,6690,571,14,2049,13,12,11,12,0,0,0,0,0,0,2443,0,0,0,0,0,0,1734,2916,7,0,6,285,12,973,-105,0
81.4940,794,3096,6690,661,14,2049,13,12,12,12,0,0,0,0,0,0,2436,0,0,0,0,0,0,1763,2873,7,0,7,277,12,915,-16,0
81.5867,794,3096,6690,756,14,2049,13,11,12,13,0,0,0,0,0,0,2443,0,0,0,0,0,0,1761,2747,7,0,6,286,12,874,5,0
81.6795,794,3096,6690,846,14,2049,13,12,11,12,0,0,0,0,0,0,2462,0,0,0,0,0,0,1882,2847,7,0,7,284,13,977,61,0
81.7724,794,3096,6690,941,14,2049,13,12,12,12,0,0,0,0,0,0,2455,0,0,0,0,0,0,1836,2838,7,0,7,286,12,921,49,0
81.8649,794,3096,6946,31,14,2049,13,53,16,115,0,0,0,0,0,0,2424,0,0,0,0,0,0,3656,8598,7,0,9,709,38,3821,501,0
81.9576,794,3096,6946,126,14,2049,13,33,14,65,0,0,0,0,0,0,2436,0,0,0,0,0,0,2746,5847,7,0,8,504,25,2410,263,0
82.0517,794,3096,6946,216,14,2049,13,23,14,39,0,0,0,0,0,0,2430,0,0,0,0,0,0,2236,4378,7,0,7,399,18,1742,59,0
82.1443,794,3096,6946,311,14,2049,13,17,13,25,0,0,0,0,0,0,2436,0,0,0,0,0,0,1998,3686,7,0,7,342,15,1334,22,0
82.2373,794,3096,6946,401,14,2049,13,17,13,25,0,0,0,0,0,0,2424,0,0,0,0,0,0,1998,3686,7,0,7,342,15,1334,22,0
82.3297,794,3096,6946,496,14,2049,13,15,14,18,0,0,0,0,0,0,2424,0,0,0,0,0,0,1874,3383,7,0,7,310,13,1203,-49,0
82.4224,794,3096,6946,586,14,2049,14,259,83,779,0,0,0,0,0,0,2455,0,0,0,0,0,0,4216,12608,7,0,22,1195,133,7346,-50,0
82.5150,794,3096,6946,681,14,2049,14,142,49,414,0,0,0,0,0,0,2430,0,0,0,0,0,0,3549,9027,7,0,15,836,77,4766,251,0
82.6082,794,3096,6946,771,14,2049,14,78,31,213,0,0,0,0,0,0,2430,0,0,0,0,0,0,2700,6200,7,0,11,560,45,2954,81,0
82.7012,794,3096,6946,866,14,2049,14,44,21,113,0,0,0,0,0,0,2436,0,0,0,0,0,0,2253,4427,7,0,9,425,29,1917,54,0
82.7946,794,3096,6946,961,14,2049,14,28,17,62,0,0,0,0,0,0,2455,0,0,0,0,0,0,1996,3682,7,0,8,349,20,1386,3,0
82.8877,794,3096,7202,51,14,2049,14,53,31,256,0,0,0,0,0,0,2468,0,0,0,0,0,0,4424,25804,7,0,8,497,38,4169,1809,0
82.9805,794,3096,7202,146,14,2049,14,39,22,156,0,0,0,0,0,0,2443,0,0,0,0,0,0,3482,15542,7,0,7,476,28,3079,708,0
83.0735,794,3096,7202,236,14,2049,14,27,19,84,0,0,0,0,0,0,2430,0,0,0,0,0,0,2698,9347,7,0,7,384,20,2113,286,0
83.1665,794,3096,7202,331,14,2049,14,19,15,48,0,0,0,0,0,0,2417,0,0,0,0,0,0,2221,6159,7,0,7,330,16,1481,45,0
83.2591,794,3096,7202,426,14,2049,14,16,13,31,5,0,0,0,0,0,2417,0,0,0,148,355,807,2009,4597,7,0,7,307,14,1240,4,0
83.3515,794,3096,7202,516,14,2049,14,14,13,22,0,0,0,0,0,0,2462,0,0,0,0,0,0,2044,3823,7,0,7,295,14,1201,119,0
83.4457,794,3096,7202,611,14,2049,14,57,20,186,0,0,0,0,0,0,2424,0,0,0,0,0,0,3591,9371,7,0,9,700,37,3688,572,0
83.5367,794,3096,7202,701,14,2049,14,35,17,106,0,0,0,0,0,0,2436,0,0,0,0,0,0,2799,6033,7,0,8,528,25,2409,326,0
83.6288,794,3096,7202,796,14,2049,14,35,17,106,0,0,0,0,0,0,2417,0,0,0,0,0,0,2799,6033,7,0,8,528,25,2409,326,0
83.7207,794,3096,7202,886,14,2049,14,23,14,59,0,0,0,0,0,0,2455,0,0,0,0,0,0,2276,4383,7,0,7,412,18,1668,162,0
83.8124,794,3096,7202,976,14,2049,14,18,14,35,0,0,0,0,0,0,2443,0,0,0,0,0,0,2039,3647,7,0,7,346,15,1334,36,0
83.9039,794,3096,7458,71,14,2049,14,15,13,24,0,0,0,0,0,0,2430,0,0,0,0,0,0,1883,3095,7,0,7,326,13,1167,-46,0
83.9959,794,3096,7458,161,14,2049,14,170,34,393,0,0,0,0,0,0,2436,0,0,0,0,0,0,4564,19956,7,0,15,1220,91,8293,319,0
84.0879,794,3096,7458,256,14,2049,14,142,53,272,0,0,0,0,0,0,2424,0,0,0,0,0,0,5044,15747,7,0,13,1199,77,8243,-386,0
84.1802,794,3096,7458,346,14,2049,14,78,32,144,0,0,0,0,0,0,2417,0,0,0,0,0,0,3410,9330,7,0,10,764,45,4729,-253,0
84.2723,794,3096,7458,436,14,2049,14,45,22,79,42,0,0,0,0,0,2436,3,0,0,281,1081,222,2587,6214,7,0,8,530,28,2864,-149,0
84.3685,794,3096,7458,531,14,2049,14,29,17,47,31,0,0,0,0,0,2455,2,0,0,281,1081,222,2186,4661,7,0,7,413,20,1969,-121,0
84.4612,794,3096,7458,626,14,2049,14,21,15,29,0,0,0,0,0,0,2443,0,0,0,0,0,0,2024,3864,7,0,7,350,16,1521,5,0
84.5541,794,3096,7458,721,14,2049,14,79,28,309,0,0,0,0,0,0,2424,0,0,0,0,0,0,3740,8596,7,0,11,887,53,4681,679,0
84.6466,794,3096,7458,811,14,2049,14,48,20,169,0,0,0,0,0,0,2443,0,0,0,0,0,0,2921,5969,7,0,9,634,34,2964,469,0
84.7417,794,3096,7458,906,14,2049,14,30,16,92,0,0,0,0,0,0,2436,0,0,0,0,0,0,2522,4488,7,0,8,467,24,2091,325,0
84.8332,794,3096,7714,1,14,2049,14,22,14,52,0,0,0,0,0,0,2455,0,0,0,0,0,0,2266,3849,7,0,7,388,19,1597,185,0
84.9248,794,3096,7714,91,14,2049,14,17,13,32,0,0,0,0,0,0,2424,0,0,0,0,0,0,2071,3379,7,0,7,337,16,1274,86,0
85.0212,794,3096,7714,181,14,2049,14,114,25,239,0,0,0,0,0,0,2430,0,0,0,0,0,0,4101,10569,7,0,13,978,68,5607,445,0
85.1134,794,3096,7714,281,14,2049,14,66,19,136,0,0,0,0,0,0,2436,0,0,0,0,0,0,3097,6652,7,0,10,715,42,3452,289,0
85.2062,794,3096,7714,371,14,2049,14,39,15,75,0,0,0,0,0,0,2455,0,0,0,0,0,0,2415,4631,7,0,8,504,27,2190,161,0
85.2980,794,3096,7714,466,14,2049,14,24,14,44,5,0,0,0,0,0,2436,0,0,0,804,370,1231,2091,3653,7,0,7,391,19,1511,90,0
85.3897,794,3096,7714,556,14,2049,14,17,12,28,0,0,0,0,0,0,2455,0,0,0,0,0,0,1860,3166,7,0,7,324,15,1115,3,0
85.4813,794,3096,7714,646,14,2049,14,13,12,20,0,0,0,0,0,0,2430,0,0,0,0,0,0,1820,2848,7,0,7,306,13,983,7,0
85.5731,794,3096,7714,741,14,2049,15,137,28,312,0,0,0,0,0,0,2424,0,0,0,0,0,0,4202,11328,7,0,16,1020,90,6168,999,0
85.6647,794,3096,7714,831,14,2049,15,75,21,166,0,0,0,0,0,0,2443,0,0,0,0,0,0,3052,6932,7,0,11,685,51,3621,513,0
85.7561,794,3096,7714,921,14,2049,15,45,16,90,0,0,0,0,0,0,2455,0,0,0,0,0,0,2491,5051,7,0,9,495,32,2382,220,0
85.8478,794,3096,7970,16,14,2049,15,28,14,52,0,0,0,0,0,0,2455,0,0,0,0,0,0,2151,3959,7,0,8,397,22,1636,92,0
85.9399,794,3096,7970,106,14,2049,15,67,17,167,0,0,0,0,0,0,2430,0,0,0,0,0,0,3618,9310,7,0,10,823,43,4102,379,0
86.0315,794,3096,7970,196,14,2049,15,45,15,107,0,0,0,0,0,0,2462,0,0,0,0,0,0,2949,6075,7,0,9,715,31,2880,363,0
86.1234,794,3096,7970,291,14,2049,15,30,15,61,0,0,0,0,0,0,2424,0,0,0,0,0,0,2431,4509,7,0,8,512,22,1975,217,0
86.2157,794,3096,7970,381,14,2049,15,21,13,38,0,0,0,0,0,0,2424,0,0,0,0,0,0,2086,3724,7,0,7,399,17,1451,-42,0
86.3082,794,3096,7970,471,14,2049,15,15,12,25,0,0,0,0,0,0,2436,0,0,0,0,0,0,1842,3257,7,0,7,333,14,1153,-102,0
86.4010,794,3096,7970,566,14,2049,15,12,11,17,0,0,0,0,0,0,2430,0,0,0,0,0,0,1720,2981,7,0,7,290,12,927,-58,0
86.4941,794,3096,7970,661,14,2049,15,13,12,15,0,0,0,0,0,0,2430,0,0,0,0,0,0,1919,3090,7,0,7,276,13,1058,-19,0
86.5871,794,3096,7970,751,14,2049,15,33,13,83,0,0,0,0,0,0,2443,0,0,0,0,0,0,3002,5992,7,0,8,549,25,2535,355,0
86.6800,794,3096,7970,846,14,2049,15,25,13,49,0,0,0,0,0,0,2436,0,0,0,0,0,0,2534,4701,7,0,7,434,19,1875,187,0
86.7729,794,3096,7970,936,14,2049,15,18,13,31,0,0,0,0,0,0,2424,0,0,0,0,0,0,2191,3845,7,0,7,367,16,1402,144,0
86.8657,794,3096,8226,31,14,2049,15,15,13,21,0,0,0,0,0,0,2430,0,0,0,0,0,0,2011,3304,7,0,7,335,14,1164,37,0
86.9585,794,3096,8226,126,14,2049,15,14,13,17,0,0,0,0,0,0,2468,0,0,0,0,0,0,1887,3099,7,0,6,320,13,1082,-57,0
87.0524,794,3096,8226,216,14,2049,15,46,14,105,0,0,0,0,0,0,2443,0,0,0,0,0,0,3032,6245,7,0,9,678,30,2849,-33,0
87.1452,794,3096,8226,311,14,2049,15,29,13,63,0,0,0,0,0,0,2436,0,0,0,0,0,0,2378,4455,7,0,8,493,21,1852,-47,0
87.2380,794,3096,8226,401,14,2049,15,20,12,37,0,0,0,0,0,0,2430,0,0,0,0,0,0,2066,3687,7,0,7,388,16,1353,-98,0
87.3310,794,3096,8226,496,14,2049,15,16,11,25,0,0,0,0,0,0,2455,0,0,0,0,0,0,1946,3233,7,0,7,342,14,1176,-73,0
87.4241,794,3096,8226,591,14,2049,15,13,11,18,0,0,0,0,0,0,2455,0,0,0,0,0,0,1817,2908,7,0,6,331,12,1011,-75,0
87.5170,794,3096,8226,681,14,2049,15,31,12,134,0,0,0,0,0,0,2462,0,0,0,0,0,0,3389,13255,7,0,7,490,28,2955,1903,0
87.6099,794,3096,8226,776,14,2049,15,38,13,110,0,0,0,0,0,0,2430,0,0,0,0,0,0,3101,12046,7,0,7,628,25,3461,-206,0
87.7030,794,3096,8226,866,14,2049,15,24,11,62,0,0,0,0,0,0,2436,0,0,0,0,0,0,2404,7624,7,0,7,444,18,2160,-184,0
87.7954,794,3096,8226,961,14,2049,15,19,12,36,0,0,0,0,0,0,2462,0,0,0,0,0,0,2098,5391,7,0,7,366,15,1654,-144,0
87.8880,794,3096,8482,51,14,2049,14,15,12,25,0,0,0,0,0,0,2443,0,0,0,0,0,0,1971,4074,7,0,7,328,14,1287,-27,0
87.9812,794,3096,8482,146,14,2049,15,44,15,169,0,0,0,0,0,0,2443,0,0,0,0,0,0,3687,7924,7,0,8,627,34,3563,507,0
88.0743,794,3096,8482,241,14,2049,15,30,13,97,0,0,0,0,0,0,2436,0,0,0,0,0,0,2951,5799,7,0,7,477,25,2447,379,0
88.1673,794,3096,8482,331,14,2049,15,22,13,55,0,0,0,0,0,0,2424,0,0,0,0,0,0,2390,4541,7,0,7,389,18,1796,129,0
88.2600,794,3096,8482,426,14,2049,14,17,13,33,0,0,0,0,0,0,2424,0,0,0,0,0,0,2160,3762,7,0,7,342,16,1404,112,0
88.3522,794,3096,8482,516,14,2049,14,14,14,23,0,0,0,0,0,0,2462,0,0,0,0,0,0,1997,3224,7,0,7,319,14,1165,71,0
88.4455,794,3096,8482,611,14,2049,14,13,11,17,0,0,0,0,0,0,2424,0,0,0,0,0,0,1918,3096,7,0,6,303,13,1039,100,0
88.5384,794,3096,8482,701,14,2049,14,41,16,180,0,0,0,0,0,0,2436,0,0,0,0,0,0,4617,25123,7,0,7,508,37,4478,2636,0
88.6328,794,3096,8482,796,14,2049,14,47,17,150,0,0,0,0,0,0,2455,0,0,0,0,0,0,3871,16730,7,0,8,676,32,4363,799,0
88.7264,794,3096,8482,891,14,2049,14,29,14,82,0,0,0,0,0,0,2443,0,0,0,0,0,0,2836,9756,7,0,7,485,22,2620,418,0
88.8191,794,3096,8482,986,14,2049,14,20,13,47,0,0,0,0,0,0,2455,0,0,0,0,0,0,2299,6368,7,0,7,386,17,1773,227,0
88.9119,794,3096,8738,76,14,2049,14,16,12,30,0,0,0,0,0,0,2443,0,0,0,0,0,0,2008,4779,7,0,7,335,14,1422,37,0
89.0042,794,3096,8738,171,14,2049,14,15,12,21,0,0,0,0,0,0,2436,0,0,0,0,0,0,2014,3970,7,0,6,314,14,1263,90,0
89.0967,794,3096,8738,261,14,2049,15,72,17,139,0,0,0,0,0,0,2436,0,0,0,0,0,0,3664,8570,7,0,10,812,45,4201,442,0
89.1893,794,3096,8738,356,14,2049,14,44,16,82,0,0,0,0,0,0,2436,0,0,0,0,0,0,2922,5827,7,0,8,588,30,2760,270,0
89.2824,794,3096,8738,446,14,2049,14,28,14,48,0,0,0,0,0,0,2443,0,0,0,0,0,0,2344,4211,7,0,8,445,21,1844,133,0
89.3750,794,3096,8738,541,14,2049,14,20,14,30,0,0,0,0,0,0,2430,0,0,0,0,0,0,2115,3629,7,0,7,364,17,1401,123,0
89.4676,794,3096,8738,631,14,2049,14,15,12,22,0,0,0,0,0,0,2443,0,0,0,0,0,0,1898,3315,7,0,7,315,14,1128,14,0
89.5606,794,3096,8738,726,14,2049,14,14,12,17,0,0,0,0,0,0,2443,0,0,0,0,0,0,1869,3064,7,0,7,303,13,1064,-13,0
89.6530,794,3096,8738,816,14,2049,14,13,13,16,0,0,0,0,0,0,2455,0,0,0,0,0,0,1894,3098,7,0,6,293,13,1029,112,0
89.7482,794,3096,8738,911,14,2049,14,13,12,14,0,0,0,0,0,0,2455,0,0,0,0,0,0,1824,3149,7,0,6,293,12,1091,-83,0
89.8411,794,3096,8994,6,14,2049,14,12,13,13,0,0,0,0,0,0,2443,0,0,0,0,0,0,1862,3190,7,0,6,287,12,1032,21,0
89.9340,794,3096,8994,101,14,2049,14,12,13,13,0,0,0,0,0,0,2462,0,0,0,0,0,0,1822,3002,7,0,7,285,12,942,78,0
90.0267,794,3096,8994,191,14,2049,14,13,12,12,0,0,0,0,0,0,2455,0,0,0,0,0,0,1838,3192,7,0,6,290,12,1156,15,0
90.1199,794,3096,8994,286,14,2049,14,13,12,12,0,0,0,0,0,0,2443,0,0,0,0,0,0,1924,3158,7,0,6,286,13,1123,68,0
90.2132,794,3096,8994,376,14,2049,14,12,12,13,0,0,0,0,0,0,2443,0,0,0,0,0,0,1860,3114,7,0,6,280,12,1024,33,0
90.3059,794,3096,8994,471,14,2049,14,64,22,227,0,0,0,0,0,0,2443,0,0,0,0,0,0,4494,11789,7,0,9,699,49,4958,1138,0
90.3999,794,3096,8994,566,14,2049,14,39,17,123,11,0,0,0,0,0,2443,0,0,0,370,0,770,3228,7329,7,0,8,530,31,3022,614,0
90.4938,794,3096,8994,656,14,2049,14,25,16,67,8,0,0,0,0,0,2424,0,0,0,370,0,770,2478,5068,7,0,7,411,21,1939,255,0
90.5872,794,3096,8994,751,14,2049,14,25,16,67,8,0,0,0,0,0,2455,0,0,0,370,0,770,2478,5068,7,0,7,411,21,1939,255,0
90.6806,794,3096,8994,846,14,2049,14,19,15,40,7,0,0,0,0,0,2424,0,0,0,370,0,770,2151,4136,7,0,7,343,17,1469,88,0
90.7749,794,3096,8994,936,14,2049,14,15,13,25,0,0,0,0,0,0,2436,0,0,0,0,0,0,2026,3513,7,0,7,319,15,1226,70,0
90.8680,794,3096,9250,31,14,2049,14,13,13,19,0,0,0,0,0,0,2424,0,0,0,0,0,0,1884,3209,7,0,6,298,13,1017,61,0
90.9621,794,3096,9250,126,14,2049,14,12,13,17,0,0,0,0,0,0,2468,0,0,0,0,0,0,1757,3201,7,0,7,276,12,1043,-89,0
91.0557,794,3096,9250,221,14,2049,14,12,13,15,0,0,0,0,0,0,2443,0,0,0,0,0,0,1827,3065,7,0,7,278,12,1007,25,0
91.1482,794,3096,9250,311,14,2049,14,12,12,13,0,0,0,0,0,0,2443,0,0,0,0,0,0,1780,2944,7,0,7,283,12,967,-20,0
91.2410,794,3096,9250,406,14,2049,14,12,11,13,0,0,0,0,0,0,2436,0,0,0,0,0,0,1793,2860,7,0,7,294,12,928,-72,0
91.3339,794,3096,9250,496,14,2049,14,12,12,13,0,0,0,0,0,0,2424,0,0,0,0,0,0,1857,3058,7,0,6,290,12,963,36,0
91.4266,794,3096,9250,591,14,2049,14,12,12,12,0,0,0,0,0,0,2424,0,0,0,0,0,0,1808,2977,7,0,6,286,12,908,36,0
91.5190,794,3096,9250,681,14,2049,14,11,12,12,0,0,0,0,0,0,2430,0,0,0,0,0,0,1741,2896,7,0,6,281,12,845,-24,0
91.6124,794,3096,9250,776,14,2049,14,13,11,37,0,0,0,0,0,0,2424,0,0,0,0,0,0,1982,3131,7,0,6,306,13,1093,76,0
91.7050,794,3096,9250,866,14,2049,14,12,11,26,0,0,0,0,0,0,2436,0,0,0,0,0,0,1851,2932,7,0,6,294,12,941,105,0
91.7977,794,3096,9250,961,14,2049,14,12,12,19,0,0,0,0,0,0,2436,0,0,0,0,0,0,1847,2948,7,0,6,293,12,933,59,0
91.8903,794,3096,9506,51,14,2049,14,11,12,15,0,0,0,0,0,0,2430,0,0,0,0,0,0,1788,2919,7,0,6,293,12,929,-8,0
91.9832,794,3096,9506,146,14,2049,14,13,12,13,0,0,0,0,0,0,2436,0,0,0,0,0,0,1967,3180,7,0,6,285,13,1078,60,0
92.0759,794,3096,9506,236,14,2049,14,13,12,13,0,0,0,0,0,0,2462,0,0,0,0,0,0,1967,3180,7,0,6,285,13,1078,60,0
92.1684,794,3096,9506,331,14,2049,14,13,12,13,0,0,0,0,0,0,2436,0,0,0,0,0,0,1975,3015,7,0,7,289,13,1072,59,0
92.2611,794,3096,9506,421,14,2049,14,12,12,13,0,0,0,0,0,0,2436,0,0,0,0,0,0,1905,3047,7,0,6,287,13,990,108,0
92.3539,794,3096,9506,516,14,2049,14,13,12,12,0,0,0,0,0,0,2430,0,0,0,0,0,0,1907,2986,7,0,6,292,13,1069,47,0
92.4469,794,3096,9506,606,14,2049,14,165,116,742,0,0,0,0,0,0,2455,0,0,0,0,0,0,7580,-3329,7,0,15,1352,162,17339,5317,0
92.5402,794,3096,9506,696,14,2049,14,335,166,1414,0,0,0,0,0,0,2436,0,0,0,0,0,0,8507,-12296,7,0,20,1699,206,18435,246,0
92.6329,794,3096,9506,791,14,2049,14,175,89,716,0,0,0,0,0,0,2462,0,0,0,0,0,0,5223,28181,7,0,13,1005,109,9753,111,0
92.7256,794,3096,9506,886,14,2049,14,95,51,364,0,0,0,0,0,0,2443,0,0,0,0,0,0,3591,15753,7,0,10,649,61,5449,155,0
92.8181,794,3096,9506,976,14,2049,14,54,32,190,0,0,0,0,0,0,2430,0,0,0,0,0,0,2786,9438,7,0,8,465,37,3254,196,0
92.9104,794,3096,9762,71,14,2049,14,33,22,100,0,0,0,0,0,0,2430,0,0,0,0,0,0,2333,6200,7,0,7,367,25,2101,126,0
93.0031,794,3096,9762,161,14,2049,14,22,17,56,0,0,0,0,0,0,2443,0,0,0,0,0,0,2103,4513,7,0,7,322,19,1522,90,0
93.0959,794,3096,9762,256,14,2049,14,17,14,34,0,0,0,0,0,0,2443,0,0,0,0,0,0,2000,3660,7,0,7,309,16,1251,49,0
93.1889,794,3096,9762,346,14,2049,14,16,14,40,0,0,0,0,0,0,2443,0,0,0,0,0,0,1972,3513,7,0,7,310,15,1230,14,0
93.2816,794,3096,9762,441,14,2049,14,14,12,27,0,0,0,0,0,0,2430,0,0,0,0,0,0,1861,3228,7,0,7,298,13,1115,30,0
93.3742,794,3096,9762,531,14,2049,14,14,12,27,0,0,0,0,0,0,2455,0,0,0,0,0,0,1861,3228,7,0,7,298,13,1115,30,0
93.4671,794,3096,9762,621,14,2049,14,13,13,20,0,0,0,0,0,0,2417,0,0,0,0,0,0,1829,3130,7,0,7,290,13,1057,-10,0
93.5598,794,3096,9762,716,14,2049,14,13,12,16,0,0,0,0,0,0,2436,0,0,0,0,0,0,1779,2958,7,0,7,287,12,1028,39,0
93.6527,794,3096,9762,806,14,2049,14,12,12,14,0,0,0,0,0,0,2462,0,0,0,0,0,0,1758,2821,7,0,7,294,12,941,-41,0
93.7453,794,3096,9762,901,14,2049,14,12,13,14,0,0,0,0,0,0,2424,0,0,0,0,0,0,1740,2803,7,0,7,290,12,935,-46,0
93.8384,794,3096,9762,991,14,2049,14,13,13,13,0,0,0,0,0,0,2443,0,0,0,0,0,0,1832,2875,7,0,7,292,13,970,-63,0
93.9314,794,3096,10018,86,14,2049,14,12,12,12,0,0,0,0,0,0,2443,0,0,0,0,0,0,1837,2833,7,0,6,288,12,942,19,0
94.0243,794,3096,10018,176,14,2049,14,13,13,13,0,0,0,0,0,0,2455,0,0,0,0,0,0,1806,3216,7,0,7,283,12,1112,-18,0
94.1173,794,3096,10018,271,14,2049,14,13,12,13,0,0,0,0,0,0,2455,0,0,0,0,0,0,1842,3205,7,0,7,281,12,1031,-29,0
94.2101,794,3096,10018,366,14,2049,14,11,12,14,0,0,0,0,0,0,2443,0,0,0,0,0,0,1758,3022,7,0,7,280,12,907,-58,0
94.3051,794,3096,10018,456,14,2049,14,12,12,13,0,0,0,0,0,0,2430,0,0,0,0,0,0,1867,3027,7,0,7,287,13,983,-61,0
94.3999,794,3096,10018,551,14,2049,14,12,11,13,0,0,0,0,0,0,2468,0,0,0,0,0,0,1853,3051,7,0,7,281,13,946,-71,0
94.4947,794,3096,10018,646,14,2049,14,12,13,13,0,0,0,0,0,0,2436,0,0,0,0,0,0,1839,2876,7,0,6,289,12,935,-40,0
94.5863,794,3096,10018,736,14,2049,14,12,13,13,0,0,0,0,0,0,2436,0,0,0,0,0,0,1737,2971,7,0,7,283,12,967,-134,0
94.6822,794,3096,10018,831,14,2049,14,12,14,13,0,0,0,0,0,0,2443,0,0,0,0,0,0,1823,3123,7,0,6,286,12,983,-119,0
94.7773,794,3096,10018,926,14,2049,14,12,13,13,0,0,0,0,0,0,2436,0,0,0,0,0,0,1772,2975,7,0,7,287,12,956,-99,0
94.8706,794,3096,10274,21,14,2049,14,11,12,12,0,0,0,0,0,0,2430,0,0,0,0,0,0,1745,2938,7,0,7,276,12,871,-36,0
94.9636,794,3096,10274,116,14,2049,14,11,12,12,0,0,0,0,0,0,2455,0,0,0,0,0,0,1745,2938,7,0,7,276,12,871,-36,0
95.0564,794,3096,10274,206,14,2049,14,11,13,12,0,0,0,0,0,0,2455,0,0,0,0,0,0,1791,2943,7,0,6,272,12,887,30,0
95.1489,794,3096,10274,301,14,2049,14,12,13,13,0,0,0,0,0,0,2443,0,0,0,0,0,0,1768,2973,7,0,6,280,12,979,20,0
95.2414,794,3096,10274,391,14,2049,14,12,13,13,0,0,0,0,0,0,2462,0,0,0,0,0,0,1794,2937,7,0,6,289,12,939,47,0
95.3339,794,3096,10274,486,14,2049,14,11,12,12,0,0,0,0,0,0,2436,0,0,0,0,0,0,1782,2828,7,0,6,275,12,884,16,0
95.4266,794,3096,10274,576,14,2049,14,12,13,11,0,0,0,0,0,0,2430,0,0,0,0,0,0,1807,2818,7,0,6,288,12,942,13,0
95.5191,794,3096,10274,666,14,2049,13,12,12,12,0,0,0,0,0,0,2436,0,0,0,0,0,0,1813,2896,7,0,6,297,12,1047,-40,0
95.6119,794,3096,10274,761,14,2049,13,12,11,12,0,0,0,0,0,0,2436,0,0,0,0,0,0,1849,2977,7,0,6,286,12,1000,12,0
95.7082,794,3096,10274,851,14,2049,13,12,11,12,0,0,0,0,0,0,2443,0,0,0,0,0,0,1830,2894,7,0,6,288,12,964,48,0
95.8011,794,3096,10274,951,14,2049,13,11,12,12,0,0,0,0,0,0,2443,0,0,0,0,0,0,1790,2810,7,0,6,288,12,893,60,0
95.8948,794,3096,10530,41,15,2049,15,867,289,2740,0,0,0,0,0,0,2455,0,0,0,0,0,0,4479,17044,7,6,62,1530,430,10469,-235,0
95.9868,794,3096,10530,136,15,2049,15,461,162,1424,0,0,0,0,0,0,2455,0,0,0,0,0,0,4255,11546,7,3,36,1232,235,7365,377,0
96.0791,794,3096,10530,226,15,2049,15,241,87,729,0,0,0,0,0,0,2455,0,0,0,0,0,0,3381,7713,7,1,21,802,127,4519,289,0
96.1708,794,3096,10530,321,15,2049,15,127,50,370,0,0,0,0,0,0,2455,0,0,0,0,0,0,2678,5335,7,0,14,548,70,2789,130,0
96.2636,794,3096,10530,411,15,2049,15,69,31,192,0,0,0,0,0,0,2455,0,0,0,0,0,0,2266,4064,7,0,10,421,41,1861,102,0
96.3562,794,3096,10530,506,15,2049,15,41,21,103,0,0,0,0,0,0,2430,0,0,0,0,0,0,2084,3464,7,0,8,358,27,1422,48,0
96.4510,794,3096,10530,596,15,2049,15,41,21,103,11,0,0,0,0,0,2443,0,0,0,797,720,784,2084,3464,7,0,8,358,27,1422,48,0
96.5435,794,3096,10530,691,15,2049,15,12,12,16,0,0,0,0,0,0,2462,0,0,0,0,0,0,1729,2752,7,0,7,278,13,832,62,0
96.6362,794,3096,10530,786,15,2049,15,12,12,16,0,0,0,0,0,0,2462,0,0,0,0,0,0,1729,2752,7,0,7,278,13,832,62,0
96.7315,794,3096,10530,876,15,2049,15,11,12,14,0,0,0,0,0,0,2436,0,0,0,0,0,0,1765,2797,7,0,6,284,12,853,72,0
96.8270,794,3096,10530,971,14,2049,15,12,12,13,0,0,0,0,0,0,2430,0,0,0,0,0,0,1855,2905,7,0,7,284,13,938,49,0
96.9197,794,3096,10786,66,14,2049,15,12,15,13,0,0,0,0,0,0,2430,0,0,0,0,0,0,1812,2877,7,0,7,284,12,933,24,0
97.0126,794,3096,10786,161,14,2049,15,12,13,13,0,0,0,0,0,0,2455,0,0,0,0,0,0,1770,2986,7,0,7,279,12,966,0,0
97.1058,794,3096,10786,251,14,2049,15,12,13,12,0,0,0,0,0,0,2468,0,0,0,0,0,0,1831,2981,7,0,7,281,12,966,17,0
97.1986,794,3096,10786,346,14,2049,15,12,13,12,0,0,0,0,0,0,2443,0,0,0,0,0,0,1795,2939,7,0,7,278,12,896,32,0
97.2913,794,3096,10786,441,14,2049,15,13,13,12,0,0,0,0,0,0,2443,0,0,0,0,0,0,1874,3207,7,0,7,285,13,965,1,0
97.3841,794,3096,10786,531,14,2049,15,13,12,13,0,0,0,0,0,0,2430,0,0,0,0,0,0,1888,3191,7,0,7,287,13,1019,-67,0
97.4772,794,3096,10786,621,14,2049,15,12,13,13,0,0,0,0,0,0,2455,0,0,0,0,0,0,1804,3048,7,0,7,286,12,938,-123,0
97.5701,794,3096,10786,716,14,2049,15,13,12,13,0,0,0,0,0,0,2430,0,0,0,0,0,0,1818,2974,7,0,7,292,12,1005,-93,0
97.6630,794,3096,10786,806,14,2049,15,13,12,13,0,0,0,0,0,0,2430,0,0,0,0,0,0,1872,2986,7,0,7,288,13,1003,54,0
97.7557,794,3096,10786,901,14,2049,15,12,13,14,0,0,0,0,0,0,2455,0,0,0,0,0,0,1836,3009,7,0,7,281,12,935,-47,0
97.8495,794,3096,10786,991,14,2049,15,13,12,13,0,0,0,0,0,0,2455,0,0,0,0,0,0,1782,3233,7,0,7,285,12,1111,-142,0
97.9430,794,3096,11042,86,14,2049,15,12,12,14,0,0,0,0,0,0,2443,0,0,0,0,0,0,1799,2971,7,0,7,292,12,1004,-48,0
98.0347,794,3096,11042,181,14,2049,14,12,12,13,0,0,0,0,0,0,2462,0,0,0,0,0,0,1765,2939,7,0,7,292,12,1038,-88,0
98.1260,794,3096,11042,271,14,2049,14,12,12,13,0,0,0,0,0,0,2462,0,0,0,0,0,0,1765,2939,7,0,7,292,12,1038,-88,0
98.2178,794,3096,11042,366,14,2049,14,13,13,13,0,0,0,0,0,0,2436,0,0,0,0,0,0,1755,2963,7,0,7,287,12,1091,-52,0
98.3097,794,3096,11042,456,14,2049,14,12,12,12,0,0,0,0,0,0,2462,0,0,0,0,0,0,1769,2895,7,0,7,283,12,974,-5,0
98.4012,794,3096,11042,546,14,2049,14,12,12,13,0,0,0,0,0,0,2436,0,0,0,0,0,0,1865,2956,7,0,7,285,13,1007,47,0
98.4968,794,3096,11042,636,14,2049,14,13,12,13,0,0,0,0,0,0,2455,0,0,0,0,0,0,1904,2988,7,0,7,286,13,1014,71,0
98.5882,794,3096,11042,731,14,2049,14,12,11,14,0,0,0,0,0,0,2443,0,0,0,0,0,0,1868,3051,7,0,7,280,13,957,28,0
98.6835,794,3096,11042,821,14,2049,14,12,12,12,0,0,0,0,0,0,2455,0,0,0,0,0,0,1887,3087,7,0,7,281,13,969,-72,0
98.7789,794,3096,11042,916,14,2049,14,12,11,12,0,0,0,0,0,0,2443,0,0,0,0,0,0,1877,3038,7,0,7,284,13,956,-52,0
98.8711,794,3096,11298,11,14,2049,14,12,12,13,0,0,0,0,0,0,2443,0,0,0,0,0,0,1834,2955,7,0,7,284,12,942,-28,0
98.9641,794,3096,11298,106,14,2049,14,12,13,12,0,0,0,0,0,0,2455,0,0,0,0,0,0,1836,3033,7,0,7,279,13,924,7,0
99.0573,794,3096,11298,196,14,2049,14,12,12,12,0,0,0,0,0,0,2443,0,0,0,0,0,0,1840,2938,7,0,7,280,13,920,-9,0
99.1501,794,3096,11298,291,14,2049,14,11,11,12,0,0,0,0,0,0,2430,0,0,0,0,0,0,1784,2842,7,0,7,279,12,856,-51,0
99.2430,794,3096,11298,386,14,2049,14,10,13,13,0,0,0,0,0,0,2443,0,0,0,0,0,0,1749,2710,7,0,7,274,12,816,41,0
99.3355,794,3096,11298,476,14,2049,14,11,12,13,0,0,0,0,0,0,2462,0,0,0,0,0,0,1768,2731,7,0,7,285,12,841,17,0
99.4281,794,3096,11298,571,14,2049,14,12,12,13,0,0,0,0,0,0,2436,0,0,0,0,0,0,1886,2833,7,0,7,291,13,966,127,0
99.5206,794,3096,11298,661,14,2049,14,12,12,12,0,0,0,0,0,0,2443,0,0,0,0,0,0,1901,2905,7,0,7,285,13,978,94,0
99.6131,794,3096,11298,751,14,2049,14,12,12,12,0,0,0,0,0,0,2430,0,0,0,0,0,0,1901,2905,7,0,7,285,13,978,94,0
99.7067,794,3096,11298,846,14,2049,14,12,12,12,0,0,0,0,0,0,2443,0,0,0,0,0,0,2006,3031,7,0,7,287,14,1087,129,0
99.7989,794,3096,11298,936,14,2049,14,12,13,13,0,0,0,0,0,0,2455,0,0,0,0,0,0,1951,2996,7,0,6,280,13,1027,37,0
99.8938,794,3096,11554,31,14,2049,14,12,13,12,0,0,0,0,0,0,2455,0,0,0,0,0,0,1831,2926,7,0,7,272,12,943,-71,0
99.9862,794,3096,11554,126,14,2049,14,12,13,13,0,0,0,0,0,0,2462,0,0,0,0,0,0,1890,3008,7,0,7,285,13,989,22,0
100.0788,794,3096,11554,216,14,2049,14,12,14,15,0,0,0,0,0,0,2443,0,0,0,0,0,0,1871,3045,7,0,7,290,13,959,-7,0
100.1717,794,3096,11554,311,14,2049,14,13,12,14,0,0,0,0,0,0,2430,0,0,0,0,0,0,1866,3136,7,0,7,284,13,1051,-2,0
100.2648,794,3096,11554,401,14,2049,14,13,13,13,0,0,0,0,0,0,2474,0,0,0,0,0,0,1850,2884,7,0,7,294,13,1025,-11,0
100.3574,794,3096,11554,496,14,2049,14,12,12,12,0,0,0,0,0,0,2455,0,0,0,0,0,0,1781,2920,7,0,7,282,12,977,-129,0
100.4501,794,3096,11554,586,14,2049,14,12,12,12,0,0,0,0,0,0,2436,0,0,0,0,0,0,1784,3013,7,0,7,272,12,917,-8,0
100.5431,794,3096,11554,676,14,2049,14,12,12,12,0,0,0,0,0,0,2436,0,0,0,0,0,0,1740,2954,7,0,7,275,12,923,-37,0
100.6360,794,3096,11554,771,14,2049,14,12,12,12,0,0,0,0,0,0,2424,0,0,0,0,0,0,1712,3044,7,0,7,270,12,961,-89,0
100.7288,794,3096,11554,861,14,2049,14,12,13,12,0,0,0,0,0,0,2468,0,0,0,0,0,0,1716,2986,7,0,7,280,12,1016,-60,0
100.8216,794,3096,11554,956,14,2049,14,12,12,11,0,0,0,0,0,0,2443,0,0,0,0,0,0,1748,2871,7,0,7,277,12,931,-29,0
100.9144,794,3096,11810,46,14,2049,14,12,12,13,0,0,0,0,0,0,2468,0,0,0,0,0,0,1778,2812,7,0,7,287,12,909,-90,0
101.0070,794,3096,11810,141,14,2049,14,12,12,13,0,0,0,0,0,0,2430,0,0,0,0,0,0,1778,2812,7,0,7,287,12,909,-90,0
101.0998,794,3096,11810,236,14,2049,14,12,12,12,0,0,0,0,0,0,2455,0,0,0,0,0,0,1777,2891,7,0,7,281,12,919,-38,0
101.1926,794,3096,11810,326,14,2049,14,12,12,12,0,0,0,0,0,0,2430,0,0,0,0,0,0,1803,3011,7,0,7,284,12,924,-169,0
101.2853,794,3096,11810,421,14,2049,14,12,12,13,0,0,0,0,0,0,2462,0,0,0,0,0,0,1773,2910,7,0,7,287,12,892,-142,0
101.3781,794,3096,11810,511,14,2049,13,11,13,12,0,0,0,0,0,0,2436,0,0,0,0,0,0,1763,2921,7,0,7,276,12,853,-100,0
101.4709,794,3096,11810,606,14,2049,13,12,13,13,0,0,0,0,0,0,2455,0,0,0,0,0,0,1744,3079,7,0,7,273,12,926,-151,0
101.5639,794,3096,11810,696,14,2049,13,12,13,13,0,0,0,0,0,0,2443,0,0,0,0,0,0,1746,3034,7,0,7,281,12,963,-126,0
101.6564,794,3096,11810,786,14,2049,13,12,12,12,0,0,0,0,0,0,2436,0,0,0,0,0,0,1761,3134,7,0,7,273,12,1017,-116,0
101.7490,794,3096,11810,881,14,2049,13,12,13,12,0,0,0,0,0,0,2443,0,0,0,0,0,0,1795,3094,7,0,7,275,12,972,-25,0
101.8420,794,3096,11810,971,14,2049,13,12,13,12,0,0,0,0,0,0,2455,0,0,0,0,0,0,1738,3077,7,0,6,286,12,1058,-86,0
101.9353,794,3096,12066,66,14,2049,13,12,12,12,0,0,0,0,0,0,2430,0,0,0,0,0,0,1723,3078,7,0,7,278,12,958,-146,0
102.0285,794,3096,12066,156,14,2049,13,12,14,12,0,0,0,0,0,0,2462,0,0,0,0,0,0,1781,3002,7,0,6,279,12,934,-21,0
102.1219,794,3096,12066,251,14,2049,13,12,13,12,0,0,0,0,0,0,2455,0,0,0,0,0,0,1719,3133,7,0,7,278,12,967,-122,0
102.2144,794,3096,12066,346,14,2049,13,12,12,13,0,0,0,0,0,0,2436,0,0,0,0,0,0,1769,3137,7,0,7,279,12,947,-68,0
102.3102,794,3096,12066,436,14,2049,13,12,11,12,0,0,0,0,0,0,2462,0,0,0,0,0,0,1745,3059,7,0,7,273,12,937,-128,0
102.4035,794,3096,12066,531,14,2049,13,12,11,12,0,0,0,0,0,0,2443,0,0,0,0,0,0,1745,3059,7,0,7,273,12,937,-128,0
102.4959,794,3096,12066,626,14,2049,13,12,12,12,0,0,0,0,0,0,2443,0,0,0,0,0,0,1771,2974,7,0,7,273,12,900,-6,0
102.5887,794,3096,12066,716,14,2049,13,12,12,12,0,0,0,0,0,0,2436,0,0,0,0,0,0,1754,3062,7,0,7,270,12,950,-75,0
102.6814,794,3096,12066,806,14,2049,13,12,13,13,0,0,0,0,0,0,2424,0,0,0,0,0,0,1765,2996,7,0,7,274,12,939,-60,0
102.7748,794,3096,12066,901,14,2049,13,12,13,12,0,0,0,0,0,0,2436,0,0,0,0,0,0,1837,3255,7,0,7,269,13,957,1,0
102.8666,794,3096,12066,991,14,2049,13,12,13,12,0,0,0,0,0,0,2436,0,0,0,0,0,0,1831,3092,7,0,7,281,12,942,24,0
102.9617,794,3096,12322,86,14,2049,13,11,13,12,0,0,0,0,0,0,2436,0,0,0,0,0,0,1779,2876,7,0,7,277,12,866,20,0
103.0572,794,3096,12322,181,14,2049,13,12,13,12,0,0,0,0,0,0,2430,0,0,0,0,0,0,1778,2881,7,0,7,282,12,968,-36,0
103.1485,794,3096,12322,276,14,2049,13,13,12,13,0,0,0,0,0,0,2462,0,0,0,0,0,0,1831,2946,7,0,7,281,13,962,55,0
103.2397,794,3096,12322,366,14,2049,13,12,13,13,0,0,0,0,0,0,2481,0,0,0,0,0,0,1798,2917,7,0,7,276,12,895,52,0
103.3350,794,3096,12322,456,14,2049,13,11,12,12,0,0,0,0,0,0,2462,0,0,0,0,0,0,1800,2854,7,0,7,272,12,881,-21,0
103.4301,794,3096,12322,551,14,2049,13,11,13,13,0,0,0,0,0,0,2443,0,0,0,0,0,0,1868,3041,7,0,7,270,13,942,118,0
103.5250,794,3096,12322,651,14,2049,13,11,13,13,0,0,0,0,0,0,2443,0,0,0,0,0,0,1813,2994,7,0,7,271,12,901,43,0
103.6204,794,3096,12322,741,14,2049,13,11,13,12,0,0,0,0,0,0,2462,0,0,0,0,0,0,1768,3024,7,0,7,263,12,843,21,0
103.7118,794,3096,12322,836,14,2049,13,12,13,12,0,0,0,0,0,0,2436,0,0,0,0,0,0,1761,2960,7,0,7,274,12,921,-59,0
103.8032,794,3096,12322,926,14,2049,13,12,12,12,0,0,0,0,0,0,2462,0,0,0,0,0,0,1812,2888,7,0,7,284,12,932,-38,0
103.8956,794,3096,12578,21,14,2049,13,12,12,12,0,0,0,0,0,0,2455,0,0,0,0,0,0,1794,2968,7,0,7,279,12,895,-37,0
103.9883,794,3096,12578,111,14,2049,13,12,12,12,0,0,0,0,0,0,2462,0,0,0,0,0,0,1794,2968,7,0,7,279,12,895,-37,0
104.0809,794,3096,12578,206,14,2049,13,13,12,12,0,0,0,0,0,0,2468,0,0,0,0,0,0,1906,3073,7,0,7,289,13,1001,94,0
104.1740,794,3096,12578,296,14,2049,13,14,12,11,0,0,0,0,0,0,2462,0,0,0,0,0,0,1860,3235,7,0,7,285,13,1105,-10,0
104.2668,794,3096,12578,391,14,2049,13,13,12,11,0,0,0,0,0,0,2424,0,0,0,0,0,0,1907,3220,7,0,7,287,13,1070,10,0
104.3597,794,3096,12578,481,14,2049,13,13,12,12,0,0,0,0,0,0,2436,0,0,0,0,0,0,1894,3277,7,0,7,276,13,1008,79,0
104.4528,794,3096,12578,576,14,2049,13,12,12,12,0,0,0,0,0,0,2455,0,0,0,0,0,0,1836,3184,7,0,7,267,13,968,70,0
104.5484,794,3096,12578,671,14,2049,13,12,14,14,0,0,0,0,0,0,2462,0,0,0,0,0,0,1868,3012,7,0,7,279,13,974,50,0
104.6430,794,3096,12578,761,14,2049,13,12,13,13,0,0,0,0,0,0,2436,0,0,0,0,0,0,1812,3067,7,0,7,269,13,987,-13,0
104.7358,794,3096,12578,856,14,2049,13,12,12,13,0,0,0,0,0,0,2462,0,0,0,0,0,0,1785,2914,7,0,7,270,12,923,-10,0
104.8286,794,3096,12578,946,14,2049,13,12,12,12,0,0,0,0,0,0,2430,0,0,0,0,0,0,1805,3125,7,0,7,275,13,961,-57,0
104.9215,794,3096,12834,41,14,2049,13,12,11,12,0,0,0,0,0,0,2443,0,0,0,0,0,0,1833,3032,7,0,7,278,13,947,-37,0
105.0143,794,3096,12834,136,14,2049,13,12,12,12,0,0,0,0,0,0,2436,0,0,0,0,0,0,1785,2943,7,0,7,273,12,937,-80,0
105.1075,794,3096,12834,226,14,2049,13,12,11,12,0,0,0,0,0,0,2430,0,0,0,0,0,0,1809,2820,7,0,7,281,12,968,-38,0
105.2025,794,3096,12834,321,14,2049,13,12,11,13,0,0,0,0,0,0,2455,0,0,0,0,0,0,1894,3021,7,0,7,267,13,1005,48,0
105.2949,794,3096,12834,416,14,2049,13,12,11,13,0,0,0,0,0,0,2436,0,0,0,0,0,0,1860,3036,7,0,7,265,13,947,20,0
105.3878,794,3096,12834,506,14,2049,13,12,11,13,0,0,0,0,0,0,2430,0,0,0,0,0,0,1860,3036,7,0,7,265,13,947,20,0
105.4803,794,3096,12834,601,14,2049,13,12,12,13,0,0,0,0,0,0,2455,0,0,0,0,0,0,1866,2976,7,0,7,269,13,944,52,0
105.5729,794,3096,12834,691,14,2049,13,12,12,12,0,0,0,0,0,0,2443,0,0,0,0,0,0,1870,3190,7,0,7,267,13,941,50,0
105.6656,794,3096,12834,781,14,2049,13,12,12,12,0,0,0,0,0,0,2455,0,0,0,0,0,0,1796,2938,7,0,7,275,12,934,-27,0
105.7584,794,3096,12834,876,14,2049,13,12,12,13,0,0,0,0,0,0,2430,0,0,0,0,0,0,1788,3049,7,0,7,277,12,967,-64,0
105.8519,794,3096,12834,966,14,2049,13,12,12,13,0,0,0,0,0,0,2455,0,0,0,0,0,0,1834,3077,7,0,7,271,13,956,-59,0
105.9444,794,3096,13090,61,14,2049,13,12,12,12,0,0,0,0,0,0,2443,0,0,0,0,0,0,1809,2949,7,0,7,266,13,900,-30,0
106.0372,794,3096,13090,151,14,2049,13,11,12,13,0,0,0,0,0,0,2443,0,0,0,0,0,0,1825,2976,7,0,7,266,13,903,46,0
106.1304,794,3096,13090,246,14,2049,13,13,12,12,0,0,0,0,0,0,2436,0,0,0,0,0,0,1996,3238,7,0,7,272,14,1077,-19,0
106.2233,794,3096,13090,341,14,2049,13,13,12,13,0,0,0,0,0,0,2436,0,0,0,0,0,0,1882,3351,7,0,7,271,13,1038,-144,0
106.3160,794,3096,13090,431,14,2049,13,13,12,12,0,0,0,0,0,0,2455,0,0,0,0,0,0,1880,3242,7,0,7,273,13,993,-118,0
106.4087,794,3096,13090,526,14,2049,13,13,12,13,0,0,0,0,0,0,2455,0,0,0,0,0,0,1927,3181,7,0,7,284,13,1026,-37,0
106.5015,794,3096,13090,616,14,2049,12,12,13,12,0,0,0,0,0,0,2443,0,0,0,0,0,0,1855,3134,7,0,7,276,13,942,-2,0
106.5941,794,3096,13090,711,14,2049,12,12,12,12,0,0,0,0,0,0,2462,0,0,0,0,0,0,1852,3089,7,0,7,271,13,927,48,0
106.6869,794,3096,13090,801,14,2049,12,11,13,13,0,0,0,0,0,0,2455,0,0,0,0,0,0,1799,2991,7,0,7,267,12,867,61,0
106.7795,794,3096,13090,891,14,2049,12,13,13,13,0,0,0,0,0,0,2436,0,0,0,0,0,0,1854,3242,7,0,7,268,13,1079,-45,0
106.8724,794,3096,13090,986,14,2049,12,13,13,13,0,0,0,0,0,0,2443,0,0,0,0,0,0,1854,3242,7,0,7,268,13,1079,-45,0
106.9661,794,3096,13346,76,14,2049,12,12,13,14,0,0,0,0,0,0,2443,0,0,0,0,0,0,1832,3020,7,0,7,283,12,984,-65,0
107.0592,794,3096,13346,171,14,2049,12,13,13,13,0,0,0,0,0,0,2436,0,0,0,0,0,0,1838,3121,7,0,7,282,13,1027,2,0
107.1517,794,3096,13346,266,14,2049,12,13,12,12,0,0,0,0,0,0,2455,0,0,0,0,0,0,1843,3144,7,0,6,288,12,1013,-24,0
107.2444,794,3096,13346,356,14,2049,12,12,12,12,0,0,0,0,0,0,2443,0,0,0,0,0,0,1869,2899,7,0,6,294,13,996,-49,0
107.3373,794,3096,13346,451,14,2049,12,12,11,12,0,0,0,0,0,0,2443,0,0,0,0,0,0,1788,2839,7,0,7,291,12,962,-57,0
107.4303,794,3096,13346,541,14,2049,12,11,12,12,0,0,0,0,0,0,2430,0,0,0,0,0,0,1778,2771,7,0,7,285,12,899,-31,0
107.5239,794,3096,13346,636,14,2049,12,13,12,13,0,0,0,0,0,0,2436,0,0,0,0,0,0,1770,3068,7,0,7,288,12,1055,-97,0
107.6166,794,3096,13346,731,14,2049,12,13,13,13,0,0,0,0,0,0,2443,0,0,0,0,0,0,1895,3106,7,0,7,288,13,1079,73,0
107.7103,794,3096,13346,816,14,2049,12,13,12,12,0,0,0,0,0,0,2462,0,0,0,0,0,0,1902,2978,7,0,7,288,13,1033,116,0
107.8031,794,3096,13346,911,14,2049,12,12,12,12,0,0,0,0,0,0,2462,0,0,0,0,0,0,1801,2854,7,0,7,287,13,945,14,0
107.8968,794,3096,13602,6,14,2049,12,12,13,12,0,0,0,0,0,0,2424,0,0,0,0,0,0,1819,2950,7,0,7,281,13,937,29,0
107.9897,794,3096,13602,96,14,2049,12,13,14,11,0,0,0,0,0,0,2455,0,0,0,0,0,0,1853,2911,7,0,7,284,13,968,-26,0
108.0824,794,3096,13602,191,14,2049,12,13,13,12,0,0,0,0,0,0,2436,0,0,0,0,0,0,1796,3005,7,0,7,280,12,1056,-110,0
108.1750,794,3096,13602,281,14,2049,12,12,13,12,0,0,0,0,0,0,2462,0,0,0,0,0,0,1805,2966,7,0,7,276,12,968,-76,0
108.2683,794,3096,13602,376,14,2049,12,12,13,12,0,0,0,0,0,0,2443,0,0,0,0,0,0,1805,2966,7,0,7,276,12,968,-76,0
108.3613,794,3096,13602,471,14,2049,12,12,12,12,0,0,0,0,0,0,2474,0,0,0,0,0,0,1834,2982,7,0,7,279,12,952,-43,0
108.4540,794,3096,13602,561,14,2049,12,11,12,12,0,0,0,0,0,0,2436,0,0,0,0,0,0,1825,2859,7,0,7,278,12,919,-40,0
108.5469,794,3096,13602,656,14,2049,12,11,12,12,0,0,0,0,0,0,2468,0,0,0,0,0,0,1819,2889,7,0,7,273,12,898,41,0
108.6398,794,3096,13602,746,14,2049,12,11,13,12,0,0,0,0,0,0,2455,0,0,0,0,0,0,1758,2880,6,0,7,271,12,843,-31,0
108.7351,794,3096,13602,836,14,2049,12,11,14,12,0,0,0,0,0,0,2443,0,0,0,0,0,0,1756,2776,6,0,7,268,12,829,22,0
108.8269,794,3096,13602,931,14,2049,12,11,13,13,0,0,0,0,0,0,2436,0,0,0,0,0,0,1778,2783,6,0,7,278,12,851,55,0
108.9194,794,3096,13858,26,14,2049,12,11,12,14,0,0,0,0,0,0,2462,0,0,0,0,0,0,1731,2787,6,0,7,283,12,890,-81,0
109.0126,794,3096,13858,116,14,2049,12,11,12,13,0,0,0,0,0,0,2430,0,0,0,0,0,0,1712,2831,6,0,7,272,12,835,-48,0
109.1050,794,3096,13858,211,14,2049,12,11,11,12,0,0,0,0,0,0,2436,0,0,0,0,0,0,1748,2817,6,0,7,276,12,844,-95,0
109.1972,794,3096,13858,301,14,2049,12,11,13,12,0,0,0,0,0,0,2436,0,0,0,0,0,0,1803,2975,6,0,7,269,12,882,-81,0
109.2896,794,3096,13858,396,14,2049,12,12,12,12,0,0,0,0,0,0,2474,0,0,0,0,0,0,1749,3038,6,0,7,266,12,941,-186,0
109.3819,794,3096,13858,486,14,2049,12,11,12,12,0,0,0,0,0,0,2474,0,0,0,0,0,0,1737,2883,6,0,7,280,12,898,-139,0
109.4744,794,3096,13858,581,14,2049,12,11,12,12,0,0,0,0,0,0,2436,0,0,0,0,0,0,1800,2834,6,0,7,288,12,920,38,0
109.5668,794,3096,13858,671,14,2049,12,13,12,12,0,0,0,0,0,0,2462,0,0,0,0,0,0,1975,3139,6,0,7,287,13,1079,13,0
109.6594,794,3096,13858,761,14,2049,12,13,12,12,0,0,0,0,0,0,2462,0,0,0,0,0,0,1975,3139,6,0,7,287,13,1079,13,0
109.7519,794,3096,13858,851,14,2049,12,12,12,12,0,0,0,0,0,0,2436,0,0,0,0,0,0,1830,2914,6,0,7,275,13,969,-23,0
109.8448,794,3096,13858,946,14,2049,12,11,12,12,0,0,0,0,0,0,2455,0,0,0,0,0,0,1776,2768,6,0,7,279,12,880,29,0
109.9373,794,3096,14114,36,14,2049,12,12,13,12,0,0,0,0,0,0,2462,0,0,0,0,0,0,1854,2901,6,0,7,278,13,942,28,0
110.0298,794,3096,14114,131,14,2049,12,11,12,12,0,0,0,0,0,0,2455,0,0,0,0,0,0,1792,2822,6,0,7,271,13,866,52,0
110.1230,794,3096,14114,221,14,2049,12,12,12,11,0,0,0,0,0,0,2455,0,0,0,0,0,0,1884,2853,6,0,7,273,13,958,61,0
110.2158,794,3096,14114,316,14,2049,12,11,12,12,0,0,0,0,0,0,2443,0,0,0,0,0,0,1829,2847,6,0,7,266,13,895,85,0
110.3088,794,3096,14114,411,14,2049,12,11,12,13,0,0,0,0,0,0,2455,0,0,0,0,0,0,1806,2855,6,0,7,263,13,869,45,0
110.4015,794,3096,14114,501,14,2049,12,11,12,12,0,0,0,0,0,0,2462,0,0,0,0,0,0,1824,2864,6,0,7,267,13,889,116,0
110.4951,794,3096,14114,596,14,2049,12,12,13,12,0,0,0,0,0,0,2462,0,0,0,0,0,0,1826,2887,6,0,7,273,13,893,24,0
110.5881,794,3096,14114,686,14,2049,12,12,13,13,0,0,0,0,0,0,2443,0,0,0,0,0,0,1899,2940,6,0,7,274,13,970,12,0
110.6827,794,3096,14114,781,14,2049,12,12,13,12,0,0,0,0,0,0,2443,0,0,0,0,0,0,1907,2880,6,0,7,280,13,981,9,0
110.7786,794,3096,14114,871,14,2049,12,12,12,12,0,0,0,0,0,0,2436,0,0,0,0,0,0,1849,2932,6,0,7,278,13,955,23,0
110.8715,794,3096,14114,971,14,2049,12,12,12,12,0,0,0,0,0,0,2436,0,0,0,0,0,0,1834,2848,6,0,7,278,12,922,93,0
110.9640,794,3096,14370,61,14,2049,12,12,12,13,0,0,0,0,0,0,2436,0,0,0,0,0,0,1790,2802,6,0,7,273,12,891,0,0
111.0567,794,3096,14370,156,14,2049,12,11,13,13,0,0,0,0,0,0,2417,0,0,0,0,0,0,1795,2801,6,0,7,270,12,878,-16,0
111.1493,794,3096,14370,246,14,2049,12,11,13,13,0,0,0,0,0,0,2468,0,0,0,0,0,0,1795,2801,6,0,7,270,12,878,-16,0
111.2422,794,3096,14370,341,14,2049,12,12,12,12,0,0,0,0,0,0,2474,0,0,0,0,0,0,1790,2882,6,0,7,271,12,903,-34,0
111.3347,794,3096,14370,431,14,2049,12,12,12,12,0,0,0,0,0,0,2436,0,0,0,0,0,0,1815,2899,6,0,7,280,12,909,48,0
111.4273,794,3096,14370,526,14,2049,12,12,12,12,0,0,0,0,0,0,2436,0,0,0,0,0,0,1819,2895,6,0,7,273,13,897,95,0
111.5201,794,3096,14370,616,14,2049,12,11,11,13,0,0,0,0,0,0,2443,0,0,0,0,0,0,1774,2827,6,0,7,270,12,844,116,0
111.6129,794,3096,14370,711,14,2049,12,12,12,12,0,0,0,0,0,0,2436,0,0,0,0,0,0,1826,2962,6,0,7,276,13,897,82,0
111.7055,794,3096,14370,801,14,2049,12,12,12,12,0,0,0,0,0,0,2443,0,0,0,0,0,0,1817,2971,6,0,7,275,13,914,41,0
111.7982,794,3096,14370,891,14,2049,12,13,12,12,0,0,0,0,0,0,2443,0,0,0,0,0,0,1841,3104,6,0,7,285,13,957,-62,0
111.8912,794,3096,14370,986,14,2049,12,12,13,12,0,0,0,0,0,0,2455,0,0,0,0,0,0,1780,2963,6,0,7,286,12,942,-125,0
111.9840,794,3096,14626,81,14,2049,12,12,12,11,0,0,0,0,0,0,2443,0,0,0,0,0,0,1783,2824,6,0,7,286,12,900,-96,0
112.0770,794,3096,14626,171,14,2049,12,13,13,11,0,0,0,0,0,0,2443,0,0,0,0,0,0,1949,2955,6,0,7,288,13,1051,3,0
112.1697,794,3096,14626,266,14,2049,12,12,13,12,0,0,0,0,0,0,2455,0,0,0,0,0,0,1833,2898,6,0,7,285,12,918,-7,0
112.2624,794,3096,14626,356,14,2049,12,12,12,11,0,0,0,0,0,0,2455,0,0,0,0,0,0,1844,2871,6,0,7,279,13,920,55,0
112.3574,794,3096,14626,451,14,2049,12,11,13,13,0,0,0,0,0,0,2443,0,0,0,0,0,0,1739,2901,6,0,7,269,12,890,-30,0
112.4531,794,3096,14626,546,14,2049,12,12,14,13,0,0,0,0,0,0,2462,0,0,0,0,0,0,1779,2982,6,0,7,275,12,889,-74,0
112.5457,794,3096,14626,641,14,2049,12,11,13,13,0,0,0,0,0,0,2417,0,0,0,0,0,0,1720,2969,6,0,7,269,12,875,-110,0
112.6381,794,3096,14626,731,14,2049,12,11,13,13,0,0,0,0,0,0,2474,0,0,0,0,0,0,1720,2969,6,0,7,269,12,875,-110,0
112.7303,794,3096,14626,821,14,2049,12,11,12,13,0,0,0,0,0,0,2455,0,0,0,0,0,0,1814,3044,6,0,7,279,12,931,88,0
112.8246,794,3096,14626,916,14,2049,12,12,14,12,0,0,0,0,0,0,2417,0,0,0,0,0,0,1863,3096,6,0,7,269,13,953,91,0
112.9190,794,3096,14882,11,14,2049,12,11,15,13,0,0,0,0,0,0,2436,0,0,0,0,0,0,1842,2940,6,0,7,267,13,919,46,0
113.0133,794,3096,14882,106,14,2049,12,12,13,12,0,0,0,0,0,0,2430,0,0,0,0,0,0,1834,2924,6,0,7,273,13,907,-24,0
113.1078,794,3096,14882,196,14,2049,12,12,14,13,0,0,0,0,0,0,2462,0,0,0,0,0,0,1855,2930,6,0,7,275,13,926,38,0
113.2001,794,3096,14882,291,14,2049,12,13,13,13,0,0,0,0,0,0,2462,0,0,0,0,0,0,1803,3089,6,0,7,277,12,1033,-9,0
113.2919,794,3096,14882,386,14,2049,12,12,13,12,0,0,0,0,0,0,2430,0,0,0,0,0,0,1779,3053,6,0,7,278,12,981,-92,0
113.3840,794,3096,14882,476,14,2049,12,12,14,12,0,0,0,0,0,0,2455,0,0,0,0,0,0,1716,2941,6,0,7,280,12,955,-161,0
113.4772,794,3096,14882,571,14,2049,12,11,13,12,0,0,0,0,0,0,2455,0,0,0,0,0,0,1712,2851,6,0,7,276,12,871,-83,0
113.5703,794,3096,14882,661,14,2049,12,12,12,12,0,0,0,0,0,0,2436,0,0,0,0,0,0,1792,2900,6,0,7,284,12,910,-64,0
113.6624,794,3096,14882,756,14,2049,12,12,12,12,0,0,0,0,0,0,2462,0,0,0,0,0,0,1766,2862,6,0,7,281,12,919,16,0
113.7573,794,3096,14882,846,14,2049,12,14,14,12,0,0,0,0,0,0,2462,0,0,0,0,0,0,1937,3113,6,0,7,287,13,1058,-1,0
113.8492,794,3096,14882,941,14,2049,12,13,13,13,0,0,0,0,0,0,2436,0,0,0,0,0,0,1925,3101,6,0,7,278,13,1019,24,0
113.9417,794,3096,15138,31,14,2049,12,12,14,13,0,0,0,0,0,0,2462,0,0,0,0,0,0,1868,2912,6,0,7,271,13,947,-14,0
114.0347,794,3096,15138,121,14,2049,12,13,14,14,0,0,0,0,0,0,2443,0,0,0,0,0,0,1899,2924,6,0,7,279,13,977,0,0
114.1277,794,3096,15138,216,14,2049,12,13,14,14,0,0,0,0,0,0,2436,0,0,0,0,0,0,1899,2924,6,0,7,279,13,977,0,0
114.2199,794,3096,15138,311,14,2049,12,13,12,13,0,0,0,0,0,0,2455,0,0,0,0,0,0,1921,3055,6,0,7,281,13,1024,6,0
114.3139,794,3096,15138,401,14,2049,12,12,12,13,0,0,0,0,0,0,2436,0,0,0,0,0,0,1850,2920,6,0,7,277,13,934,0,0
114.4062,794,3096,15138,496,14,2049,12,12,12,12,0,0,0,0,0,0,2462,0,0,0,0,0,0,1795,3073,6,0,7,276,12,932,-29,0
114.4989,794,3096,15138,586,14,2049,12,11,12,12,0,0,0,0,0,0,2462,0,0,0,0,0,0,1752,3016,6,0,7,267,12,849,-3,0
114.5921,794,3096,15138,681,14,2049,12,11,12,13,0,0,0,0,0,0,2462,0,0,0,0,0,0,1764,3113,6,0,7,262,12,841,-37,0
114.6853,794,3096,15138,776,14,2049,12,11,13,13,0,0,0,0,0,0,2468,0,0,0,0,0,0,1748,2966,6,0,7,276,12,823,-33,0
114.7773,794,3096,15138,866,14,2049,12,11,13,13,0,0,0,0,0,0,2462,0,0,0,0,0,0,1765,2960,6,0,7,266,12,831,21,0
114.8699,794,3096,15138,956,14,2049,12,11,13,13,0,0,0,0,0,0,2443,0,0,0,0,0,0,1800,2899,6,0,7,276,12,870,34,0
114.9628,794,3096,35,46,14,2049,12,12,12,13,0,0,0,0,0,0,2455,0,0,0,0,0,0,1815,2949,6,0,7,280,13,935,-6,0
115.0551,794,3096,35,141,14,2049,12,13,12,13,0,0,0,0,0,0,2436,0,0,0,0,0,0,1915,3061,6,0,7,268,14,1008,-15,0
115.1475,794,3096,35,236,14,2049,12,12,12,12,0,0,0,0,0,0,2436,0,0,0,0,0,0,1891,2991,6,0,7,268,13,970,40,0
115.2395,794,3096,35,326,14,2049,12,13,12,12,0,0,0,0,0,0,2430,0,0,0,0,0,0,1866,3193,6,0,7,274,13,1020,-25,0
115.3321,794,3096,35,416,14,2049,12,13,11,12,0,0,0,0,0,0,2436,0,0,0,0,0,0,1826,3559,6,0,7,275,13,1116,-152,0
115.4255,794,3096,35,511,14,2049,12,13,11,12,0,0,0,0,0,0,2436,0,0,0,0,0,0,1826,3559,6,0,7,275,13,1116,-152,0
115.5178,794,3096,35,606,14,2049,12,13,11,13,0,0,0,0,0,0,2430,0,0,0,0,0,0,1816,3373,6,0,7,275,13,1058,-153,0
115.6102,794,3096,35,696,14,2049,12,13,12,12,0,0,0,0,0,0,2430,0,0,0,0,0,0,1919,3218,6,0,7,271,13,1076,-14,0
115.7031,794,3096,35,791,14,2049,12,13,12,12,0,0,0,0,0,0,2436,0,0,0,0,0,0,1963,3411,6,0,7,278,14,1081,176,0
115.7962,794,3096,35,881,14,2049,12,12,12,12,0,0,0,0,0,0,2436,0,0,0,0,0,0,1847,3193,6,0,7,281,13,1004,59,0
115.8893,794,3096,35,971,14,2049,12,12,12,12,0,0,0,0,0,0,2462,0,0,0,0,0,0,1861,3004,6,0,7,275,13,973,-11,0
115.9826,794,3096,291,66,14,2049,12,13,13,12,0,0,0,0,0,0,2436,0,0,0,0,0,0,1905,3373,6,0,7,279,13,1000,-86,0
116.0751,794,3096,291,156,14,2049,12,13,13,12,0,0,0,0,0,0,2455,0,0,0,0,0,0,1872,3215,6,0,7,274,13,964,-81,0
116.1680,794,3096,291,251,14,2049,12,12,13,12,0,0,0,0,0,0,2424,0,0,0,0,0,0,1830,3062,6,0,7,271,13,946,-101,0
116.2612,794,3096,291,346,14,2049,12,11,12,12,0,0,0,0,0,0,2443,0,0,0,0,0,0,1777,2912,6,0,7,275,12,868,45,0
116.3542,794,3096,291,436,14,2049,12,11,12,12,0,0,0,0,0,0,2462,0,0,0,0,0,0,1808,2792,6,0,7,277,13,889,23,0
116.4470,794,3096,291,531,14,2049,12,12,12,12,0,0,0,0,0,0,2462,0,0,0,0,0,0,1874,2953,6,0,7,276,13,951,97,0
116.5395,794,3096,291,621,14,2049,12,11,13,11,0,0,0,0,0,0,2417,0,0,0,0,0,0,1831,3039,6,0,7,262,13,897,59,0
116.6326,794,3096,291,716,14,2049,12,12,12,12,0,0,0,0,0,0,2430,0,0,0,0,0,0,1770,3055,6,0,7,265,12,948,-28,0
116.7256,794,3096,291,806,14,2049,12,12,13,13,0,0,0,0,0,0,2436,0,0,0,0,0,0,1862,3187,6,0,7,273,13,989,89,0
116.8186,794,3096,291,896,14,2049,12,13,13,14,0,0,0,0,0,0,2455,0,0,0,0,0,0,1963,3294,6,0,7,270,14,1063,226,0
116.9127,794,3096,291,991,14,2049,12,13,13,14,0,0,0,0,0,0,2430,0,0,0,0,0,0,1963,3294,6,0,7,270,14,1063,226,0
117.0054,794,3096,547,86,14,2049,12,12,12,13,0,0,0,0,0,0,2455,0,0,0,0,0,0,1823,3129,6,0,7,268,13,961,116,0
117.0986,794,3096,547,176,14,2049,12,12,11,13,0,0,0,0,0,0,2474,0,0,0,0,0,0,1784,3106,6,0,7,277,12,980,0,0
117.1906,794,3096,547,271,14,2049,12,12,12,12,0,0,0,0,0,0,2462,0,0,0,0,0,0,1790,3081,6,0,7,270,13,919,-38,0
117.2819,794,3096,547,361,14,2049,12,12,12,13,0,0,0,0,0,0,2474,0,0,0,0,0,0,1770,3129,6,0,7,269,12,959,-46,0
117.3760,794,3096,547,456,14,2049,11,13,12,13,0,0,0,0,0,0,2468,0,0,0,0,0,0,1871,3210,6,0,7,274,13,1004,-20,0
117.4707,794,3096,547,546,14,2049,11,13,12,12,0,0,0,0,0,0,2424,0,0,0,0,0,0,1925,3071,6,0,7,278,14,1030,84,0
117.5632,794,3096,547,641,14,2049,11,13,12,13,0,0,0,0,0,0,2443,0,0,0,0,0,0,1954,3386,6,0,7,277,14,1043,160,0
117.6562,794,3096,547,736,14,2049,11,13,13,13,0,0,0,0,0,0,2436,0,0,0,0,0,0,1894,3206,6,0,7,269,13,970,115,0
117.7491,794,3096,547,831,14,2049,11,12,13,14,0,0,0,0,0,0,2443,0,0,0,0,0,0,1839,3237,6,0,7,264,13,917,-15,0
117.8417,794,3096,547,921,14,2049,11,12,12,14,0,0,0,0,0,0,2436,0,0,0,0,0,0,1892,3046,6,0,7,265,13,965,54,0
117.9342,794,3096,803,11,14,2049,11,11,12,14,0,0,0,0,0,0,2443,0,0,0,0,0,0,1823,2846,6,0,7,269,13,892,95,0
118.0274,794,3096,803,106,14,2049,11,12,13,13,0,0,0,0,0,0,2430,0,0,0,0,0,0,1838,2877,6,0,7,276,13,909,25,0
118.1203,794,3096,803,196,14,2049,11,13,12,14,0,0,0,0,0,0,2436,0,0,0,0,0,0,1952,3118,6,0,7,268,14,1022,32,0
118.2126,794,3096,803,291,14,2049,11,12,12,14,0,0,0,0,0,0,2443,0,0,0,0,0,0,1854,3125,6,0,7,258,13,941,-16,0
118.3038,794,3096,803,381,14,2049,11,12,12,14,0,0,0,0,0,0,2430,0,0,0,0,0,0,1854,3125,6,0,7,258,13,941,-16,0
118.3991,794,3096,803,471,14,2049,11,13,11,13,0,0,0,0,0,0,2462,0,0,0,0,0,0,1886,3124,6,0,7,258,13,961,-7,0
118.4944,794,3096,803,571,14,2049,11,12,11,13,0,0,0,0,0,0,2462,0,0,0,0,0,0,1874,2942,6,0,7,265,13,945,-18,0
118.5855,794,3096,803,666,14,2049,11,12,12,13,0,0,0,0,0,0,2436,0,0,0,0,0,0,1898,3048,6,0,7,271,13,970,71,0
118.6773,794,3096,803,756,14,2049,11,13,12,13,0,0,0,0,0,0,2436,0,0,0,0,0,0,1930,3259,6,0,7,270,13,1002,23,0
118.7698,794,3096,803,846,14,2049,11,13,12,13,0,0,0,0,0,0,2455,0,0,0,0,0,0,1953,2992,6,0,7,282,13,1031,-20,0
118.8624,794,3096,803,936,14,2049,11,12,11,13,0,0,0,0,0,0,2462,0,0,0,0,0,0,1889,2946,6,0,7,272,13,959,2,0
118.9550,794,3096,1059,26,14,2049,11,12,12,14,0,0,0,0,0,0,2443,0,0,0,0,0,0,1844,2863,6,0,7,275,13,913,4,0
119.0479,794,3096,1059,121,14,2049,11,13,12,14,0,0,0,0,0,0,2468,0,0,0,0,0,0,1954,2877,6,0,7,287,14,1034,12,0
119.1408,794,3096,1059,211,14,2049,11,13,12,13,0,0,0,0,0,0,2462,0,0,0,0,0,0,1911,2864,6,0,7,288,13,1053,-6,0
119.2336,794,3096,1059,306,14,2049,11,14,12,12,0,0,0,0,0,0,2443,0,0,0,0,0,0,1954,3102,6,0,7,283,13,1063,-28,0
119.3260,794,3096,1059,401,14,2049,11,13,13,13,0,0,0,0,0,0,2443,0,0,0,0,0,0,1855,3026,6,0,7,280,13,996,-79,0
119.4188,794,3096,1059,491,14,2049,11,13,12,12,0,0,0,0,0,0,2455,0,0,0,0,0,0,1837,3121,6,0,7,275,13,998,-60,0
119.5113,794,3096,1059,586,14,2049,11,13,12,12,0,0,0,0,0,0,2474,0,0,0,0,0,0,1806,3047,6,0,7,280,13,1033,-14,0
119.6038,794,3096,1059,676,14,2049,11,13,13,12,0,0,0,0,0,0,2462,0,0,0,0,0,0,1824,2932,6,0,7,279,13,973,-31,0
119.6962,794,3096,1059,771,14,2049,11,13,13,12,0,0,0,0,0,0,2462,0,0,0,0,0,0,1824,2932,6,0,7,279,13,973,-31,0
119.7916,794,3096,1059,861,14,2049,11,12,11,13,0,0,0,0,0,0,2462,0,0,0,0,0,0,1800,2927,6,0,7,287,13,951,-49,0
119.8845,794,3096,1059,951,14,2049,11,12,11,13,0,0,0,0,0,0,2462,0,0,0,0,0,0,1847,2863,6,0,7,281,13,958,30,0
119.9760,794,3096,1315,46,14,2049,11,12,13,13,0,0,0,0,0,0,2436,0,0,0,0,0,0,1869,2797,6,0,7,277,13,959,29,0
120.0708,794,3096,1315,136,14,2049,11,12,12,12,0,0,0,0,0,0,2443,0,0,0,0,0,0,1773,2879,6,0,7,274,12,910,-27,0
120.1663,794,3096,1315,231,14,2049,11,11,12,12,0,0,0,0,0,0,2455,0,0,0,0,0,0,1768,2885,6,0,7,278,12,871,15,0
120.2580,794,3096,1315,326,14,2049,11,13,13,13,0,0,0,0,0,0,2462,0,0,0,0,0,0,1787,3110,6,0,7,279,12,1109,-98,0
120.3504,794,3096,1315,421,14,2049,11,13,12,13,0,0,0,0,0,0,2436,0,0,0,0,0,0,1816,3036,6,0,7,277,13,1019,-19,0
120.4418,794,3096,1315,511,14,2049,11,13,13,13,0,0,0,0,0,0,2436,0,0,0,0,0,0,1873,3063,6,0,7,284,13,1015,-9,0
120.5338,794,3096,1315,601,14,2049,11,13,13,13,0,0,0,0,0,0,2462,0,0,0,0,0,0,1886,3062,6,0,7,292,13,999,0,0
120.6262,794,3096,1315,696,14,2049,11,12,13,12,0,0,0,0,0,0,2436,0,0,0,0,0,0,1833,3001,6,0,7,274,13,918,-34,0
120.7213,794,3096,1315,786,14,2049,11,12,13,12,0,0,0,0,0,0,2436,0,0,0,0,0,0,1792,2892,6,0,7,276,12,889,9,0
120.8135,794,3096,1315,881,14,2049,11,12,12,12,0,0,0,0,0,0,2436,0,0,0,0,0,0,1803,2866,6,0,7,281,13,944,-47,0
120.9063,794,3096,1315,971,14,2049,11,12,11,12,0,0,0,0,0,0,2462,0,0,0,0,0,0,1796,2897,6,0,7,267,13,895,-13,0
120.9989,794,3096,1571,66,14,2049,11,12,12,12,0,0,0,0,0,0,2455,0,0,0,0,0,0,1817,2931,6,0,7,269,13,900,-53,0
121.0921,794,3096,1571,156,14,2049,11,12,12,12,0,0,0,0,0,0,2455,0,0,0,0,0,0,1817,2931,6,0,7,269,13,900,-53,0
121.1851,794,3096,1571,251,14,2049,11,12,12,12,0,0,0,0,0,0,2436,0,0,0,0,0,0,1773,2969,6,0,7,261,12,881,-70,0
121.2784,794,3096,1571,341,14,2049,11,12,12,13,0,0,0,0,0,0,2462,0,0,0,0,0,0,1792,3136,6,0,7,257,13,906,-13,0
121.3714,794,3096,1571,436,14,2049,11,12,13,13,0,0,0,0,0,0,2462,0,0,0,0,0,0,1815,3138,6,0,7,265,13,917,29,0
121.4645,794,3096,1571,531,14,2049,11,12,13,13,0,0,0,0,0,0,2462,0,0,0,0,0,0,1805,3012,6,0,7,266,13,890,44,0
121.5572,794,3096,1571,621,14,2049,11,12,14,12,0,0,0,0,0,0,2455,0,0,0,0,0,0,1787,2974,6,0,7,286,12,909,-62,0
121.6504,794,3096,1571,716,14,2049,11,12,14,12,0,0,0,0,0,0,2455,0,0,0,0,0,0,1813,2983,6,0,7,278,13,907,73,0
121.7432,794,3096,1571,806,14,2049,11,12,13,13,0,0,0,0,0,0,2462,0,0,0,0,0,0,1811,2855,6,0,7,286,13,896,79,0
121.8361,794,3096,1571,901,14,2049,11,12,12,14,0,0,0,0,0,0,2443,0,0,0,0,0,0,1799,2909,6,0,7,283,12,876,-4,0
121.9292,794,3096,1571,991,14,2049,11,14,12,14,0,0,0,0,0,0,2468,0,0,0,0,0,0,1916,3088,6,0,7,288,13,1008,27,0
122.0221,794,3096,1827,86,14,2049,11,13,12,14,0,0,0,0,0,0,2462,0,0,0,0,0,0,1962,3182,6,0,7,285,14,1047,116,0
122.1147,794,3096,1827,176,14,2049,11,13,12,12,0,0,0,0,0,0,2443,0,0,0,0,0,0,1882,3124,6,0,7,286,13,1023,-17,0
122.2076,794,3096,1827,271,14,2049,11,13,13,12,0,0,0,0,0,0,2462,0,0,0,0,0,0,1819,3058,6,0,7,279,13,976,-25,0
122.3004,794,3096,1827,361,14,2049,11,13,12,13,0,0,0,0,0,0,2468,0,0,0,0,0,0,1873,3023,6,0,7,284,13,991,12,0
122.3935,794,3096,1827,456,14,2049,11,12,13,12,0,0,0,0,0,0,2443,0,0,0,0,0,0,1791,3040,6,0,7,284,13,927,-50,0
122.4869,794,3096,1827,546,14,2049,11,12,12,12,0,0,0,0,0,0,2455,0,0,0,0,0,0,1792,2970,6,0,7,277,13,894,-19,0
122.5796,794,3096,1827,641,14,2049,11,12,12,12,0,0,0,0,0,0,2462,0,0,0,0,0,0,1792,2970,6,0,7,277,13,894,-19,0
122.6722,794,3096,1827,736,14,2049,11,12,13,13,0,0,0,0,0,0,2436,0,0,0,0,0,0,1790,2920,6,0,7,278,12,876,18,0
122.7651,794,3096,1827,826,14,2049,11,13,13,12,0,0,0,0,0,0,2474,0,0,0,0,0,0,1804,3060,6,0,7,279,13,972,-33,0
122.8585,794,3096,1827,921,14,2049,11,13,11,12,0,0,0,0,0,0,2443,0,0,0,0,0,0,1799,3091,6,0,7,274,13,952,-20,0
122.9512,794,3096,2083,11,14,2049,11,14,13,12,0,0,0,0,0,0,2455,0,0,0,0,0,0,1865,3172,6,0,7,291,13,1010,-117,0
123.0439,794,3096,2083,101,14,2049,11,13,13,12,0,0,0,0,0,0,2430,0,0,0,0,0,0,1765,3119,6,0,7,283,12,970,-159,0
123.1365,794,3096,2083,196,14,2049,11,13,13,12,0,0,0,0,0,0,2462,0,0,0,0,0,0,1883,3061,6,0,7,289,13,1028,23,0
123.2297,794,3096,2083,286,14,2049,11,12,13,12,0,0,0,0,0,0,2436,0,0,0,0,0,0,1867,3030,6,0,7,276,13,972,113,0
123.3231,794,3096,2083,381,14,2049,11,13,12,12,0,0,0,0,0,0,2436,0,0,0,0,0,0,1919,3065,6,0,7,277,13,1008,31,0
123.4158,794,3096,2083,476,14,2049,11,12,12,12,0,0,0,0,0,0,2462,0,0,0,0,0,0,1833,2881,6,0,7,278,13,934,-12,0
123.5088,794,3096,2083,566,14,2049,11,13,12,12,0,0,0,0,0,0,2474,0,0,0,0,0,0,1822,2933,6,0,7,284,13,967,-22,0
123.6017,794,3096,2083,661,14,2049,11,12,13,13,0,0,0,0,0,0,2443,0,0,0,0,0,0,1775,2816,6,0,7,287,12,911,-28,0
123.6947,794,3096,2083,751,14,2049,11,12,13,13,0,0,0,0,0,0,2462,0,0,0,0,0,0,1773,2912,6,0,7,279,12,920,-58,0
123.7873,794,3096,2083,846,14,2049,11,12,14,12,0,0,0,0,0,0,2443,0,0,0,0,0,0,1869,3006,6,0,7,273,13,977,-28,0
123.8804,794,3096,2083,941,14,2049,11,13,15,11,0,0,0,0,0,0,2462,0,0,0,0,0,0,1893,3091,6,0,7,266,13,979,-25,0
123.9744,794,3096,2339,31,14,2049,11,13,15,11,0,0,0,0,0,0,2468,0,0,0,0,0,0,1893,3091,6,0,7,266,13,979,-25,0
124.0672,794,3096,2339,121,14,2049,11,13,13,12,0,0,0,0,0,0,2462,0,0,0,0,0,0,1894,3034,6,0,7,280,13,977,-6,0
124.1601,794,3096,2339,216,14,2049,11,13,13,12,0,0,0,0,0,0,2455,0,0,0,0,0,0,1888,3071,6,0,7,277,13,1024,-40,0
124.2531,794,3096,2339,311,14,2049,11,13,13,12,0,0,0,0,0,0,2443,0,0,0,0,0,0,1805,2987,6,0,7,284,12,1012,-129,0
124.3460,794,3096,2339,401,14,2049,11,14,14,13,0,0,0,0,0,0,2443,0,0,0,0,0,0,1943,3189,6,0,7,284,13,1087,44,0
124.4387,794,3096,2339,496,14,2049,11,13,13,13,0,0,0,0,0,0,2462,0,0,0,0,0,0,1835,3011,6,0,7,286,13,1115,-1,0
124.5314,794,3096,2339,586,14,2049,11,13,13,13,0,0,0,0,0,0,2455,0,0,0,0,0,0,1751,2950,6,0,7,282,12,1057,-20,0
124.6242,794,3096,2339,681,14,2049,11,12,12,13,0,0,0,0,0,0,2468,0,0,0,0,0,0,1761,3003,6,0,7,274,12,993,-15,0
124.7169,794,3096,2339,771,14,2049,11,12,12,13,0,0,0,0,0,0,2462,0,0,0,0,0,0,1745,2976,6,0,7,264,12,962,14,0
124.8102,794,3096,2339,866,14,2049,11,12,12,12,0,0,0,0,0,0,2443,0,0,0,0,0,0,1843,3064,6,0,7,265,13,986,53,0
124.9013,794,3096,2339,961,14,2049,11,13,12,13,0,0,0,0,0,0,2443,0,0,0,0,0,0,1905,3131,6,0,7,274,13,1016,104,0
124.9927,794,3096,2595,46,14,2049,11,12,12,13,0,0,0,0,0,0,2436,0,0,0,0,0,0,1822,3073,6,0,7,275,13,938,42,0
125.0859,794,3096,2595,136,14,2049,11,13,13,12,0,0,0,0,0,0,2443,0,0,0,0,0,0,1969,3216,6,0,7,272,14,1064,81,0
125.1791,794,3096,2595,231,14,2049,11,12,12,13,0,0,0,0,0,0,2436,0,0,0,0,0,0,1828,2974,6,0,7,273,13,962,24,0
125.2728,794,3096,2595,326,14,2049,11,12,11,12,0,0,0,0,0,0,2455,0,0,0,0,0,0,1861,2986,6,0,7,278,13,965,68,0
125.3653,794,3096,2595,416,14,2049,11,12,11,13,0,0,0,0,0,0,2462,0,0,0,0,0,0,1873,2997,6,0,7,271,13,958,121,0
125.4583,794,3096,2595,511,14,2049,11,12,11,13,0,0,0,0,0,0,2436,0,0,0,0,0,0,1873,2997,6,0,7,271,13,958,121,0
125.5512,794,3096,2595,606,14,2049,11,12,11,12,0,0,0,0,0,0,2443,0,0,0,0,0,0,1853,3021,6,0,7,269,13,943,-76,0
125.6439,794,3096,2595,696,14,2049,11,12,12,11,0,0,0,0,0,0,2455,0,0,0,0,0,0,1825,3029,6,0,7,270,13,937,-24,0
125.7363,794,3096,2595,791,14,2049,11,12,13,12,0,0,0,0,0,0,2436,0,0,0,0,0,0,1791,2958,6,0,7,271,12,933,-7,0
125.8290,794,3096,2595,881,14,2049,11,13,12,13,0,0,0,0,0,0,2455,0,0,0,0,0,0,1784,3014,6,0,7,270,13,1000,-80,0
125.9228,794,3096,2595,976,14,2049,11,13,12,13,0,0,0,0,0,0,2462,0,0,0,0,0,0,1860,3086,6,0,7,272,13,1004,-19,0
126.0153,794,3096,2851,66,14,2049,11,13,12,13,0,0,0,0,0,0,2436,0,0,0,0,0,0,1813,3043,6,0,7,283,13,1002,65,0
126.1078,794,3096,2851,156,14,2049,11,12,13,13,0,0,0,0,0,0,2455,0,0,0,0,0,0,1842,3023,6,0,7,284,13,974,48,0
126.2004,794,3096,2851,251,14,2049,11,13,12,13,0,0,0,0,0,0,2462,0,0,0,0,0,0,1870,3112,6,0,7,285,13,974,6,0
126.2934,794,3096,2851,341,14,2049,11,13,14,13,0,0,0,0,0,0,2430,0,0,0,0,0,0,1764,3047,6,0,7,287,12,1021,-115,0
126.3865,794,3096,2851,436,14,2049,11,12,13,13,0,0,0,0,0,0,2462,0,0,0,0,0,0,1795,3085,6,0,7,291,12,974,-52,0
126.4792,794,3096,2851,531,14,2049,11,12,12,13,0,0,0,0,0,0,2462,0,0,0,0,0,0,1808,2974,6,0,7,283,12,931,-53,0
126.5722,794,3096,2851,621,14,2049,11,11,12,12,0,0,0,0,0,0,2436,0,0,0,0,0,0,1823,2901,6,0,7,274,12,916,41,0
126.6649,794,3096,2851,716,14,2049,11,12,12,12,0,0,0,0,0,0,2455,0,0,0,0,0,0,1887,3293,6,0,7,267,13,966,254,0
126.7580,794,3096,2851,806,14,2049,11,12,12,12,0,0,0,0,0,0,2455,0,0,0,0,0,0,1887,3293,6,0,7,267,13,966,254,0
126.8509,794,3096,2851,901,14,2049,11,12,11,12,0,0,0,0,0,0,2455,0,0,0,0,0,0,1849,3193,6,0,7,267,13,948,76,0
126.9440,794,3096,2851,991,14,2049,11,12,12,13,0,0,0,0,0,0,2443,0,0,0,0,0,0,1846,3067,6,0,7,270,13,929,99,0
127.0366,794,3096,3107,81,14,2049,11,13,12,13,0,0,0,0,0,0,2462,0,0,0,0,0,0,1874,3195,6,0,7,275,13,953,73,0
127.1293,794,3096,3107,176,14,2049,11,12,14,12,0,0,0,0,0,0,2436,0,0,0,0,0,0,1816,3034,6,0,7,286,12,976,-13,0
127.2227,794,3096,3107,271,14,2049,11,12,12,12,0,0,0,0,0,0,2436,0,0,0,0,0,0,1853,2958,6,0,7,284,13,970,64,0
127.3181,794,3096,3107,361,14,2049,11,11,12,12,0,0,0,0,0,0,2462,0,0,0,0,0,0,1767,2900,6,0,7,276,12,880,-24,0
127.4134,794,3096,3107,456,14,2049,11,12,12,13,0,0,0,0,0,0,2443,0,0,0,0,0,0,1782,3030,6,0,7,274,12,976,-1,0
127.5088,794,3096,3107,551,14,2049,11,13,12,13,0,0,0,0,0,0,2462,0,0,0,0,0,0,1782,3061,6,0,7,268,12,1022,-12,0
127.5999,794,3096,3107,646,14,2049,11,12,11,13,0,0,0,0,0,0,2443,0,0,0,0,0,0,1794,2954,6,0,7,268,13,946,-22,0
127.6952,794,3096,3107,741,14,2049,11,13,11,14,0,0,0,0,0,0,2481,0,0,0,0,0,0,1757,3110,6,0,7,276,12,1076,-89,0
127.7901,794,3096,3107,836,14,2049,11,13,12,13,0,0,0,0,0,0,2455,0,0,0,0,0,0,1821,3127,6,0,7,278,13,1038,-141,0
127.8854,794,3096,3107,931,14,2049,11,13,11,13,0,0,0,0,0,0,2455,0,0,0,0,0,0,1763,3113,6,0,7,278,12,1019,-181,0
127.9770,794,3096,3363,26,14,2049,11,12,11,12,0,0,0,0,0,0,2468,0,0,0,0,0,0,1753,2921,6,0,7,281,12,939,-130,0
128.0690,794,3096,3363,111,14,2049,11,13,12,12,0,0,0,0,0,0,2455,0,0,0,0,0,0,1872,3071,6,0,7,279,13,1003,-100,0
128.1609,794,3096,3363,206,14,2049,11,14,13,12,0,0,0,0,0,0,2455,0,0,0,0,0,0,1890,3013,6,0,7,277,13,1037,-88,0
128.2525,794,3096,3363,296,14,2049,11,14,12,12,0,0,0,0,0,0,2443,0,0,0,0,0,0,1888,3237,6,0,7,278,13,1018,-46,0
128.3442,794,3096,3363,386,14,2049,11,14,12,12,0,0,0,0,0,0,2474,0,0,0,0,0,0,1888,3237,6,0,7,278,13,1018,-46,0
128.4358,794,3096,3363,481,14,2049,11,14,11,12,0,0,0,0,0,0,2436,0,0,0,0,0,0,1993,3210,6,0,7,282,14,1100,-83,0
128.5272,794,3096,3363,571,14,2049,11,13,13,12,0,0,0,0,0,0,2455,0,0,0,0,0,0,1931,3072,6,0,7,287,13,1024,6,0
128.6186,794,3096,3363,661,14,2049,11,12,13,12,0,0,0,0,0,0,2455,0,0,0,0,0,0,1809,2869,6,0,7,281,13,907,59,0
128.7105,794,3096,3363,756,14,2049,11,12,12,13,0,0,0,0,0,0,2462,0,0,0,0,0,0,1760,3052,6,0,7,276,12,918,6,0
128.8021,794,3096,3363,846,14,2049,11,12,13,12,0,0,0,0,0,0,2455,0,0,0,0,0,0,1777,3013,6,0,7,286,12,894,-47,0
128.8938,794,3096,3363,936,14,2049,11,11,13,12,0,0,0,0,0,0,2436,0,0,0,0,0,0,1745,2840,6,0,7,279,12,835,10,0
128.9856,794,3096,3619,31,14,2049,11,13,15,14,0,0,0,0,0,0,2443,0,0,0,0,0,0,1837,2993,6,0,7,297,13,989,-80,0
129.0775,794,3096,3619,116,14,2049,11,13,14,14,0,0,0,0,0,0,2436,0,0,0,0,0,0,1925,3119,6,0,7,288,13,1040,-39,0
129.1689,794,3096,3619,211,14,2049,11,12,14,14,0,0,0,0,0,0,2455,0,0,0,0,0,0,1880,2992,6,0,7,295,13,978,27,0
129.2647,794,3096,3619,301,14,2049,11,13,15,13,0,0,0,0,0,0,2443,0,0,0,0,0,0,1854,3100,6,0,7,282,13,989,-31,0
129.3560,794,3096,3619,396,14,2049,11,13,14,13,0,0,0,0,0,0,2455,0,0,0,0,0,0,1843,3065,6,0,7,282,13,959,-54,0
129.4475,794,3096,3619,486,14,2049,11,11,13,13,0,0,0,0,0,0,2436,0,0,0,0,0,0,1739,2854,6,0,7,282,12,873,-55,0
129.5392,794,3096,3619,581,14,2049,11,11,13,13,0,0,0,0,0,0,2430,0,0,0,0,0,0,1739,2854,6,0,7,282,12,873,-55,0
129.6306,794,3096,3619,671,14,2049,11,107,42,255,0,0,0,0,0,0,2468,0,0,0,0,0,0,4210,12329,7,0,12,909,67,5677,769,0
129.7220,794,3096,3619,761,14,2049,11,65,28,147,0,0,0,0,0,0,2474,0,0,0,0,0,0,3274,8320,6,0,10,688,42,3727,196,0
129.8135,794,3096,3619,856,14,2049,11,39,22,83,0,0,0,0,0,0,2462,0,0,0,0,0,0,2578,5540,6,0,8,495,27,2347,109,0
129.9050,794,3096,3619,946,14,2049,11,25,16,48,0,0,0,0,0,0,2436,0,0,0,0,0,0,2161,4176,6,0,7,392,20,1637,44,0
129.9966,794,3096,3875,36,14,2049,11,74,26,165,0,0,0,0,0,0,2443,0,0,0,0,0,0,4076,13222,7,0,9,788,45,4664,394,0
130.0912,794,3096,3875,131,14,2049,11,49,19,105,35,0,0,0,0,0,2468,1,0,0,301,0,301,3222,8711,7,0,8,623,31,3248,343,0
130.1865,794,3096,3875,226,14,2049,11,30,17,60,24,0,0,0,0,0,2455,1,0,0,301,0,301,2481,5819,7,0,8,446,22,2054,197,0
130.2795,794,3096,3875,321,14,2049,11,21,14,36,19,0,0,0,0,0,2455,1,0,0,301,0,301,2162,4189,7,0,7,370,17,1488,124,0
130.3726,794,3096,3875,411,14,2049,11,16,14,24,0,0,0,0,0,0,2468,0,0,0,0,0,0,2002,3472,7,0,7,328,15,1202,131,0
130.4660,794,3096,3875,506,14,2049,12,60,22,263,0,0,0,0,0,0,2443,0,0,0,0,0,0,4052,9758,7,0,9,695,41,4228,615,0
130.5590,794,3096,3875,596,14,2049,12,39,18,145,0,0,0,0,0,0,2462,0,0,0,0,0,0,3083,6409,7,0,8,543,28,2825,378,0
130.6516,794,3096,3875,691,14,2049,12,27,15,79,0,0,0,0,0,0,2455,0,0,0,0,0,0,2561,4752,7,0,7,420,21,1976,184,0
130.7448,794,3096,3875,786,14,2049,12,20,13,47,0,0,0,0,0,0,2462,0,0,0,0,0,0,2193,4054,7,0,7,347,17,1524,124,0
130.8372,794,3096,3875,876,14,2049,12,30,14,82,0,0,0,0,0,0,2462,0,0,0,0,0,0,2993,10515,7,0,7,404,23,2321,532,0
130.9301,794,3096,3875,971,14,2049,12,30,14,82,0,0,0,0,0,0,2462,0,0,0,0,0,0,2993,10515,7,0,7,404,23,2321,532,0
131.0229,794,3096,4131,61,14,2049,12,37,14,90,0,0,0,0,0,0,2455,0,0,0,0,0,0,3456,9612,7,0,7,539,27,2930,535,0
131.1152,794,3096,4131,156,14,2049,12,24,13,53,7,0,0,0,0,0,2436,0,0,0,824,251,799,2622,6205,7,0,7,406,20,1892,224,0
131.2079,794,3096,4131,246,14,2049,12,18,13,32,6,0,0,0,0,0,2462,0,0,0,824,251,799,2172,4623,7,0,7,334,16,1411,41,0
131.3010,794,3096,4131,341,14,2049,12,14,13,17,0,0,0,0,0,0,2436,0,0,0,0,0,0,1836,3456,7,0,7,295,13,1176,-176,0
131.3941,794,3096,4131,436,14,2049,12,77,24,167,0,0,0,0,0,0,2462,0,0,0,0,0,0,3981,12510,7,0,10,767,46,4665,377,0
131.4865,794,3096,4131,526,14,2049,12,77,24,167,0,0,0,0,0,0,2468,0,0,0,0,0,0,3981,12510,7,0,10,767,46,4665,377,0
131.5793,794,3096,4131,621,14,2049,12,44,18,90,0,0,0,0,0,0,2443,0,0,0,0,0,0,2882,7746,7,0,8,531,29,2763,175,0
131.6719,794,3096,4131,711,14,2049,12,29,16,51,0,0,0,0,0,0,2436,0,0,0,0,0,0,2429,5326,7,0,7,408,21,1910,107,0
131.7647,794,3096,4131,806,14,2049,12,21,13,32,0,0,0,0,0,0,2462,0,0,0,0,0,0,2148,4119,7,0,7,358,17,1491,115,0
131.8575,794,3096,4131,896,14,2049,12,74,25,160,0,0,0,0,0,0,2430,0,0,0,0,0,0,3665,9534,7,0,10,774,43,4017,50,0
131.9511,794,3096,4131,991,14,2049,12,47,19,99,0,0,0,0,0,0,2436,0,0,0,0,0,0,3009,6536,7,0,8,604,30,2789,118,0
132.0440,794,3096,4387,86,14,2049,12,30,16,57,0,0,0,0,0,0,2455,0,0,0,0,0,0,2470,4779,7,0,8,455,22,1931,113,0
132.1366,794,3096,4387,176,14,2049,12,17,13,24,0,0,0,0,0,0,2436,0,0,0,0,0,0,2020,3493,7,0,7,331,15,1235,-42,0
132.2296,794,3096,4387,271,14,2049,12,40,13,118,0,0,0,0,0,0,2468,0,0,0,0,0,0,3252,9220,7,0,8,541,28,2792,285,0
132.3224,794,3096,4387,361,14,2049,12,115,38,301,0,0,0,0,0,0,2462,0,0,0,0,0,0,5138,17182,7,0,12,1049,74,7008,1400,0
132.4148,794,3096,4387,456,14,2049,12,65,25,159,0,0,0,0,0,0,2436,0,0,0,0,0,0,3572,10129,7,0,10,666,44,4046,708,0
132.5077,794,3096,4387,546,14,2049,12,38,19,85,0,0,0,0,0,0,2468,0,0,0,0,0,0,2659,6426,7,0,8,473,28,2430,357,0
132.6007,794,3096,4387,641,14,2049,12,25,17,49,0,0,0,0,0,0,2436,0,0,0,0,0,0,2221,4624,7,0,7,380,20,1643,165,0
132.6928,794,3096,4387,731,14,2049,12,58,24,135,0,0,0,0,0,0,2462,0,0,0,0,0,0,3913,10507,7,0,9,732,42,4184,1015,0
132.7877,794,3096,4387,826,14,2049,12,36,18,79,0,0,0,0,0,0,2455,0,0,0,0,0,0,2889,6682,7,0,8,545,27,2628,441,0
132.8797,794,3096,4387,921,14,2049,12,24,16,46,0,0,0,0,0,0,2430,0,0,0,0,0,0,2347,4790,7,0,7,408,20,1749,298,0
132.9728,794,3096,4643,11,14,2049,12,18,13,29,0,0,0,0,0,0,2436,0,0,0,0,0,0,2035,3988,7,0,7,338,16,1374,134,0
133.0696,794,3096,4643,106,14,2049,12,28,14,53,0,0,0,0,0,0,2462,0,0,0,0,0,0,2872,9227,7,0,7,431,23,2274,1256,0
133.1624,794,3096,4643,201,14,2049,12,26,14,50,9,0,0,0,0,0,2443,0,0,0,802,130,780,2628,7555,7,0,7,469,20,2151,44,0
133.2548,794,3096,4643,296,14,2049,12,26,14,50,9,0,0,0,0,0,2443,0,0,0,802,130,780,2628,7555,7,0,7,469,20,2151,44,0
133.3471,794,3096,4643,386,14,2049,12,19,13,32,7,0,0,0,0,0,2443,0,0,0,802,130,780,2269,5335,7,0,7,366,17,1562,52,0
133.4398,794,3096,4643,481,14,2049,12,15,13,22,0,0,0,0,0,0,2455,0,0,0,0,0,0,2027,4123,7,0,7,310,15,1202,8,0
133.5352,794,3096,4643,571,14,2049,12,41,15,82,0,0,0,0,0,0,2443,0,0,0,0,0,0,4080,21634,7,0,8,581,39,4131,2788,0
133.6301,794,3096,4643,666,14,2049,12,49,18,83,0,0,0,0,0,0,2468,0,0,0,0,0,0,4091,18771,7,0,8,727,37,4828,-94,0
133.7228,794,3096,4643,761,14,2049,12,31,16,49,0,0,0,0,0,0,2443,0,0,0,0,0,0,2946,10936,7,0,7,517,24,2950,-56,0
133.8160,794,3096,4643,856,14,2049,12,22,13,32,0,0,0,0,0,0,2462,0,0,0,0,0,0,2389,6968,7,0,7,398,19,1926,2,0
133.9099,794,3096,4643,946,14,2049,12,17,13,22,0,0,0,0,0,0,2455,0,0,0,0,0,0,2088,4943,7,0,7,334,16,1394,-29,0
134.0035,794,3096,4899,41,14,2049,12,13,12,16,0,0,0,0,0,0,2443,0,0,0,0,0,0,1838,3963,7,0,7,291,13,1095,-99,0
134.0966,794,3096,4899,131,14,2049,12,13,11,14,0,0,0,0,0,0,2468,0,0,0,0,0,0,1853,3544,7,0,7,280,13,1015,-110,0
134.1883,794,3096,4899,226,14,2049,12,12,12,13,0,0,0,0,0,0,2455,0,0,0,0,0,0,1839,3255,7,0,7,275,13,952,-36,0
134.2805,794,3096,4899,316,14,2049,12,12,12,14,0,0,0,0,0,0,2462,0,0,0,0,0,0,1829,3073,7,0,7,275,13,920,-44,0
134.3731,794,3096,4899,411,14,2049,12,12,12,13,0,0,0,0,0,0,2462,0,0,0,0,0,0,1833,3046,7,0,7,283,13,924,-1,0
134.4656,794,3096,4899,501,14,2049,12,12,12,13,0,0,0,0,0,0,2455,0,0,0,0,0,0,1804,2986,7,0,7,271,13,879,-25,0
134.5589,794,3096,4899,596,14,2049,12,12,11,12,0,0,0,0,0,0,2462,0,0,0,0,0,0,1809,2963,7,0,7,273,13,880,9,0
134.6516,794,3096,4899,686,14,2049,12,11,12,11,0,0,0,0,0,0,2455,0,0,0,0,0,0,1788,2882,7,0,7,269,13,854,46,0
134.7443,794,3096,4899,781,14,2049,12,11,12,11,0,0,0,0,0,0,2468,0,0,0,0,0,0,1788,2882,7,0,7,269,13,854,46,0
134.8365,794,3096,4899,876,14,2049,12,11,11,11,0,0,0,0,0,0,2443,0,0,0,0,0,0,1746,2978,7,0,7,272,12,892,-62,0
134.9299,794,3096,4899,966,14,2049,12,12,12,11,0,0,0,0,0,0,2462,0,0,0,0,0,0,1758,3002,7,0,7,269,12,910,-132,0
135.0217,794,3096,5155,61,14,2049,12,12,13,12,0,0,0,0,0,0,2443,0,0,0,0,0,0,1778,2850,7,0,7,275,12,889,-2,0
135.1174,794,3096,5155,146,14,2049,12,12,13,12,0,0,0,0,0,0,2443,0,0,0,0,0,0,1734,2835,7,0,7,272,12,909,21,0
135.2102,794,3096,5155,241,14,2049,12,12,12,12,0,0,0,0,0,0,2436,0,0,0,0,0,0,1765,2895,7,0,7,267,12,883,16,0
135.3030,794,3096,5155,336,14,2049,12,11,12,12,0,0,0,0,0,0,2462,0,0,0,0,0,0,1763,2793,7,0,7,271,12,854,20,0
135.3960,794,3096,5155,431,14,2049,12,11,14,12,0,0,0,0,0,0,2443,0,0,0,0,0,0,1713,2762,7,0,7,261,12,790,-7,0
135.4888,794,3096,5155,521,14,2049,12,12,13,13,0,0,0,0,0,0,2455,0,0,0,0,0,0,1814,2906,7,0,7,273,13,890,-21,0
135.5867,794,3096,5155,616,14,2049,12,13,12,13,0,0,0,0,0,0,2443,0,0,0,0,0,0,1935,3087,7,0,7,281,13,1015,25,0
135.6800,794,3096,5155,711,14,2049,12,12,12,13,0,0,0,0,0,0,2443,0,0,0,0,0,0,1869,3030,7,0,7,273,13,941,-9,0
135.7746,794,3096,5155,806,14,2049,12,13,12,13,0,0,0,0,0,0,2455,0,0,0,0,0,0,1837,3111,7,0,7,269,13,1005,-64,0
135.8690,794,3096,5155,901,14,2049,12,12,11,12,0,0,0,0,0,0,2462,0,0,0,0,0,0,1771,2890,7,0,7,273,13,900,-10,0
135.9636,794,3096,5155,996,14,2049,12,11,12,12,0,0,0,0,0,0,2474,0,0,0,0,0,0,1749,2858,7,0,7,269,12,847,42,0
136.0561,794,3096,5411,91,14,2049,12,12,11,12,0,0,0,0,0,0,2430,0,0,0,0,0,0,1809,3112,7,0,7,277,13,895,-11,0
136.1506,794,3096,5411,176,14,2049,12,12,12,12,0,0,0,0,0,0,2443,0,0,0,0,0,0,1765,2974,7,0,7,273,12,876,-120,0
136.2430,794,3096,5411,271,14,2049,12,12,12,12,0,0,0,0,0,0,2455,0,0,0,0,0,0,1782,3015,7,0,7,277,12,974,-103,0
136.3360,794,3096,5411,366,14,2049,12,12,12,12,0,0,0,0,0,0,2443,0,0,0,0,0,0,1782,3015,7,0,7,277,12,974,-103,0
136.4289,794,3096,5411,461,14,2049,12,12,12,14,0,0,0,0,0,0,2462,0,0,0,0,0,0,1838,3087,7,0,7,273,13,967,13,0
136.5204,794,3096,5411,551,14,2049,12,12,12,13,0,0,0,0,0,0,2462,0,0,0,0,0,0,1875,3034,7,0,7,273,13,975,9,0
136.6122,794,3096,5411,641,14,2049,12,12,12,12,0,0,0,0,0,0,2455,0,0,0,0,0,0,1849,3005,7,0,7,282,13,952,24,0
136.7041,794,3096,5411,736,14,2049,12,12,12,13,0,0,0,0,0,0,2468,0,0,0,0,0,0,1939,3153,7,0,7,283,13,1031,131,0
136.7959,794,3096,5411,826,14,2049,12,13,12,13,0,0,0,0,0,0,2436,0,0,0,0,0,0,1880,3203,7,0,7,285,13,1015,117,0
136.8891,794,3096,5411,916,14,2049,12,13,11,12,0,0,0,0,0,0,2481,0,0,0,0,0,0,1982,3324,7,0,7,281,14,1088,171,0
136.9840,794,3096,5667,11,14,2049,12,12,11,12,0,0,0,0,0,0,2443,0,0,0,0,0,0,1872,3037,7,0,7,277,13,974,86,0
137.0790,794,3096,5667,106,14,2049,12,12,12,13,0,0,0,0,0,0,2443,0,0,0,0,0,0,1850,2867,7,0,7,278,13,935,59,0
137.1737,794,3096,5667,196,14,2049,12,12,12,12,0,0,0,0,0,0,2443,0,0,0,0,0,0,1736,3049,7,0,7,268,12,1037,-126,0
137.2681,794,3096,5667,291,14,2049,12,12,12,13,0,0,0,0,0,0,2455,0,0,0,0,0,0,1741,2948,7,0,7,276,12,983,-84,0
137.3625,794,3096,5667,386,14,2049,12,13,12,12,0,0,0,0,0,0,2455,0,0,0,0,0,0,1828,3213,7,0,7,286,13,991,-117,0
137.4568,794,3096,5667,481,14,2049,12,12,12,13,0,0,0,0,0,0,2455,0,0,0,0,0,0,1758,3182,7,0,7,275,12,926,-46,0
137.5512,794,3096,5667,576,14,2049,12,12,12,14,0,0,0,0,0,0,2455,0,0,0,0,0,0,1725,3156,7,0,7,274,12,963,-29,0
137.6457,794,3096,5667,671,14,2049,12,11,12,13,0,0,0,0,0,0,2462,0,0,0,0,0,0,1739,2969,7,0,7,268,12,887,-15,0
137.7403,794,3096,5667,766,14,2049,12,12,13,12,0,0,0,0,0,0,2455,0,0,0,0,0,0,1738,2895,7,0,7,274,12,908,33,0
137.8349,794,3096,5667,861,14,2049,12,13,12,12,0,0,0,0,0,0,2430,0,0,0,0,0,0,1752,3063,7,0,7,285,12,1025,73,0
137.9302,794,3096,5667,956,14,2049,12,13,12,12,0,0,0,0,0,0,2436,0,0,0,0,0,0,1752,3063,7,0,7,285,12,1025,73,0
138.0258,794,3096,5923,51,14,2049,12,12,12,13,0,0,0,0,0,0,2455,0,0,0,0,0,0,1718,2951,7,0,7,292,12,977,-45,0
138.1177,794,3096,5923,146,14,2049,12,11,12,12,0,0,0,0,0,0,2455,0,0,0,0,0,0,1699,2809,7,0,7,280,12,858,-35,0
138.2093,794,3096,5923,231,14,2049,12,12,12,13,0,0,0,0,0,0,2436,0,0,0,0,0,0,1728,3142,7,0,7,291,12,929,-167,0
138.3009,794,3096,5923,326,14,2049,12,11,12,13,0,0,0,0,0,0,2474,0,0,0,0,0,0,1724,2892,7,0,7,289,12,859,-92,0
138.3922,794,3096,5923,416,14,2049,12,11,13,13,0,0,0,0,0,0,2443,0,0,0,0,0,0,1713,2898,7,0,7,283,12,827,-10,0
138.4835,794,3096,5923,506,14,2049,12,12,12,13,0,0,0,0,0,0,2462,0,0,0,0,0,0,1688,3338,7,0,7,267,12,1016,-208,0
138.5748,794,3096,5923,601,14,2049,12,13,12,14,0,0,0,0,0,0,2462,0,0,0,0,0,0,1738,3091,7,0,7,266,12,1008,-192,0
138.6661,794,3096,5923,691,14,2049,12,12,12,13,0,0,0,0,0,0,2462,0,0,0,0,0,0,1730,3111,7,0,7,262,12,897,-136,0
138.7614,794,3096,5923,781,14,2049,12,12,12,13,0,0,0,0,0,0,2443,0,0,0,0,0,0,1822,2938,7,0,7,280,13,947,-90,0
138.8567,794,3096,5923,876,14,2049,12,11,12,12,0,0,0,0,0,0,2462,0,0,0,0,0,0,1757,2920,7,0,7,261,12,844,38,0
138.9477,794,3096,5923,971,14,2049,12,11,12,12,0,0,0,0,0,0,2443,0,0,0,0,0,0,1796,2904,7,0,7,265,13,872,64,0
139.0426,794,3096,6179,61,14,2049,12,11,12,12,0,0,0,0,0,0,2436,0,0,0,0,0,0,1801,2964,7,0,7,264,13,870,35,0
139.1377,794,3096,6179,156,14,2049,12,11,11,12,0,0,0,0,0,0,2462,0,0,0,0,0,0,1819,2848,7,0,7,265,13,885,67,0
139.2292,794,3096,6179,251,14,2049,12,12,12,12,0,0,0,0,0,0,2443,0,0,0,0,0,0,1784,2858,7,0,7,273,12,907,-55,0
139.3244,794,3096,6179,341,14,2049,12,12,12,12,0,0,0,0,0,0,2462,0,0,0,0,0,0,1784,2858,7,0,7,273,12,907,-55,0
139.4157,794,3096,6179,436,14,2049,12,12,12,12,0,0,0,0,0,0,2430,0,0,0,0,0,0,1723,2926,7,0,7,273,12,953,-34,0
139.5067,794,3096,6179,526,14,2049,12,12,12,12,0,0,0,0,0,0,2443,0,0,0,0,0,0,1764,2917,7,0,7,280,12,916,51,0
139.6018,794,3096,6179,621,14,2049,12,13,12,12,0,0,0,0,0,0,2455,0,0,0,0,0,0,1784,3168,7,0,7,276,13,992,51,0
139.6929,794,3096,6179,716,14,2049,12,14,12,12,0,0,0,0,0,0,2443,0,0,0,0,0,0,1931,3440,7,0,7,271,14,1072,51,0
139.7840,794,3096,6179,806,14,2049,12,13,12,12,0,0,0,0,0,0,2455,0,0,0,0,0,0,1879,3138,7,0,7,286,13,990,35,0
139.8791,794,3096,6179,896,14,2049,12,12,12,13,0,0,0,0,0,0,2462,0,0,0,0,0,0,1801,2940,7,0,7,279,13,926,-31,0
139.9743,794,3096,6179,991,14,2049,12,12,12,13,0,0,0,0,0,0,2474,0,0,0,0,0,0,1832,3011,7,0,7,268,13,925,-62,0
140.0697,794,3096,6435,86,14,2049,12,12,12,12,0,0,0,0,0,0,2468,0,0,0,0,0,0,1751,2947,7,0,7,269,12,893,-36,0
