t_seconds,0x0030,0x0031,0x0032,0x0033,0x0034,0x0035,0x0036,0x0037,0x0038,0x0039,0x003A,0x003B,0x003C,0x003D,0x003E,0x003F,0x0040,0x0041,0x0042,0x0043,0x0044,0x0045,0x0046,0x0047,0x0048,0x0049,0x004A,0x004B,0x004C,0x004D,0x004E,0x004F,0x0050
0.0944,0,0,5893,25,1977,402,371,15,13,16,0,0,0,0,0,0,2600,0,0,0,0,0,0,1008,-6624,965,0,965,3,973,8,-32314,0
0.1889,0,0,5893,120,1977,402,371,18,14,16,0,0,0,0,0,0,2638,0,0,0,0,0,0,1008,13536,965,0,965,3,973,10,8874,0
0.2802,0,0,5893,210,1977,402,371,16,13,15,0,0,0,0,0,0,2613,0,0,0,0,0,0,1008,21728,965,0,965,3,973,9,-20253,0
0.3755,0,0,5893,300,1977,402,371,14,14,16,0,0,0,0,0,0,2607,0,0,0,0,0,0,1007,21408,965,0,965,2,972,7,16240,0
0.4707,0,0,5893,395,1977,402,371,13,13,16,0,0,0,0,0,0,2600,0,0,0,0,0,0,1006,25600,965,0,965,2,971,7,19166,0
0.5633,0,0,5893,490,1977,402,371,12,14,16,0,0,0,0,0,0,2607,0,0,0,0,0,0,1006,21632,965,0,965,2,971,6,4365,0
0.6554,0,0,5893,585,1977,402,371,13,13,16,0,0,0,0,0,0,2619,0,0,0,0,0,0,1006,17824,965,0,965,2,971,7,-13531,0
0.7502,0,0,5893,675,1977,402,371,12,13,16,0,0,0,0,0,0,2613,0,0,0,0,0,0,1006,-2656,965,0,965,2,971,6,-28223,0
0.8452,0,0,5893,770,1977,402,371,12,12,15,0,0,0,0,0,0,2607,0,0,0,0,0,0,1006,20832,965,0,965,2,971,6,27039,0
0.9364,0,0,5893,865,1977,402,371,12,12,17,0,0,0,0,0,0,2588,0,0,0,0,0,0,1006,-21216,965,0,965,2,971,6,18610,0
1.0313,0,0,5893,955,1977,402,371,14,12,16,0,0,0,0,0,0,2588,0,0,0,0,0,0,1006,-30624,965,0,965,3,972,7,-6660,0
1.1264,0,0,6149,50,1977,402,371,14,12,17,0,0,0,0,0,0,2588,0,0,0,0,0,0,1007,8992,965,0,965,3,972,7,-13133,0
1.2219,0,0,6149,145,1977,402,371,13,12,16,0,0,0,0,0,0,2588,0,0,0,0,0,0,1006,-28256,965,0,965,3,971,7,18134,0
1.3134,0,0,6149,240,1977,402,371,13,12,15,0,0,0,0,0,0,2619,0,0,0,0,0,0,1006,8800,965,0,965,2,971,7,-881,0
1.4053,0,0,6149,330,1977,402,371,13,13,15,0,0,0,0,0,0,2613,0,0,0,0,0,0,1006,-9152,965,0,965,2,972,7,-5951,0
1.4969,0,0,6149,420,1977,402,371,13,13,15,0,0,0,0,0,0,2607,0,0,0,0,0,0,1006,-9152,965,0,965,2,972,7,-5951,0
1.5886,0,0,6149,515,1977,402,371,13,12,15,0,0,0,0,0,0,2613,0,0,0,0,0,0,1007,16960,965,0,965,2,972,7,-9481,0
1.6800,0,0,6149,605,1977,402,371,12,12,15,0,0,0,0,0,0,2613,0,0,0,0,0,0,1006,10336,965,0,965,2,971,6,30895,0
1.7713,0,0,6149,695,1977,402,371,12,12,15,0,0,0,0,0,0,2626,0,0,0,0,0,0,1006,23904,965,0,965,2,971,6,23740,0
1.8642,0,0,6149,790,1977,402,371,15,13,16,0,0,0,0,0,0,2626,0,0,0,0,0,0,1007,27984,965,0,965,3,972,8,27647,0
1.9568,0,0,6149,880,1977,402,371,37,29,23,0,0,0,0,0,0,2619,0,0,0,0,0,0,1017,-32632,965,0,965,8,982,20,-17703,0
2.0497,0,0,6149,975,1977,402,371,44,37,28,0,0,0,0,0,0,2588,0,0,0,0,0,0,1021,13576,965,0,965,10,986,23,25906,0
2.1425,0,0,6405,65,1977,402,371,37,26,25,0,0,0,0,0,0,2619,0,0,0,0,0,0,1017,-32538,965,0,965,8,982,20,-3927,0
2.2354,0,0,6405,155,1977,402,371,29,20,22,0,0,0,0,0,0,2607,0,0,0,0,0,0,1014,5724,965,0,965,6,979,15,24297,0
2.3282,0,0,6405,250,1977,402,371,30,22,25,0,0,0,0,0,0,2607,0,0,0,0,0,0,1017,23576,965,0,965,6,982,18,-17267,0
2.4210,0,0,6405,340,1977,402,371,29,20,23,0,0,0,0,0,0,2607,0,0,0,0,0,0,1016,29129,965,0,965,6,981,16,32702,0
2.5138,0,0,6405,435,1977,402,371,24,18,22,0,0,0,0,0,0,2588,0,0,0,0,0,0,1012,12756,965,0,965,5,978,14,-23032,0
2.6060,0,0,6405,525,1977,402,371,23,20,25,0,0,0,0,0,0,2607,0,0,0,0,0,0,1011,1372,965,0,965,5,976,13,28253,0
2.6987,0,0,6405,620,1977,402,371,25,21,24,0,0,0,0,0,0,2619,0,0,0,0,0,0,1011,-10824,965,0,965,5,976,14,29968,0
2.7918,0,0,6405,710,1977,402,371,22,18,21,0,0,0,0,0,0,2613,0,0,0,0,0,0,1011,-9456,965,0,965,4,976,12,1323,0
2.8841,0,0,6405,805,1977,402,371,18,16,19,0,0,0,0,0,0,2619,0,0,0,0,0,0,1009,13792,965,0,965,3,974,10,-397,0
2.9773,0,0,6405,900,1977,402,371,18,16,19,0,0,0,0,0,0,2588,0,0,0,0,0,0,1009,13792,965,0,965,3,974,10,-397,0
3.0706,0,0,6405,990,1977,402,371,16,16,19,0,0,0,0,0,0,2613,0,0,0,0,0,0,1008,-13168,965,0,965,3,973,8,-28663,0
3.1638,0,0,6661,85,1977,402,371,16,16,17,0,0,0,0,0,0,2613,0,0,0,0,0,0,1009,-10256,965,0,965,3,974,10,-267,0
3.2565,0,0,6661,175,1977,402,371,15,16,17,0,0,0,0,0,0,2588,0,0,0,0,0,0,1008,-5120,965,0,965,3,974,8,-24690,0
3.3498,0,0,6661,265,1977,402,371,14,14,17,0,0,0,0,0,0,2575,0,0,0,0,0,0,1007,-30496,965,0,965,3,972,8,12138,0
3.4431,0,0,6661,360,1977,402,371,14,12,16,0,0,0,0,0,0,2607,0,0,0,0,0,0,1007,-13216,965,0,965,3,972,7,-10469,0
3.5358,0,0,6661,455,1977,402,371,14,12,16,0,0,0,0,0,0,2626,0,0,0,0,0,0,1007,-10288,965,0,965,3,972,7,11250,0
3.6286,0,0,6661,545,1977,402,371,15,12,17,0,0,0,0,0,0,2619,0,0,0,0,0,0,1007,17696,965,0,965,3,973,8,22205,0
3.7212,0,0,6661,640,1977,402,371,15,12,19,0,0,0,0,0,0,2600,0,0,0,0,0,0,1007,-5648,965,0,965,3,972,7,-3496,0
3.8138,0,0,6661,730,1977,402,371,15,12,19,0,0,0,0,0,0,2626,0,0,0,0,0,0,1007,25328,965,0,965,3,972,8,-27349,0
3.9066,0,0,6661,825,1977,402,371,15,13,18,0,0,0,0,0,0,2607,0,0,0,0,0,0,1007,12432,965,0,965,3,972,8,22665,0
3.9993,0,0,6661,915,1977,402,371,15,16,17,0,0,0,0,0,0,2619,0,0,0,0,0,0,1007,24496,965,0,965,3,972,8,3324,0
4.0952,0,0,6917,10,1977,402,371,16,15,16,0,0,0,0,0,0,2607,0,0,0,0,0,0,1008,13344,965,0,965,3,973,8,-30890,0
4.1881,0,0,6917,105,1977,402,371,15,14,16,0,0,0,0,0,0,2607,0,0,0,0,0,0,1007,23056,965,0,965,3,972,8,6218,0
4.2826,0,0,6917,195,1977,402,371,13,13,17,0,0,0,0,0,0,2613,0,0,0,0,0,0,1006,16448,965,0,965,2,971,7,20252,0
4.3770,0,0,6917,290,1977,402,371,14,15,17,0,0,0,0,0,0,2626,0,0,0,0,0,0,1006,-3904,965,0,965,2,972,7,-22095,0
4.4714,0,0,6917,380,1977,402,371,14,14,16,0,0,0,0,0,0,2588,0,0,0,0,0,0,1007,-28288,965,0,965,2,972,7,32368,0
4.5658,0,0,6917,475,1977,402,371,14,14,16,0,0,0,0,0,0,2613,0,0,0,0,0,0,1007,-28288,965,0,965,2,972,7,32368,0
4.6607,0,0,6917,570,1977,402,371,13,14,17,0,0,0,0,0,0,2613,0,0,0,0,0,0,1006,23680,965,0,965,2,972,6,-5544,0
4.7528,0,0,6917,665,1977,402,371,14,14,17,0,0,0,0,0,0,2588,0,0,0,0,0,0,1007,-8176,965,0,965,3,972,7,18691,0
4.8444,0,0,6917,760,1977,402,371,14,13,16,0,0,0,0,0,0,2588,0,0,0,0,0,0,1007,29056,965,0,965,3,972,7,-21572,0
4.9388,0,0,6917,850,1977,402,371,14,14,16,0,0,0,0,0,0,2607,0,0,0,0,0,0,1007,-5376,965,0,965,3,972,7,15466,0
5.0338,0,0,6917,945,1977,402,371,15,13,17,0,0,0,0,0,0,2613,0,0,0,0,0,0,1007,-15712,965,0,965,3,972,7,19242,0
5.1288,0,0,7173,40,1977,402,371,13,12,16,0,0,0,0,0,0,2619,0,0,0,0,0,0,1006,-4672,965,0,965,3,972,7,-3400,0
5.2199,0,0,7173,135,1977,402,371,16,12,17,0,0,0,0,0,0,2607,0,0,0,0,0,0,1009,19872,965,0,965,3,974,9,7471,0
5.3156,0,0,7173,220,1977,402,371,15,12,17,0,0,0,0,0,0,2588,0,0,0,0,0,0,1007,30704,965,0,965,3,973,8,-15730,0
5.4074,0,0,7173,315,1977,402,371,15,12,16,0,0,0,0,0,0,2607,0,0,0,0,0,0,1007,-608,965,0,965,3,973,8,-11761,0
5.4989,0,0,7173,410,1977,402,371,15,12,15,0,0,0,0,0,0,2588,0,0,0,0,0,0,1007,-9296,965,0,965,3,972,7,32045,0
5.5931,0,0,7173,500,1977,402,371,14,12,15,0,0,0,0,0,0,2613,0,0,0,0,0,0,1007,27360,965,0,965,2,972,7,24315,0
5.6876,0,0,7173,595,1977,402,371,15,12,17,0,0,0,0,0,0,2613,0,0,0,0,0,0,1008,7504,965,0,965,3,973,8,-21098,0
5.7818,0,0,7173,690,1977,402,371,16,13,17,0,0,0,0,0,0,2588,0,0,0,0,0,0,1008,-19248,965,0,965,3,974,8,-26062,0
5.8760,0,0,7173,780,1977,402,371,17,15,16,0,0,0,0,0,0,2613,0,0,0,0,0,0,1008,-2816,965,0,965,3,973,9,13805,0
5.9704,0,0,7173,875,1977,402,371,23,15,16,0,0,0,0,0,0,2607,0,0,0,0,0,0,1012,18148,965,0,965,4,976,12,-28644,0
6.0646,0,0,7173,970,1977,402,371,24,17,17,0,0,0,0,0,0,2626,0,0,0,0,0,0,1012,-25356,965,0,965,5,977,12,-7473,0
6.1587,0,0,7429,65,1977,402,371,21,15,18,0,0,0,0,0,0,2582,0,0,0,0,0,0,1011,-24432,965,0,965,4,976,11,2311,0
6.2530,0,0,7429,160,1977,402,371,21,15,18,0,0,0,0,0,0,2600,0,0,0,0,0,0,1011,-24432,965,0,965,4,976,11,2311,0
6.3474,0,0,7429,250,1977,402,371,17,14,19,0,0,0,0,0,0,2600,0,0,0,0,0,0,1008,12848,965,0,965,3,974,9,-4151,0
6.4420,0,0,7429,345,1977,402,371,15,13,19,0,0,0,0,0,0,2588,0,0,0,0,0,0,1007,16000,965,0,965,3,973,8,14758,0
6.5364,0,0,7429,435,1977,402,371,13,13,20,0,0,0,0,0,0,2588,0,0,0,0,0,0,1007,20192,965,0,965,3,972,7,636,0
6.6307,0,0,7429,530,1977,402,371,13,12,18,0,0,0,0,0,0,2588,0,0,0,0,0,0,1007,-16352,965,0,965,3,972,7,-17278,0
6.7248,0,0,7429,625,1977,402,371,13,12,17,0,0,0,0,0,0,2588,0,0,0,0,0,0,1006,14208,965,0,965,2,972,6,10336,0
6.8192,0,0,7429,720,1977,402,371,14,12,16,0,0,0,0,0,0,2619,0,0,0,0,0,0,1007,21280,965,0,965,3,973,7,-13892,0
6.9133,0,0,7429,815,1977,402,371,15,12,15,0,0,0,0,0,0,2588,0,0,0,0,0,0,1008,-15648,965,0,965,3,973,8,-16808,0
7.0076,0,0,7429,910,1977,402,371,14,13,14,0,0,0,0,0,0,2607,0,0,0,0,0,0,1007,-1984,965,0,965,3,973,8,11727,0
7.1020,0,0,7685,5,1977,402,371,20,14,16,0,0,0,0,0,0,2575,0,0,0,0,0,0,1010,22736,965,0,965,4,975,10,-30002,0
7.1961,0,0,7685,95,1977,402,371,35,23,22,0,0,0,0,0,0,2613,0,0,0,0,0,0,1017,9624,965,0,965,8,982,18,-13790,0
7.2902,0,0,7685,190,1977,402,371,33,21,22,52,28,30,0,0,0,2607,2,1,1,297,0,0,1017,32060,965,0,965,7,982,18,17008,0
7.3844,0,0,7685,285,1977,402,371,25,17,20,0,0,0,0,0,0,2575,0,0,0,0,0,0,1013,4712,965,0,965,5,978,13,3979,0
7.4787,0,0,7685,380,1977,402,371,20,16,19,0,0,0,0,0,0,2613,0,0,0,0,0,0,1010,18088,965,0,965,4,976,10,17284,0
7.5730,0,0,7685,475,1977,402,371,18,14,18,0,0,0,0,0,0,2607,0,0,0,0,0,0,1009,12592,965,0,965,3,974,9,14265,0
7.6669,0,0,7685,570,1977,402,371,15,13,16,0,0,0,0,0,0,2600,0,0,0,0,0,0,1007,7648,965,0,965,3,973,7,16320,0
7.7612,0,0,7685,660,1977,402,371,15,13,16,0,0,0,0,0,0,2607,0,0,0,0,0,0,1008,-13184,965,0,965,3,973,8,13450,0
7.8555,0,0,7685,755,1977,402,371,16,14,17,0,0,0,0,0,0,2619,0,0,0,0,0,0,1008,-6080,965,0,965,3,973,8,-11024,0
7.9497,0,0,7685,850,1977,402,371,16,13,17,0,0,0,0,0,0,2619,0,0,0,0,0,0,1008,-18848,965,0,965,3,973,8,28706,0
8.0441,0,0,7685,945,1977,402,371,14,12,15,0,0,0,0,0,0,2607,0,0,0,0,0,0,1007,32256,965,0,965,3,972,7,15408,0
8.1383,0,0,7941,40,1977,402,371,13,13,16,0,0,0,0,0,0,2607,0,0,0,0,0,0,1007,-352,965,0,965,2,972,7,-22722,0
8.2326,0,0,7941,135,1977,402,371,13,13,15,0,0,0,0,0,0,2613,0,0,0,0,0,0,1007,22688,965,0,965,2,972,7,-29827,0
8.3268,0,0,7941,225,1977,402,371,12,13,16,0,0,0,0,0,0,2600,0,0,0,0,0,0,1006,27360,965,0,965,2,972,6,-7726,0
8.4213,0,0,7941,320,1977,402,371,13,12,16,0,0,0,0,0,0,2600,0,0,0,0,0,0,1006,28576,965,0,965,2,972,7,15915,0
8.5155,0,0,7941,415,1977,402,371,13,12,15,0,0,0,0,0,0,2613,0,0,0,0,0,0,1006,14944,965,0,965,2,971,7,20904,0
8.6101,0,0,7941,505,1977,402,371,13,11,15,0,0,0,0,0,0,2613,0,0,0,0,0,0,1005,32416,965,0,965,2,971,7,-11668,0
8.7045,0,0,7941,600,1977,402,371,13,11,16,0,0,0,0,0,0,2607,0,0,0,0,0,0,1006,-26400,965,0,965,3,971,7,24168,0
8.7987,0,0,7941,695,1977,402,371,13,11,16,0,0,0,0,0,0,2600,0,0,0,0,0,0,1006,-26400,965,0,965,3,971,7,24168,0
8.8930,0,0,7941,790,1977,402,371,12,12,15,0,0,0,0,0,0,2588,0,0,0,0,0,0,1006,15168,965,0,965,3,971,6,-32383,0
8.9883,0,0,7941,885,1977,402,371,13,12,15,0,0,0,0,0,0,2613,0,0,0,0,0,0,1006,-1888,965,0,965,3,972,7,-18151,0
9.0824,0,0,7941,980,1977,402,371,13,11,15,0,0,0,0,0,0,2607,0,0,0,0,0,0,1006,26816,965,0,965,2,971,6,29897,0
9.1766,0,0,8197,75,1977,402,371,13,12,15,0,0,0,0,0,0,2613,0,0,0,0,0,0,1006,2336,965,0,965,2,971,7,28752,0
9.2708,0,0,8197,170,1977,402,372,14,12,17,0,0,0,0,0,0,2638,0,0,0,0,0,0,1006,26816,965,0,965,2,971,7,-2997,0
9.3630,0,0,8197,260,1977,402,372,12,12,16,0,0,0,0,0,0,2575,0,0,0,0,0,0,1006,-31008,965,0,965,2,971,6,16852,0
9.4577,0,0,8197,350,1977,402,372,12,13,16,0,0,0,0,0,0,2607,0,0,0,0,0,0,1006,-14688,965,0,965,3,971,6,19479,0
9.5523,0,0,8197,445,1977,402,372,12,12,16,0,0,0,0,0,0,2588,0,0,0,0,0,0,1006,16960,965,0,965,2,971,6,13634,0
9.6465,0,0,8197,540,1977,402,372,13,13,15,0,0,0,0,0,0,2613,0,0,0,0,0,0,1006,22208,965,0,965,3,972,7,-4129,0
9.7407,0,0,8197,635,1977,402,372,14,12,15,0,0,0,0,0,0,2588,0,0,0,0,0,0,1007,12864,965,0,965,3,972,8,-26408,0
9.8351,0,0,8197,730,1977,402,372,14,12,16,0,0,0,0,0,0,2600,0,0,0,0,0,0,1007,-416,965,0,965,3,972,7,-15042,0
9.9294,0,0,8197,820,1977,402,372,13,11,17,0,0,0,0,0,0,2600,0,0,0,0,0,0,1006,17120,965,0,965,2,971,6,-654,0
10.0238,0,0,8197,915,1977,402,372,13,11,16,0,0,0,0,0,0,2600,0,0,0,0,0,0,1007,-15904,965,0,965,2,972,7,12151,0
10.1181,0,0,8453,10,1977,402,372,13,12,17,0,0,0,0,0,0,2613,0,0,0,0,0,0,1006,1600,965,0,965,2,971,7,-23296,0
10.2125,0,0,8453,105,1977,402,372,15,12,16,0,0,0,0,0,0,2569,0,0,0,0,0,0,1007,20640,965,0,965,3,972,8,14463,0
10.3069,0,0,8453,200,1977,402,372,15,13,16,0,0,0,0,0,0,2600,0,0,0,0,0,0,1007,13056,965,0,965,3,973,8,1573,0
10.4011,0,0,8453,290,1977,402,372,14,14,17,0,0,0,0,0,0,2607,0,0,0,0,0,0,1007,19552,965,0,965,3,972,7,-29395,0
10.4954,0,0,8453,385,1977,402,372,14,13,15,0,0,0,0,0,0,2607,0,0,0,0,0,0,1007,-4768,965,0,965,3,972,7,28813,0
10.5897,0,0,8453,480,1977,402,372,15,13,16,0,0,0,0,0,0,2600,0,0,0,0,0,0,1007,-14192,965,0,965,3,972,8,1353,0
10.6839,0,0,8453,575,1977,402,372,14,13,16,0,0,0,0,0,0,2588,0,0,0,0,0,0,1006,5920,965,0,965,3,972,7,3819,0
10.7790,0,0,8453,665,1977,402,372,14,13,16,0,0,0,0,0,0,2588,0,0,0,0,0,0,1007,-15200,965,0,965,3,972,7,-11349,0
10.8741,0,0,8453,760,1977,402,372,14,13,16,0,0,0,0,0,0,2607,0,0,0,0,0,0,1007,-15200,965,0,965,3,972,7,-11349,0
10.9685,0,0,8453,855,1977,402,372,13,12,17,0,0,0,0,0,0,2588,0,0,0,0,0,0,1007,-23936,965,0,965,2,972,7,5080,0
11.0628,0,0,8453,950,1977,402,372,13,13,16,0,0,0,0,0,0,2607,0,0,0,0,0,0,1007,11904,965,0,965,2,972,7,6308,0
11.1577,0,0,8709,45,1977,402,372,15,14,17,0,0,0,0,0,0,2619,0,0,0,0,0,0,1008,-12736,965,0,965,3,973,8,-32652,0
11.2526,0,0,8709,140,1977,402,372,18,15,18,0,0,0,0,0,0,2588,0,0,0,0,0,0,1009,18000,965,0,965,4,975,9,-31624,0
11.3440,0,0,8709,235,1977,402,372,15,14,18,0,0,0,0,0,0,2588,0,0,0,0,0,0,1008,10208,965,0,965,3,973,8,-26032,0
11.4356,0,0,8709,325,1977,402,372,16,13,17,0,0,0,0,0,0,2607,0,0,0,0,0,0,1009,-17184,965,0,965,3,974,9,30136,0
11.5284,0,0,8709,415,1977,402,372,15,13,17,0,0,0,0,0,0,2607,0,0,0,0,0,0,1008,-7792,965,0,965,3,974,8,2053,0
11.6205,0,0,8709,510,1977,402,372,15,13,16,0,0,0,0,0,0,2613,0,0,0,0,0,0,1008,29968,965,0,965,3,974,8,4550,0
11.7138,0,0,8709,600,1977,402,372,63,36,26,0,0,0,0,0,0,2600,0,0,0,0,0,0,1034,20824,965,0,964,15,998,35,2113,0
11.8057,0,0,8709,695,1977,402,372,65,36,29,0,0,0,0,0,0,2588,0,0,0,0,0,0,1034,-12316,965,0,965,17,998,34,-31193,0
11.9011,0,0,8709,785,1977,402,372,57,30,27,0,0,0,0,0,0,2619,0,0,0,0,0,0,1028,13198,965,0,966,14,994,30,-15493,0
11.9967,0,0,8709,880,1977,402,372,38,22,24,0,0,0,0,0,0,2607,0,0,0,0,0,0,1019,28248,965,0,965,9,984,20,-31287,0
12.0884,0,0,8709,975,1977,402,372,29,17,20,0,0,0,0,0,0,2619,0,0,0,0,0,0,1014,-9120,965,0,965,6,980,15,23981,0
12.1800,0,0,8965,70,1977,402,372,22,14,19,0,0,0,0,0,0,2582,0,0,0,0,0,0,1011,976,965,0,965,4,976,11,15715,0
12.2714,0,0,8965,160,1977,402,372,19,14,19,0,0,0,0,0,0,2588,0,0,0,0,0,0,1010,24672,965,0,965,3,975,10,20155,0
12.3669,0,0,8965,250,1977,402,372,19,14,19,0,0,0,0,0,0,2588,0,0,0,0,0,0,1010,24672,965,0,965,3,975,10,20155,0
12.4586,0,0,8965,340,1977,402,372,17,13,18,0,0,0,0,0,0,2588,0,0,0,0,0,0,1009,19040,965,0,965,3,974,9,30442,0
12.5505,0,0,8965,435,1977,402,372,14,12,18,0,0,0,0,0,0,2607,0,0,0,0,0,0,1007,23008,965,0,965,3,972,7,23161,0
12.6425,0,0,8965,525,1977,402,372,14,12,18,0,0,0,0,0,0,2607,0,0,0,0,0,0,1007,10560,965,0,965,3,973,8,-30958,0
12.7342,0,0,8965,620,1977,402,372,14,12,17,0,0,0,0,0,0,2607,0,0,0,0,0,0,1008,30720,965,0,965,3,973,8,7358,0
12.8261,0,0,8965,710,1977,402,372,13,13,17,0,0,0,0,0,0,2607,0,0,0,0,0,0,1007,-32160,965,0,965,3,972,7,-10574,0
12.9184,0,0,8965,800,1977,402,372,14,12,16,0,0,0,0,0,0,2613,0,0,0,0,0,0,1007,2368,965,0,965,2,972,7,-3285,0
13.0109,0,0,8965,895,1977,402,372,14,13,16,0,0,0,0,0,0,2607,0,0,0,0,0,0,1007,12384,965,0,965,2,972,7,5049,0
13.1026,0,0,8965,985,1977,402,372,14,12,16,0,0,0,0,0,0,2575,0,0,0,0,0,0,1007,13920,965,0,965,2,972,7,26577,0
13.1947,0,0,9221,80,1977,402,372,13,12,16,0,0,0,0,0,0,2619,0,0,0,0,0,0,1007,25312,965,0,965,2,972,7,-32501,0
13.2866,0,0,9221,170,1977,402,372,13,13,16,0,0,0,0,0,0,2607,0,0,0,0,0,0,1006,-20096,965,0,965,2,971,7,20735,0
13.3784,0,0,9221,260,1977,402,372,15,12,17,0,0,0,0,0,0,2588,0,0,0,0,0,0,1008,-10688,965,0,965,3,973,8,32724,0
13.4703,0,0,9221,350,1977,402,372,14,12,17,0,0,0,0,0,0,2619,0,0,0,0,0,0,1007,-23824,965,0,965,3,972,8,-9797,0
13.5651,0,0,9221,440,1977,402,372,13,14,17,0,0,0,0,0,0,2607,0,0,0,0,0,0,1006,-4928,965,0,965,2,971,7,1008,0
13.6567,0,0,9221,535,1977,402,372,18,13,16,0,0,0,0,0,0,2613,0,0,0,0,0,0,1008,-20672,965,0,965,3,974,10,30530,0
13.7492,0,0,9221,630,1977,402,372,18,13,16,0,0,0,0,0,0,2588,0,0,0,0,0,0,1008,-20672,965,0,965,3,974,10,30530,0
13.8421,0,0,9221,720,1977,402,372,20,13,15,0,0,0,0,0,0,2600,0,0,0,0,0,0,1010,12736,965,0,965,3,976,11,-21517,0
13.9346,0,0,9221,815,1977,402,372,15,12,16,0,0,0,0,0,0,2588,0,0,0,0,0,0,1008,-15712,965,0,965,3,973,8,5291,0
14.0275,0,0,9221,905,1977,402,372,15,12,16,0,0,0,0,0,0,2575,0,0,0,0,0,0,1007,25760,965,0,965,3,973,8,-13722,0
14.1211,0,0,9477,0,1977,402,372,15,12,15,0,0,0,0,0,0,2607,0,0,0,0,0,0,1007,11552,965,0,965,2,972,8,-30052,0
14.2158,0,0,9477,95,1977,402,372,14,12,16,0,0,0,0,0,0,2607,0,0,0,0,0,0,1007,25152,965,0,965,2,972,7,17876,0
14.3071,0,0,9477,185,1977,402,372,14,13,15,0,0,0,0,0,0,2588,0,0,0,0,0,0,1007,-15200,965,0,965,2,972,8,31372,0
14.4014,0,0,9477,275,1977,402,372,13,13,15,0,0,0,0,0,0,2613,0,0,0,0,0,0,1007,10208,965,0,965,2,972,7,-852,0
14.4956,0,0,9477,370,1977,402,372,19,14,16,0,0,0,0,0,0,2626,0,0,0,0,0,0,1009,15808,965,0,965,3,975,10,29840,0
14.5898,0,0,9477,465,1977,402,372,21,14,16,0,0,0,0,0,0,2607,0,0,0,0,0,0,1009,30160,965,0,965,3,974,11,-32129,0
14.6829,0,0,9477,555,1977,402,372,18,15,16,0,0,0,0,0,0,2613,0,0,0,0,0,0,1008,22608,965,0,965,3,973,9,30114,0
14.7774,0,0,9477,650,1977,402,372,16,15,17,0,0,0,0,0,0,2600,0,0,0,0,0,0,1007,-22192,965,0,965,3,972,8,-9094,0
14.8728,0,0,9477,745,1977,402,372,15,14,15,0,0,0,0,0,0,2607,0,0,0,0,0,0,1008,28080,965,0,965,3,973,9,-13243,0
14.9652,0,0,9477,840,1977,402,372,15,12,14,0,0,0,0,0,0,2588,0,0,0,0,0,0,1007,28720,965,0,965,3,972,9,-27881,0
15.0589,0,0,9477,935,1977,402,372,15,12,15,0,0,0,0,0,0,2613,0,0,0,0,0,0,1008,-19648,965,0,965,3,973,9,29777,0
15.1511,0,0,9733,25,1977,402,372,16,12,16,0,0,0,0,0,0,2600,0,0,0,0,0,0,1007,-29232,965,0,965,3,972,9,7493,0
15.2427,0,0,9733,120,1977,402,372,18,12,16,0,0,0,0,0,0,2600,0,0,0,0,0,0,1008,-21760,965,0,965,3,973,10,-2952,0
15.3345,0,0,9733,210,1977,402,372,18,12,16,0,0,0,0,0,0,2613,0,0,0,0,0,0,1008,-21760,965,0,965,3,973,10,-2952,0
15.4300,0,0,9733,300,1977,402,372,16,13,17,0,0,0,0,0,0,2588,0,0,0,0,0,0,1007,19904,965,0,965,3,973,8,-4001,0
15.5230,0,0,9733,395,1977,402,372,16,13,17,0,0,0,0,0,0,2588,0,0,0,0,0,0,1008,-1120,965,0,965,3,973,8,3068,0
15.6158,0,0,9733,485,1977,402,372,15,12,17,0,0,0,0,0,0,2588,0,0,0,0,0,0,1008,-19488,965,0,965,3,973,8,22667,0
15.7087,0,0,9733,580,1977,402,372,13,12,16,0,0,0,0,0,0,2607,0,0,0,0,0,0,1007,27872,965,0,965,2,972,7,-1597,0
15.8014,0,0,9733,670,1977,402,372,13,12,17,0,0,0,0,0,0,2600,0,0,0,0,0,0,1006,-19680,965,0,965,2,972,7,-7414,0
15.8940,0,0,9733,765,1977,402,372,13,12,17,0,0,0,0,0,0,2582,0,0,0,0,0,0,1006,-480,965,0,965,2,972,7,16166,0
15.9867,0,0,9733,855,1977,402,372,14,12,15,0,0,0,0,0,0,2613,0,0,0,0,0,0,1007,-28608,965,0,965,3,972,7,-7093,0
16.0794,0,0,9733,950,1977,402,372,90,38,117,0,0,0,0,0,0,2588,0,0,0,0,0,0,1022,17408,965,0,963,13,985,69,31088,0
16.1718,0,0,9989,45,1977,402,371,1065,543,378,0,0,0,0,0,0,2607,0,0,0,0,0,0,1604,-22256,965,82,1004,216,1634,720,-17645,0
16.2635,0,0,9989,135,1981,405,375,1051,491,428,0,0,0,0,0,0,2588,0,0,0,0,0,0,1548,-9504,967,68,1087,210,1690,621,-9060,0
16.3552,0,0,9989,225,1981,407,377,771,296,451,0,0,0,0,0,0,2607,0,0,0,0,0,0,1365,29034,967,44,1034,177,1425,460,28428,0
16.4472,0,0,9989,320,1972,409,375,638,348,440,14904,7311,9244,0,0,0,2588,9580,4699,5941,24,4,29,1409,15349,963,33,794,233,1115,486,14233,0
16.5389,0,0,9989,410,1968,408,381,715,402,589,16857,8642,13583,0,0,0,2600,10834,5555,8731,24,4,29,1368,9001,961,39,806,249,1102,544,7469,0
16.6306,0,0,9989,500,1964,406,394,895,524,714,21841,7934,11532,0,0,0,2600,14038,5099,7412,24,4,29,1418,-27160,959,65,817,320,1158,665,4175,0
16.7224,0,0,9989,595,1964,406,394,895,524,714,21841,7934,11532,0,0,0,2600,14038,5099,7412,24,4,29,1418,-27160,959,65,817,320,1158,665,4175,0
16.8144,0,0,9989,685,1949,404,410,594,317,481,14950,5155,9026,0,0,0,2607,9609,3313,5802,24,4,29,1481,20025,952,36,527,365,763,667,1994,0
16.9062,0,0,9989,780,1934,403,423,362,240,321,9274,4372,6537,0,0,0,2588,5961,2810,4202,24,4,29,1371,-21973,944,19,371,278,517,493,1123,0
16.9979,0,0,9989,870,1922,405,438,493,578,443,-16443,-23823,-25974,0,0,0,2607,26703,2986,-3930,24,4,29,1797,-6474,938,16,365,310,657,922,-655,0
17.0902,0,0,9989,960,1909,406,451,345,455,309,-30901,30333,27751,0,0,0,2619,-19764,31946,23651,24,4,29,1478,31890,932,9,355,221,529,657,392,0
17.1824,0,0,10245,55,1898,406,465,312,331,287,30354,21285,25423,0,0,0,2607,32017,2870,16168,24,4,29,1425,17709,927,6,369,188,527,522,266,0
17.2745,0,0,10245,145,1884,406,479,278,437,482,4676,3740,5189,0,0,0,2588,2504,2003,2779,24,4,29,1507,-22733,920,4,306,216,456,579,-113,0
17.3659,0,0,10245,240,1869,406,493,301,371,389,4259,4305,5349,0,0,0,2619,2281,2306,2865,24,4,29,1831,23246,912,3,248,249,433,909,-475,0
17.4581,0,0,10245,330,1855,404,507,335,316,316,8783,7853,7688,0,0,0,2613,8064,7211,7059,17,7,2,1708,12751,905,5,247,298,411,888,-232,0
17.5501,0,0,10245,420,1840,402,522,370,271,298,9491,5893,5645,0,0,0,2613,8715,5411,5183,17,7,2,1707,8578,898,5,210,397,353,1233,572,0
17.6416,0,0,10245,515,1824,401,536,438,370,300,13198,11640,7738,0,0,0,2607,12118,10688,7105,17,7,2,1936,5262,890,11,186,713,353,1620,159,0
17.7334,0,0,10245,605,1810,398,550,357,269,231,9716,8455,5589,0,0,0,2600,8921,7763,5132,17,7,2,1811,4795,883,7,194,481,347,1178,11,0
17.8256,0,0,10245,695,1798,394,563,301,195,223,9342,5499,5413,0,0,0,2588,8578,5049,4971,17,7,2,1496,3949,878,6,252,357,357,878,651,0
17.9176,0,0,10245,790,1789,391,575,433,163,326,12844,4729,8554,0,0,0,2588,11794,4342,7855,17,7,2,1594,3361,873,11,352,326,561,822,-28,0
18.0094,0,0,10245,880,1789,391,575,433,163,326,12844,4729,8554,0,0,0,2600,11794,4342,7855,17,7,2,1594,3361,873,11,352,326,561,822,-28,0
18.1047,0,0,10245,975,1780,388,587,350,163,265,10749,5471,7452,0,0,0,2613,9870,5023,6843,17,7,2,1434,2621,869,7,409,237,577,554,127,0
18.1966,0,0,10501,70,1770,386,599,411,290,337,11399,9773,8571,0,0,0,2600,10467,8974,7870,17,7,2,1554,2892,864,8,389,250,599,643,64,0
18.2888,0,0,10501,160,1760,384,611,712,446,410,19536,13589,11628,0,0,0,2607,17938,12478,10677,17,7,2,1865,3300,859,27,426,391,803,1054,-410,0
18.3810,0,0,10501,250,1749,383,623,606,407,420,18659,12605,10484,0,0,0,2588,17133,11574,9626,17,7,2,1748,2472,854,23,384,419,680,920,-57,0
18.4726,0,0,10501,345,1737,381,636,1458,789,944,-180,-30646,-22636,0,0,0,2607,8955,9217,26377,7,17,9,3096,4862,848,54,354,799,1061,3078,-247,0
18.5646,0,0,10501,435,1722,379,650,1517,702,815,-4139,29851,-28064,0,0,0,2600,471,-1580,14749,7,17,9,3886,8339,840,46,278,1253,1002,5451,-1015,0
18.6565,0,0,10501,530,1706,376,663,1082,534,619,-24275,23020,26778,0,0,0,2619,22867,-16214,-8163,7,17,9,4517,14791,833,25,178,1281,702,6716,1339,0
18.7486,0,0,10501,620,1690,374,676,757,610,509,29706,25383,20612,0,0,0,2613,-1890,-11153,-21375,7,17,9,4490,11428,825,14,126,1266,517,6328,1570,0
18.8405,0,0,10501,710,1674,371,690,496,346,331,22557,15529,14949,0,0,0,2588,-17206,-32265,32028,7,17,9,3840,7529,817,8,91,1262,348,5076,295,0
18.9325,0,0,10501,805,1660,368,702,487,321,296,27111,15352,16491,0,0,0,2607,-7450,-32643,-30203,7,17,9,3186,5026,810,10,139,975,412,3574,-187,0
19.0244,0,0,10501,895,1646,365,715,318,286,195,18754,14647,11420,0,0,0,2613,-25354,31381,24469,7,17,9,2347,3729,803,5,131,635,299,2118,224,0
19.1165,0,0,10501,990,1635,362,726,254,368,208,6957,6984,4416,0,0,0,2613,6388,6413,4055,7,17,9,1840,2824,798,3,203,402,332,1235,145,0
19.2089,0,0,10757,80,1624,359,738,211,235,189,6189,4624,4515,0,0,0,2607,5683,4246,4146,7,17,9,1583,2745,793,2,239,279,349,789,-273,0
19.3044,0,0,10757,170,1614,357,749,387,312,303,27439,16022,18243,0,0,0,2607,-6748,-31208,-26451,7,17,9,1817,3652,788,10,283,367,511,1022,-895,0
19.3965,0,0,10757,270,1614,357,749,387,312,303,27439,16022,18243,0,0,0,2607,-6748,-31208,-26451,7,17,9,1817,3652,788,10,283,367,511,1022,-895,0
19.4888,0,0,10757,360,1605,355,760,464,351,302,-19276,29818,24071,0,0,0,2582,17599,30293,11823,4,34,4,1999,5674,783,12,317,357,639,1165,-1651,0
19.5814,0,0,10757,450,1594,354,771,749,447,316,-2436,-20090,30241,0,0,0,2607,6179,14980,31654,4,34,4,2250,4683,778,22,307,524,690,1556,-748,0
19.6736,0,0,10757,545,1579,355,783,658,455,552,-10921,-23188,-16320,0,0,0,2613,-21089,5024,27098,4,34,4,2498,4529,771,16,205,970,487,2776,61,0
19.7661,0,0,10757,635,1567,353,795,657,613,535,-16362,-11900,-15733,0,0,0,2619,26962,-24234,28985,4,34,4,2451,4590,765,13,192,791,460,2505,390,0
19.8580,0,0,10757,730,1555,351,807,488,473,420,-22593,-21716,-29850,0,0,0,2588,6937,9756,-16384,4,34,4,2097,3125,759,9,185,655,386,1749,-35,0
19.9501,0,0,10757,820,1541,349,818,323,393,297,4372,5013,3635,0,0,0,2588,2007,2301,1669,4,34,4,1838,2602,752,5,150,520,283,1257,235,0
20.0426,0,0,10757,915,1529,346,830,264,265,225,3584,3108,2806,0,0,0,2607,1645,1426,1288,4,34,4,1605,3573,746,3,145,423,238,1150,696,0
20.1356,0,0,11013,5,1516,343,841,235,176,189,23410,15098,17679,0,0,0,2575,9700,-17014,-8720,4,34,4,1547,2958,740,3,155,366,242,935,233,0
20.2276,0,0,11013,100,1505,340,852,156,104,123,15367,8800,11521,0,0,0,2607,-16148,28281,-28510,4,34,4,1400,3273,735,1,170,227,238,597,-432,0
20.3193,0,0,11013,190,1494,337,862,86,58,68,8241,4896,6287,0,0,0,2607,26484,15734,20206,4,34,4,1224,2317,729,0,177,120,215,323,-1375,0
20.4117,0,0,11013,285,1483,334,873,50,35,41,4641,2883,3676,0,0,0,2575,14917,9267,11814,4,34,4,1130,-24982,724,0,180,66,202,182,-1848,0
20.5047,0,0,11013,375,1472,331,884,31,24,27,2786,1900,2272,0,0,0,2588,8956,6108,7304,4,17,188,1081,10654,718,0,183,38,197,107,-2041,0
20.5972,0,0,11013,470,1461,328,894,22,18,21,0,0,0,0,0,0,2588,0,0,0,0,0,0,1057,-27486,713,0,184,25,194,71,-2665,0
20.6898,0,0,11013,560,1450,326,905,17,16,18,0,0,0,0,0,0,2600,0,0,0,0,0,0,1045,20887,708,0,185,18,194,52,-3010,0
20.7846,0,0,11013,655,1450,326,905,17,16,18,0,0,0,0,0,0,2613,0,0,0,0,0,0,1045,20887,708,0,185,18,194,52,-3010,0
20.8764,0,0,11013,750,1439,323,915,14,14,16,0,0,0,0,0,0,2588,0,0,0,0,0,0,1037,-8541,702,0,186,14,193,44,-2396,0
20.9680,0,0,11013,840,1429,320,925,16,13,16,0,0,0,0,0,0,2607,0,0,0,0,0,0,1037,-24820,697,0,187,13,194,48,-1782,0
21.0597,0,0,11013,930,1418,317,935,16,14,16,0,0,0,0,0,0,2607,0,0,0,0,0,0,1044,21347,692,0,188,13,196,50,-1305,0
21.1551,0,0,11269,25,1408,315,945,16,14,16,0,0,0,0,0,0,2600,0,0,0,0,0,0,1043,3137,687,0,188,14,196,46,-902,0
21.2465,0,0,11269,120,1398,312,955,17,13,19,0,0,0,0,0,0,2588,0,0,0,0,0,0,1046,4443,682,0,189,16,197,47,-428,0
21.3380,0,0,11269,210,1388,310,965,16,13,18,0,0,0,0,0,0,2575,0,0,0,0,0,0,1046,-19253,677,0,188,15,197,47,-844,0
21.4296,0,0,11269,300,1378,307,975,16,13,17,0,0,0,0,0,0,2607,0,0,0,0,0,0,1042,4704,672,0,189,14,197,44,-718,0
21.5212,0,0,11269,395,1368,304,984,71,60,51,317,197,240,0,0,0,2613,48,30,36,103,391,81,1142,-28493,667,0,185,82,211,237,270,0
21.6129,0,0,11269,485,1359,302,993,92,55,72,537,214,409,0,0,0,2607,82,32,62,103,391,81,1212,19512,663,0,213,116,259,266,-204,0
21.7047,0,0,11269,575,1350,299,1003,101,61,78,539,264,418,0,0,0,2607,82,40,64,103,391,81,1238,11042,659,0,217,116,270,270,-251,0
21.7964,0,0,11269,670,1341,297,1012,78,53,57,379,217,283,0,0,0,2607,58,33,43,103,391,81,1188,4168,654,0,220,81,261,204,-510,0
21.8883,0,0,11269,760,1332,294,1021,49,32,39,228,132,183,0,0,0,2607,35,20,28,103,391,81,1117,13165,650,0,220,49,246,125,-992,0
21.9797,0,0,11269,850,1323,292,1030,33,23,26,142,89,127,0,0,0,2607,21,13,19,103,391,81,1078,-28858,646,0,221,30,238,82,-1758,0
22.0747,0,0,11269,945,1323,292,1030,33,23,26,142,89,127,0,0,0,2569,21,13,19,103,391,81,1078,-28858,646,0,221,30,238,82,-1758,0
22.1699,0,0,11525,40,1314,290,1039,22,19,21,0,0,0,0,0,0,2619,0,0,0,0,0,0,1051,25537,642,0,221,19,232,56,-4870,0
22.2613,0,0,11525,135,1306,287,1048,18,15,18,0,0,0,0,0,0,2588,0,0,0,0,0,0,1042,12235,637,0,221,15,230,44,-6176,0
22.3526,0,0,11525,225,1297,285,1056,18,14,16,0,0,0,0,0,0,2600,0,0,0,0,0,0,1042,-16280,633,0,221,12,230,43,-7689,0
22.4440,0,0,11525,315,1289,282,1065,16,14,16,0,0,0,0,0,0,2613,0,0,0,0,0,0,1039,-28244,629,0,221,11,230,40,-5119,0
22.5355,0,0,11525,405,1280,280,1073,14,13,17,0,0,0,0,0,0,2607,0,0,0,0,0,0,1035,26602,625,0,221,10,229,35,-5596,0
22.6273,0,0,11525,495,1272,278,1082,19,24,18,0,0,0,0,0,0,2607,0,0,0,0,0,0,1042,-16027,621,0,221,13,231,44,-3701,0
22.7188,0,0,11525,585,1264,276,1090,18,18,19,0,0,0,0,0,0,2613,0,0,0,0,0,0,1041,-17423,617,0,221,12,230,42,-3862,0
22.8102,0,0,11525,680,1256,273,1099,16,15,16,0,0,0,0,0,0,2607,0,0,0,0,0,0,1035,1134,613,0,222,11,230,39,-5661,0
22.9018,0,0,11525,770,1248,271,1107,16,15,18,0,0,0,0,0,0,2600,0,0,0,0,0,0,1037,14203,609,0,222,10,230,39,-5022,0
22.9933,0,0,11525,860,1240,269,1115,17,14,18,0,0,0,0,0,0,2575,0,0,0,0,0,0,1042,-11556,605,0,222,11,231,43,-4551,0
23.0886,0,0,11525,955,1232,267,1123,17,15,19,0,0,0,0,0,0,2607,0,0,0,0,0,0,1039,-27796,601,0,223,11,232,40,-2184,0
23.1800,0,0,11781,50,1224,264,1131,19,17,20,0,0,0,0,0,0,2607,0,0,0,0,0,0,1039,-20502,598,0,221,14,229,47,-1268,0
23.2756,0,0,11781,140,1217,262,1139,18,18,19,0,0,0,0,0,0,2600,0,0,0,0,0,0,1037,-32440,594,0,222,13,230,44,-2015,0
23.3669,0,0,11781,235,1209,260,1147,20,17,20,0,0,0,0,0,0,2600,0,0,0,0,0,0,1039,20723,590,0,222,15,230,51,-1037,0
23.4592,0,0,11781,325,1209,260,1147,20,17,20,0,0,0,0,0,0,2588,0,0,0,0,0,0,1039,20723,590,0,222,15,230,51,-1037,0
23.5515,0,0,11781,420,1201,258,1154,26,35,34,257,302,246,0,0,0,2582,97,114,93,294,42,294,1056,3375,586,0,222,22,234,62,-691,0
23.6435,0,0,11781,510,1194,256,1162,28,37,30,310,336,281,0,0,0,2613,117,127,106,294,42,294,1065,31005,583,0,222,26,237,68,-629,0
23.7356,0,0,11781,605,1187,254,1170,157,269,243,1633,1934,1618,0,0,0,2607,617,731,612,294,42,294,1313,17564,579,1,226,139,298,357,-266,0
23.8277,0,0,11781,695,1180,252,1177,187,175,198,294,191,243,0,0,0,2607,15,10,13,294,42,294,1412,-22179,576,1,232,171,329,449,-446,0
23.9193,0,0,11781,785,1172,250,1184,108,97,112,170,107,143,0,0,0,2613,9,5,7,294,42,294,1237,-19249,572,0,230,99,286,256,-452,0
24.0144,0,0,11781,880,1165,248,1192,63,56,64,98,62,83,0,0,0,2600,5,3,4,294,42,294,1139,-9624,569,0,230,57,263,148,-440,0
24.1091,0,0,11781,975,1158,246,1199,42,35,41,61,40,53,0,0,0,2600,3,2,2,294,42,294,1090,-9499,565,0,230,35,251,99,-473,0
24.2036,0,0,12037,70,1152,244,1206,28,23,28,0,0,0,0,0,0,2607,0,0,0,0,0,0,1061,3285,562,0,230,23,244,65,663,0
24.2980,0,0,12037,165,1145,242,1213,22,18,21,0,0,0,0,0,0,2600,0,0,0,0,0,0,1045,-21706,559,0,230,16,240,53,684,0
24.3925,0,0,12037,255,1138,240,1220,17,16,17,0,0,0,0,0,0,2619,0,0,0,0,0,0,1036,-17672,555,0,230,12,238,40,652,0
24.4848,0,0,12037,350,1131,239,1227,15,15,16,0,0,0,0,0,0,2607,0,0,0,0,0,0,1034,2478,552,0,230,10,238,36,3489,0
24.5775,0,0,12037,440,1125,237,1234,13,14,15,0,0,0,0,0,0,2607,0,0,0,0,0,0,1029,9400,549,0,230,9,236,31,3930,0
24.6707,0,0,12037,535,1118,235,1241,13,13,15,0,0,0,0,0,0,2613,0,0,0,0,0,0,1029,-27638,546,0,230,9,237,30,7334,0
24.7635,0,0,12037,625,1112,233,1248,14,13,14,0,0,0,0,0,0,2600,0,0,0,0,0,0,1027,-14842,543,0,230,9,236,34,7419,0
24.8561,0,0,12037,720,1105,231,1254,84,97,90,0,0,0,0,0,0,2600,0,0,0,0,0,0,1131,-4616,539,0,232,64,263,219,4211,0
24.9488,0,0,12037,810,1099,230,1261,106,101,85,0,0,0,0,0,0,2613,0,0,0,0,0,0,1166,31645,536,0,230,105,268,282,2444,0
25.0413,0,0,12037,905,1099,230,1261,106,101,85,0,0,0,0,0,0,2607,0,0,0,0,0,0,1166,31645,536,0,230,105,268,282,2444,0
25.1342,0,0,12037,995,1093,228,1267,68,59,54,0,0,0,0,0,0,2600,0,0,0,0,0,0,1112,-27034,533,0,229,64,255,174,1116,0
25.2267,0,0,12293,90,1086,226,1274,43,36,37,0,0,0,0,0,0,2600,0,0,0,0,0,0,1072,-25784,530,0,228,39,245,109,1263,0
25.3191,0,0,12293,180,1080,224,1280,28,25,26,0,0,0,0,0,0,2607,0,0,0,0,0,0,1052,-21235,527,0,228,24,240,70,-967,0
25.4117,0,0,12293,275,1074,222,1287,20,19,21,0,0,0,0,0,0,2613,0,0,0,0,0,0,1040,-30047,524,0,228,16,237,49,-2151,0
25.5051,0,0,12293,365,1068,221,1293,16,15,18,0,0,0,0,0,0,2600,0,0,0,0,0,0,1034,21728,521,0,228,13,236,38,2249,0
25.5979,0,0,12293,455,1062,219,1299,15,13,16,0,0,0,0,0,0,2607,0,0,0,0,0,0,1031,15538,518,0,228,11,235,35,741,0
25.6906,0,0,12293,550,1056,217,1305,13,14,16,0,0,0,0,0,0,2600,0,0,0,0,0,0,1028,2919,515,0,228,10,234,31,4920,0
25.7834,0,0,12293,640,1050,216,1312,13,13,16,0,0,0,0,0,0,2575,0,0,0,0,0,0,1028,19269,513,0,228,9,234,29,1780,0
25.8767,0,0,12293,735,1044,214,1318,23,13,29,0,0,0,0,0,0,2607,0,0,0,0,0,0,1055,-18645,510,0,227,14,240,56,640,0
25.9695,0,0,12293,830,1039,212,1324,40,23,38,0,0,0,0,0,0,2626,0,0,0,0,0,0,1084,24018,507,0,228,40,247,92,273,0
26.0620,0,0,12293,920,1033,211,1329,39,23,37,0,0,0,0,0,0,2600,0,0,0,0,0,0,1082,12519,504,0,229,43,248,89,201,0
26.1549,0,0,12549,15,1027,209,1335,33,19,34,0,0,0,0,0,0,2600,0,0,0,0,0,0,1068,-1021,501,0,229,34,245,74,25,0
26.2482,0,0,12549,105,1022,208,1341,26,26,29,0,0,0,0,0,0,2619,0,0,0,0,0,0,1054,18879,499,0,228,26,241,58,-187,0
26.3410,0,0,12549,200,1016,206,1347,27,38,28,0,0,0,0,0,0,2626,0,0,0,0,0,0,1056,30667,496,0,229,26,242,61,-222,0
26.4336,0,0,12549,290,1011,204,1353,22,28,22,0,0,0,0,0,0,2613,0,0,0,0,0,0,1045,-10946,493,0,228,19,239,52,-768,0
26.5260,0,0,12549,385,1011,204,1353,22,28,22,0,0,0,0,0,0,2613,0,0,0,0,0,0,1045,-10946,493,0,228,19,239,52,-768,0
26.6187,0,0,12549,475,1005,203,1358,20,21,20,0,0,0,0,0,0,2607,0,0,0,0,0,0,1038,11839,491,0,228,16,237,48,-1529,0
26.7112,0,0,12549,565,1000,201,1364,16,17,17,0,0,0,0,0,0,2607,0,0,0,0,0,0,1032,-17877,488,0,228,12,236,39,51,0
26.8037,0,0,12549,660,995,200,1369,16,15,16,0,0,0,0,0,0,2600,0,0,0,0,0,0,1033,2666,485,0,228,12,236,37,-362,0
26.8962,0,0,12549,750,989,198,1375,18,15,16,0,0,0,0,0,0,2588,0,0,0,0,0,0,1039,31372,483,0,228,14,237,41,-731,0
26.9890,0,0,12549,845,984,197,1380,15,14,15,0,0,0,0,0,0,2607,0,0,0,0,0,0,1032,29831,480,0,228,11,236,35,1431,0
27.0813,0,0,12549,935,979,195,1386,15,13,15,0,0,0,0,0,0,2619,0,0,0,0,0,0,1030,12334,478,0,228,11,235,34,1498,0
27.1741,0,0,12805,30,974,194,1391,15,13,15,0,0,0,0,0,0,2600,0,0,0,0,0,0,1029,13436,475,0,228,10,235,34,-843,0
27.2667,0,0,12805,120,969,193,1396,15,12,15,0,0,0,0,0,0,2607,0,0,0,0,0,0,1028,-9351,473,0,228,10,235,35,-950,0
27.3596,0,0,12805,215,964,191,1401,14,13,16,0,0,0,0,0,0,2607,0,0,0,0,0,0,1029,1933,470,0,228,9,235,33,1235,0
27.4523,0,0,12805,310,959,190,1406,12,13,16,0,0,0,0,0,0,2607,0,0,0,0,0,0,1027,-22996,468,0,229,9,235,29,3226,0
27.5448,0,0,12805,400,954,188,1412,13,18,17,0,0,0,0,0,0,2613,0,0,0,0,0,0,1029,3308,465,0,229,10,235,30,2029,0
27.6376,0,0,12805,490,949,187,1417,14,16,17,0,0,0,0,0,0,2613,0,0,0,0,0,0,1029,22661,463,0,228,10,235,31,603,0
27.7304,0,0,12805,580,944,186,1422,12,14,16,0,0,0,0,0,0,2613,0,0,0,0,0,0,1026,7700,461,0,229,9,235,28,1611,0
27.8230,0,0,12805,675,939,184,1427,12,13,17,0,0,0,0,0,0,2607,0,0,0,0,0,0,1026,10054,458,0,228,9,235,28,5568,0
27.9161,0,0,12805,765,939,184,1427,12,13,17,0,0,0,0,0,0,2607,0,0,0,0,0,0,1026,10054,458,0,228,9,235,28,5568,0
28.0087,0,0,12805,860,935,183,1431,12,14,16,0,0,0,0,0,0,2600,0,0,0,0,0,0,1027,-28634,456,0,228,9,235,28,3353,0
28.1014,0,0,12805,955,930,182,1436,12,15,15,0,0,0,0,0,0,2607,0,0,0,0,0,0,1026,19922,454,0,229,9,235,28,2927,0
28.1967,0,0,13061,45,925,180,1441,13,14,16,0,0,0,0,0,0,2626,0,0,0,0,0,0,1026,9961,452,0,228,9,234,31,2229,0
28.2920,0,0,13061,140,921,179,1446,14,13,16,0,0,0,0,0,0,2607,0,0,0,0,0,0,1031,-24464,449,0,229,9,236,33,2945,0
28.3834,0,0,13061,235,916,178,1451,14,13,16,0,0,0,0,0,0,2613,0,0,0,0,0,0,1031,6774,447,0,228,9,236,33,5178,0
28.4754,0,0,13061,330,912,176,1455,13,13,15,0,0,0,0,0,0,2588,0,0,0,0,0,0,1029,13177,445,0,229,8,235,29,3639,0
28.5679,0,0,13061,420,907,175,1460,13,13,15,0,0,0,0,0,0,2600,0,0,0,0,0,0,1029,6588,443,0,229,9,235,31,1514,0
28.6598,0,0,13061,510,903,174,1464,13,12,14,0,0,0,0,0,0,2588,0,0,0,0,0,0,1029,-27182,441,0,229,8,235,30,3988,0
28.7520,0,0,13061,600,899,173,1469,12,12,14,0,0,0,0,0,0,2600,0,0,0,0,0,0,1026,9330,439,0,229,8,235,28,6617,0
28.8438,0,0,13061,690,894,172,1473,12,12,15,0,0,0,0,0,0,2600,0,0,0,0,0,0,1028,-11507,436,0,229,8,235,29,5025,0
28.9361,0,0,13061,785,890,170,1478,12,12,15,0,0,0,0,0,0,2607,0,0,0,0,0,0,1028,-25602,434,0,229,8,235,28,5756,0
29.0280,0,0,13061,875,886,169,1482,13,12,14,0,0,0,0,0,0,2613,0,0,0,0,0,0,1029,-25069,432,0,229,8,236,30,5214,0
29.1195,0,0,13061,970,882,168,1486,13,12,14,0,0,0,0,0,0,2588,0,0,0,0,0,0,1029,20569,430,0,229,8,236,29,2956,0
29.2107,0,0,13317,60,878,167,1491,13,13,14,0,0,0,0,0,0,2619,0,0,0,0,0,0,1027,-15421,428,0,229,9,235,28,1956,0
29.3061,0,0,13317,150,878,167,1491,13,13,14,0,0,0,0,0,0,2607,0,0,0,0,0,0,1027,-15421,428,0,229,9,235,28,1956,0
29.3977,0,0,13317,245,874,166,1495,14,13,14,0,0,0,0,0,0,2607,0,0,0,0,0,0,1029,6484,426,0,229,9,236,30,1452,0
29.4930,0,0,13317,340,870,164,1499,12,13,14,0,0,0,0,0,0,2613,0,0,0,0,0,0,1027,26892,424,0,229,8,235,27,2213,0
29.5845,0,0,13317,435,866,163,1503,13,13,14,0,0,0,0,0,0,2600,0,0,0,0,0,0,1029,6093,422,0,229,9,236,29,4680,0
29.6764,0,0,13317,520,862,162,1507,13,12,14,0,0,0,0,0,0,2600,0,0,0,0,0,0,1032,11437,420,0,229,9,237,32,434,0
29.7687,0,0,13317,615,858,161,1512,14,13,14,0,0,0,0,0,0,2600,0,0,0,0,0,0,1030,-26862,419,0,229,8,236,32,5064,0
29.8614,0,0,13317,705,854,160,1516,13,12,15,0,0,0,0,0,0,2613,0,0,0,0,0,0,1028,13643,417,0,230,8,236,29,7972,0
29.9536,0,0,13317,800,850,159,1520,12,12,15,0,0,0,0,0,0,2607,0,0,0,0,0,0,1027,19835,415,0,230,8,236,28,7100,0
30.0467,0,0,13317,890,846,158,1524,13,12,14,0,0,0,0,0,0,2607,0,0,0,0,0,0,1032,-18838,413,0,230,8,237,32,7812,0
30.1392,0,0,13317,985,842,157,1527,12,12,14,0,0,0,0,0,0,2588,0,0,0,0,0,0,1030,-19130,411,0,230,8,237,30,5729,0
30.2320,0,0,13573,75,839,156,1531,13,13,15,0,0,0,0,0,0,2588,0,0,0,0,0,0,1031,-31712,409,0,230,9,237,31,3760,0
30.3231,0,0,13573,170,835,155,1535,12,13,15,0,0,0,0,0,0,2588,0,0,0,0,0,0,1027,-12982,408,0,230,8,236,30,4732,0
30.4182,0,0,13573,260,831,154,1539,12,12,15,0,0,0,0,0,0,2613,0,0,0,0,0,0,1028,8033,406,0,230,8,237,29,8349,0
30.5109,0,0,13573,355,828,153,1543,13,12,14,0,0,0,0,0,0,2588,0,0,0,0,0,0,1032,31940,404,0,230,8,237,32,9021,0
30.6027,0,0,13573,450,824,152,1546,13,14,14,0,0,0,0,0,0,2588,0,0,0,0,0,0,1029,4319,402,0,230,8,237,32,6776,0
30.6945,0,0,13573,535,824,152,1546,13,14,14,0,0,0,0,0,0,2575,0,0,0,0,0,0,1029,4319,402,0,230,8,237,32,6776,0
30.7863,0,0,13573,630,821,151,1550,13,14,15,0,0,0,0,0,0,2607,0,0,0,0,0,0,1027,-22034,401,0,230,8,237,29,7338,0
30.8784,0,0,13573,720,817,150,1554,14,13,14,0,0,0,0,0,0,2600,0,0,0,0,0,0,1030,-15183,399,0,230,8,237,31,8215,0
30.9730,0,0,13573,810,814,149,1557,13,13,15,0,0,0,0,0,0,2607,0,0,0,0,0,0,1026,7155,397,0,230,8,236,30,11517,0
31.0679,0,0,13573,905,810,148,1561,13,13,16,0,0,0,0,0,0,2613,0,0,0,0,0,0,1026,-2370,395,0,230,8,236,29,9170,0
31.1634,0,0,13829,0,807,147,1565,13,12,15,0,0,0,0,0,0,2575,0,0,0,0,0,0,1028,1247,394,0,230,8,237,30,6542,0
31.2555,0,0,13829,95,804,146,1568,14,12,14,0,0,0,0,0,0,2588,0,0,0,0,0,0,1031,2131,392,0,230,8,238,32,8486,0
31.3490,0,0,13829,190,800,145,1572,13,12,14,0,0,0,0,0,0,2607,0,0,0,0,0,0,1030,13020,391,0,230,8,237,30,6189,0
31.4413,0,0,13829,280,797,144,1575,13,11,15,0,0,0,0,0,0,2588,0,0,0,0,0,0,1028,-6821,389,0,230,9,237,29,4638,0
31.5335,0,0,13829,375,794,143,1578,13,13,15,0,0,0,0,0,0,2600,0,0,0,0,0,0,1027,-23268,387,0,230,9,237,29,5537,0
31.6255,0,0,13829,465,791,142,1582,13,12,16,0,0,0,0,0,0,2607,0,0,0,0,0,0,1032,-3286,386,0,230,8,238,33,7657,0
31.7181,0,0,13829,555,787,141,1585,13,13,16,0,0,0,0,0,0,2613,0,0,0,0,0,0,1030,8445,384,0,230,8,237,30,5123,0
31.8109,0,0,13829,645,784,140,1588,12,12,15,0,0,0,0,0,0,2607,0,0,0,0,0,0,1027,13293,383,0,230,8,237,28,5871,0
31.9036,0,0,13829,740,781,139,1592,11,12,15,0,0,0,0,0,0,2613,0,0,0,0,0,0,1024,31159,381,0,230,8,236,25,8212,0
31.9960,0,0,13829,830,778,138,1595,12,12,15,0,0,0,0,0,0,2600,0,0,0,0,0,0,1025,-8818,380,0,230,8,236,27,6840,0
32.0885,0,0,13829,925,775,138,1598,12,12,15,0,0,0,0,0,0,2588,0,0,0,0,0,0,1027,14509,378,0,230,8,237,27,5907,0
32.1813,0,0,14085,15,775,138,1598,12,12,15,0,0,0,0,0,0,2600,0,0,0,0,0,0,1027,14509,378,0,230,8,237,27,5907,0
32.2738,0,0,14085,110,772,137,1601,11,12,14,0,0,0,0,0,0,2613,0,0,0,0,0,0,1024,-4110,377,0,230,8,236,25,6096,0
32.3662,0,0,14085,200,769,136,1604,14,12,14,0,0,0,0,0,0,2626,0,0,0,0,0,0,1027,6684,375,0,230,8,237,32,5799,0
32.4585,0,0,14085,295,766,135,1607,13,13,15,0,0,0,0,0,0,2607,0,0,0,0,0,0,1027,31659,374,0,230,8,237,29,6697,0
32.5510,0,0,14085,385,763,134,1611,12,13,15,0,0,0,0,0,0,2607,0,0,0,0,0,0,1025,-10303,372,0,230,8,236,28,7881,0
32.6433,0,0,14085,480,760,133,1614,13,13,15,0,0,0,0,0,0,2626,0,0,0,0,0,0,1027,-17978,371,0,230,9,237,29,8503,0
32.7361,0,0,14085,565,757,133,1617,13,13,15,0,0,0,0,0,0,2600,0,0,0,0,0,0,1028,28225,370,0,230,9,237,29,2861,0
32.8285,0,0,14085,660,754,132,1620,13,13,14,0,0,0,0,0,0,2613,0,0,0,0,0,0,1028,-10549,368,0,231,9,237,30,4986,0
32.9199,0,0,14085,750,752,131,1623,13,13,14,0,0,0,0,0,0,2582,0,0,0,0,0,0,1027,9652,367,0,230,9,237,29,6338,0
33.0143,0,0,14085,845,749,130,1625,13,12,15,0,0,0,0,0,0,2613,0,0,0,0,0,0,1028,-17958,365,0,230,8,237,29,5666,0
33.1094,0,0,14085,935,746,129,1628,13,13,15,0,0,0,0,0,0,2600,0,0,0,0,0,0,1029,-23062,364,0,231,9,237,30,5571,0
33.2016,0,0,14341,30,743,129,1631,12,13,15,0,0,0,0,0,0,2607,0,0,0,0,0,0,1028,17325,363,0,230,8,237,29,11353,0
33.2946,0,0,14341,125,741,128,1634,13,12,14,0,0,0,0,0,0,2613,0,0,0,0,0,0,1029,-3018,361,0,230,8,237,29,11570,0
33.3871,0,0,14341,220,738,127,1637,13,11,14,0,0,0,0,0,0,2588,0,0,0,0,0,0,1029,-22914,360,0,231,8,237,29,10229,0
33.4795,0,0,14341,310,735,126,1640,13,11,14,0,0,0,0,0,0,2600,0,0,0,0,0,0,1029,-14317,359,0,231,8,237,29,10824,0
33.5719,0,0,14341,405,733,126,1642,12,11,14,0,0,0,0,0,0,2600,0,0,0,0,0,0,1027,-13693,358,0,231,8,237,28,9339,0
33.6637,0,0,14341,495,733,126,1642,12,11,14,0,0,0,0,0,0,2588,0,0,0,0,0,0,1027,-13693,358,0,231,8,237,28,9339,0
33.7554,0,0,14341,585,730,125,1645,12,12,14,0,0,0,0,0,0,2600,0,0,0,0,0,0,1025,-8125,356,0,231,8,236,27,9911,0
33.8472,0,0,14341,675,728,124,1648,14,12,14,0,0,0,0,0,0,2607,0,0,0,0,0,0,1029,-6436,355,0,230,8,237,30,12442,0
33.9390,0,0,14341,770,725,123,1651,13,12,15,0,0,0,0,0,0,2600,0,0,0,0,0,0,1027,-3218,354,0,230,8,237,30,6427,0
34.0322,0,0,14341,860,722,123,1653,13,13,13,0,0,0,0,0,0,2607,0,0,0,0,0,0,1027,14272,353,0,231,8,237,28,7842,0
34.1276,0,0,14341,955,720,122,1656,12,13,13,0,0,0,0,0,0,2619,0,0,0,0,0,0,1027,-15904,351,0,230,8,237,28,7171,0
34.2194,0,0,14597,50,717,121,1658,12,12,13,0,0,0,0,0,0,2569,0,0,0,0,0,0,1027,6111,350,0,231,8,237,27,8377,0
34.3107,0,0,14597,140,715,120,1661,12,12,14,0,0,0,0,0,0,2600,0,0,0,0,0,0,1027,-13841,349,0,231,8,237,28,6063,0
34.4053,0,0,14597,235,713,120,1664,13,11,14,0,0,0,0,0,0,2588,0,0,0,0,0,0,1027,8445,348,0,231,8,237,29,4588,0
34.5010,0,0,14597,325,710,119,1666,12,12,14,0,0,0,0,0,0,2588,0,0,0,0,0,0,1026,6425,347,0,231,8,237,27,1656,0
34.5937,0,0,14597,425,708,118,1669,13,12,15,0,0,0,0,0,0,2607,0,0,0,0,0,0,1026,26051,345,0,231,8,237,28,2275,0
34.6864,0,0,14597,515,706,118,1671,12,12,15,0,0,0,0,0,0,2588,0,0,0,0,0,0,1026,-11887,344,0,231,8,237,27,4757,0
34.7790,0,0,14597,605,703,117,1673,13,13,14,0,0,0,0,0,0,2588,0,0,0,0,0,0,1029,27779,343,0,231,8,237,29,3457,0
34.8716,0,0,14597,700,701,116,1676,13,13,15,0,0,0,0,0,0,2613,0,0,0,0,0,0,1030,31231,342,0,231,8,238,31,5120,0
34.9641,0,0,14597,790,699,116,1678,13,12,15,0,0,0,0,0,0,2613,0,0,0,0,0,0,1027,-18018,341,0,231,8,237,32,7126,0
35.0570,0,0,14597,885,696,115,1681,13,12,16,0,0,0,0,0,0,2588,0,0,0,0,0,0,1026,-14848,340,0,231,8,237,32,6751,0
35.1497,0,0,14597,975,696,115,1681,13,12,16,0,0,0,0,0,0,2588,0,0,0,0,0,0,1026,-14848,340,0,231,8,237,32,6751,0
35.2426,0,0,14853,70,694,114,1683,13,13,16,0,0,0,0,0,0,2600,0,0,0,0,0,0,1026,-9397,339,0,231,8,237,31,8827,0
35.3352,0,0,14853,165,692,114,1685,13,12,15,0,0,0,0,0,0,2600,0,0,0,0,0,0,1029,8994,338,0,231,8,238,31,8259,0
35.4280,0,0,14853,255,690,113,1688,12,14,15,0,0,0,0,0,0,2613,0,0,0,0,0,0,1029,-8999,337,0,231,8,237,30,7514,0
35.5194,0,0,14853,350,688,113,1690,12,12,15,0,0,0,0,0,0,2588,0,0,0,0,0,0,1026,-2050,335,0,231,8,237,28,6487,0
35.6149,0,0,14853,440,685,112,1692,12,12,14,0,0,0,0,0,0,2613,0,0,0,0,0,0,1027,27724,334,0,231,8,237,28,1998,0
35.7064,0,0,14853,535,683,111,1694,12,12,15,0,0,0,0,0,0,2588,0,0,0,0,0,0,1026,9906,333,0,231,8,237,28,3867,0
35.7982,0,0,14853,625,681,111,1697,12,12,15,0,0,0,0,0,0,2607,0,0,0,0,0,0,1024,-21355,332,0,231,8,236,27,5847,0
35.8895,0,0,14853,715,679,110,1699,13,14,15,0,0,0,0,0,0,2600,0,0,0,0,0,0,1025,22881,331,0,231,8,237,31,6835,0
35.9810,0,0,14853,810,677,110,1701,13,12,15,0,0,0,0,0,0,2607,0,0,0,0,0,0,1028,16190,330,0,231,8,237,31,1999,0
36.0723,0,0,14853,900,675,109,1703,13,12,15,0,0,0,0,0,0,2619,0,0,0,0,0,0,1031,14445,329,0,231,8,238,33,-407,0
36.1638,0,0,14853,990,673,108,1705,14,12,14,0,0,0,0,0,0,2613,0,0,0,0,0,0,1031,9592,328,0,231,8,238,32,4290,0
36.2551,0,0,15109,80,671,108,1707,13,11,16,0,0,0,0,0,0,2613,0,0,0,0,0,0,1031,14205,327,0,231,8,238,31,4434,0
36.3504,0,0,15109,175,669,107,1709,12,12,16,0,0,0,0,0,0,2607,0,0,0,0,0,0,1028,-15483,326,0,231,8,237,28,3676,0
36.4426,0,0,15109,270,667,107,1711,12,12,15,0,0,0,0,0,0,2613,0,0,0,0,0,0,1027,14134,325,0,231,8,237,27,7771,0
36.5343,0,0,15109,360,667,107,1711,12,12,15,0,0,0,0,0,0,2613,0,0,0,0,0,0,1027,14134,325,0,231,8,237,27,7771,0
36.6259,0,0,15109,450,665,106,1713,13,12,15,0,0,0,0,0,0,2613,0,0,0,0,0,0,1032,30643,324,0,231,8,238,32,4183,0
36.7211,0,0,15109,540,663,106,1715,13,12,16,0,0,0,0,0,0,2588,0,0,0,0,0,0,1028,13756,324,0,231,8,237,30,4287,0
36.8164,0,0,15109,635,661,105,1717,13,12,16,0,0,0,0,0,0,2600,0,0,0,0,0,0,1029,-5663,323,0,231,8,237,30,5698,0
36.9115,0,0,15109,730,659,105,1719,13,13,15,0,0,0,0,0,0,2600,0,0,0,0,0,0,1028,22652,322,0,231,8,237,28,7890,0
37.0068,0,0,15109,825,657,104,1721,12,13,16,0,0,0,0,0,0,2613,0,0,0,0,0,0,1027,-27305,321,0,231,8,237,28,9814,0
37.0992,0,0,15109,920,656,104,1723,12,13,15,0,0,0,0,0,0,2600,0,0,0,0,0,0,1027,3540,320,0,231,8,237,28,6036,0
37.1911,0,0,6,15,654,103,1725,12,13,15,0,0,0,0,0,0,2600,0,0,0,0,0,0,1026,1661,319,0,231,8,237,28,-134,0
37.2861,0,0,6,105,652,102,1727,12,13,15,0,0,0,0,0,0,2607,0,0,0,0,0,0,1025,3724,318,0,231,8,237,26,-964,0
37.3774,0,0,6,200,650,102,1729,11,13,15,0,0,0,0,0,0,2613,0,0,0,0,0,0,1023,-3232,317,0,231,8,236,24,-3546,0
37.4687,0,0,6,290,648,101,1731,11,12,15,0,0,0,0,0,0,2575,0,0,0,0,0,0,1024,-22166,316,0,231,8,237,25,1815,0
37.5606,0,0,6,385,647,101,1733,12,13,15,0,0,0,0,0,0,2600,0,0,0,0,0,0,1025,-19019,316,0,231,8,237,26,7157,0
37.6527,0,0,6,475,645,100,1735,13,13,15,0,0,0,0,0,0,2575,0,0,0,0,0,0,1025,13792,315,0,231,8,236,32,7224,0
37.7447,0,0,6,565,643,100,1736,14,12,15,0,0,0,0,0,0,2588,0,0,0,0,0,0,1027,28405,314,0,231,8,237,32,6481,0
37.8378,0,0,6,655,642,99,1738,13,13,15,0,0,0,0,0,0,2613,0,0,0,0,0,0,1026,24362,313,0,231,8,237,30,5655,0
37.9298,0,0,6,750,640,99,1740,14,14,14,0,0,0,0,0,0,2575,0,0,0,0,0,0,1031,4544,312,0,231,8,238,33,7181,0
38.0218,0,0,6,840,640,99,1740,14,14,14,0,0,0,0,0,0,2613,0,0,0,0,0,0,1031,4544,312,0,231,8,238,33,7181,0
38.1135,0,0,6,930,638,99,1742,13,12,14,0,0,0,0,0,0,2607,0,0,0,0,0,0,1031,31240,311,0,231,8,238,32,7325,0
38.2055,0,0,262,25,637,98,1743,13,11,14,0,0,0,0,0,0,2588,0,0,0,0,0,0,1028,24877,311,0,231,8,237,30,5483,0
38.3004,0,0,262,115,635,98,1745,14,12,14,0,0,0,0,0,0,2626,0,0,0,0,0,0,1029,-17703,310,0,231,9,238,33,4342,0
38.3923,0,0,262,210,633,97,1747,12,13,15,0,0,0,0,0,0,2600,0,0,0,0,0,0,1025,-2003,309,0,231,8,237,29,4958,0
38.4847,0,0,262,300,632,97,1748,13,15,15,0,0,0,0,0,0,2600,0,0,0,0,0,0,1028,-2205,308,0,231,9,237,30,4044,0
38.5771,0,0,262,395,630,96,1750,50,61,45,0,0,0,0,0,0,2626,0,0,0,0,0,0,1078,1070,307,0,232,38,251,131,2436,0
38.6689,0,0,262,485,629,96,1752,31,37,30,0,0,0,0,0,0,2600,0,0,0,0,0,0,1055,-18479,307,0,233,23,246,81,-1380,0
38.7606,0,0,262,575,627,95,1753,22,24,22,0,0,0,0,0,0,2600,0,0,0,0,0,0,1040,-19911,306,0,233,15,243,54,-6573,0
38.8525,0,0,262,665,626,95,1755,17,18,19,0,0,0,0,0,0,2607,0,0,0,0,0,0,1034,14838,305,0,234,12,242,41,-12339,0
38.9441,0,0,262,760,624,94,1757,15,16,16,0,0,0,0,0,0,2607,0,0,0,0,0,0,1029,-4999,305,0,234,10,241,37,-8748,0
39.0358,0,0,262,850,623,94,1758,14,15,17,0,0,0,0,0,0,2588,0,0,0,0,0,0,1029,27037,304,0,234,9,241,33,-14852,0
39.1272,0,0,262,940,621,94,1760,14,14,17,0,0,0,0,0,0,2600,0,0,0,0,0,0,1028,13519,303,0,234,9,240,31,-8615,0
39.2189,0,0,518,30,620,93,1761,13,13,16,0,0,0,0,0,0,2607,0,0,0,0,0,0,1028,12118,302,0,234,9,240,29,-9994,0
39.3106,0,0,518,125,620,93,1761,13,13,16,0,0,0,0,0,0,2575,0,0,0,0,0,0,1028,12118,302,0,234,9,240,29,-9994,0
39.4023,0,0,518,215,618,93,1763,13,12,16,0,0,0,0,0,0,2600,0,0,0,0,0,0,1028,-12043,302,0,234,8,240,28,-10751,0
39.4944,0,0,518,305,617,92,1764,12,12,15,0,0,0,0,0,0,2607,0,0,0,0,0,0,1026,-27306,301,0,234,8,240,26,-10883,0
39.5858,0,0,518,400,616,92,1766,12,13,14,0,0,0,0,0,0,2588,0,0,0,0,0,0,1027,-15631,300,0,234,8,240,28,-13808,0
39.6778,0,0,518,490,614,92,1767,12,13,15,0,0,0,0,0,0,2600,0,0,0,0,0,0,1026,-275,300,0,234,8,240,26,-7637,0
39.7697,0,0,518,580,613,91,1769,13,13,14,0,0,0,0,0,0,2575,0,0,0,0,0,0,1025,-29308,299,0,234,8,240,30,-9711,0
39.8618,0,0,518,670,612,91,1770,13,14,14,0,0,0,0,0,0,2607,0,0,0,0,0,0,1027,-13792,298,0,234,8,240,30,-10918,0
39.9535,0,0,518,765,610,90,1772,15,13,16,0,0,0,0,0,0,2607,0,0,0,0,0,0,1035,9084,298,0,234,9,242,37,-6511,0
40.0451,0,0,518,855,609,90,1773,15,12,16,0,0,0,0,0,0,2613,0,0,0,0,0,0,1036,30126,297,0,234,9,242,36,-6790,0
40.1366,0,0,518,945,608,90,1774,14,12,15,0,0,0,0,0,0,2600,0,0,0,0,0,0,1032,20928,296,0,234,9,242,34,-5434,0
40.2285,0,0,774,40,606,89,1776,13,13,14,0,0,0,0,0,0,2600,0,0,0,0,0,0,1027,3698,296,0,234,8,240,29,-8006,0
40.3204,0,0,774,130,605,89,1777,14,14,14,0,0,0,0,0,0,2613,0,0,0,0,0,0,1026,-11838,295,0,234,8,240,33,-8343,0
40.4120,0,0,774,220,604,89,1779,14,13,15,0,0,0,0,0,0,2600,0,0,0,0,0,0,1028,17725,295,0,234,8,241,33,-7973,0
40.5037,0,0,774,315,604,89,1779,14,13,15,0,0,0,0,0,0,2600,0,0,0,0,0,0,1028,17725,295,0,234,8,241,33,-7973,0
40.5954,0,0,774,405,603,88,1780,14,13,15,0,0,0,0,0,0,2607,0,0,0,0,0,0,1029,25732,294,0,234,8,241,31,-8495,0
40.6873,0,0,774,495,601,88,1781,13,13,14,0,0,0,0,0,0,2588,0,0,0,0,0,0,1029,22337,293,0,234,8,241,30,-10449,0
40.7785,0,0,774,585,600,87,1783,13,12,14,0,0,0,0,0,0,2582,0,0,0,0,0,0,1026,28829,293,0,234,8,240,30,-10527,0
40.8698,0,0,774,675,599,87,1784,13,12,14,0,0,0,0,0,0,2613,0,0,0,0,0,0,1027,-16559,292,0,234,8,240,29,-12844,0
40.9623,0,0,774,765,598,87,1785,13,13,14,0,0,0,0,0,0,2613,0,0,0,0,0,0,1027,20137,292,0,234,8,240,28,-11752,0
41.0550,0,0,774,860,597,86,1786,13,13,15,0,0,0,0,0,0,2613,0,0,0,0,0,0,1026,-24530,291,0,234,8,240,28,-9748,0
41.1478,0,0,774,950,595,86,1788,13,13,15,0,0,0,0,0,0,2613,0,0,0,0,0,0,1026,-15991,291,0,234,8,240,29,-10776,0
41.2406,0,0,1030,45,594,86,1789,13,13,15,0,0,0,0,0,0,2607,0,0,0,0,0,0,1026,7365,290,0,234,8,240,28,-7937,0
41.3334,0,0,1030,140,593,85,1790,13,13,16,0,0,0,0,0,0,2613,0,0,0,0,0,0,1028,3422,289,0,234,8,241,29,-9480,0
41.4261,0,0,1030,230,592,85,1791,13,12,15,0,0,0,0,0,0,2626,0,0,0,0,0,0,1026,-26950,289,0,234,8,240,32,-7041,0
41.5195,0,0,1030,325,591,85,1793,13,12,15,0,0,0,0,0,0,2600,0,0,0,0,0,0,1027,29081,288,0,234,8,240,30,-12288,0
41.6124,0,0,1030,415,590,84,1794,12,12,14,0,0,0,0,0,0,2588,0,0,0,0,0,0,1026,25350,288,0,234,8,240,27,-9113,0
41.7051,0,0,1030,510,589,84,1795,12,12,15,0,0,0,0,0,0,2607,0,0,0,0,0,0,1025,12675,287,0,234,8,240,26,-7641,0
41.7982,0,0,1030,600,588,84,1796,12,12,15,0,0,0,0,0,0,2607,0,0,0,0,0,0,1025,31201,287,0,234,8,240,27,-11741,0
41.8934,0,0,1030,690,588,84,1796,12,12,15,0,0,0,0,0,0,2600,0,0,0,0,0,0,1025,31201,287,0,234,8,240,27,-11741,0
41.9849,0,0,1030,785,587,83,1797,14,13,15,0,0,0,0,0,0,2607,0,0,0,0,0,0,1030,-11830,286,0,234,8,241,31,-10253,0
42.0777,0,0,1030,880,585,83,1799,13,13,15,0,0,0,0,0,0,2607,0,0,0,0,0,0,1028,-10568,286,0,234,8,241,30,-15923,0
42.1704,0,0,1030,970,584,83,1800,13,13,15,0,0,0,0,0,0,2600,0,0,0,0,0,0,1028,-14684,285,0,234,8,240,28,-16339,0
42.2655,0,0,1286,65,583,82,1801,12,13,14,0,0,0,0,0,0,2607,0,0,0,0,0,0,1027,-29610,285,0,234,8,240,27,-16551,0
42.3569,0,0,1286,160,582,82,1802,12,14,16,0,0,0,0,0,0,2607,0,0,0,0,0,0,1026,-11538,284,0,234,8,240,26,-11428,0
42.4497,0,0,1286,250,581,82,1803,13,14,15,0,0,0,0,0,0,2607,0,0,0,0,0,0,1029,-15477,284,0,234,8,241,29,-10433,0
42.5426,0,0,1286,345,580,82,1804,13,12,14,0,0,0,0,0,0,2600,0,0,0,0,0,0,1029,-25004,283,0,234,8,241,29,-11036,0
42.6355,0,0,1286,435,579,81,1805,12,13,14,0,0,0,0,0,0,2607,0,0,0,0,0,0,1027,27036,283,0,234,8,241,27,-10889,0
42.7280,0,0,1286,530,578,81,1806,13,14,14,0,0,0,0,0,0,2613,0,0,0,0,0,0,1027,-25971,282,0,234,8,240,28,-8705,0
42.8203,0,0,1286,615,577,81,1807,12,13,16,0,0,0,0,0,0,2613,0,0,0,0,0,0,1026,23743,282,0,234,8,240,27,-9419,0
42.9125,0,0,1286,710,576,80,1809,14,12,15,0,0,0,0,0,0,2613,0,0,0,0,0,0,1028,3757,281,0,234,8,241,30,-12826,0
43.0038,0,0,1286,800,575,80,1810,13,13,15,0,0,0,0,0,0,2600,0,0,0,0,0,0,1029,-7454,281,0,234,8,241,30,-10812,0
43.0990,0,0,1286,895,574,80,1811,13,13,15,0,0,0,0,0,0,2600,0,0,0,0,0,0,1030,9849,280,0,234,8,241,30,-11482,0
43.1917,0,0,1286,990,573,80,1812,14,12,15,0,0,0,0,0,0,2607,0,0,0,0,0,0,1030,24484,280,0,234,8,241,32,-11045,0
43.2843,0,0,1542,80,573,79,1813,13,13,15,0,0,0,0,0,0,2600,0,0,0,0,0,0,1030,-13096,279,0,234,8,241,31,-10726,0
43.3770,0,0,1542,175,573,79,1813,13,13,15,0,0,0,0,0,0,2588,0,0,0,0,0,0,1030,-13096,279,0,234,8,241,31,-10726,0
43.4695,0,0,1542,265,572,79,1814,13,13,15,0,0,0,0,0,0,2588,0,0,0,0,0,0,1030,4013,279,0,234,8,241,30,-11094,0
43.5628,0,0,1542,360,571,79,1815,14,13,14,0,0,0,0,0,0,2600,0,0,0,0,0,0,1028,13411,278,0,234,8,241,33,-9259,0
43.6554,0,0,1542,455,570,78,1816,13,12,14,0,0,0,0,0,0,2607,0,0,0,0,0,0,1028,-15416,278,0,234,8,241,31,-11880,0
43.7478,0,0,1542,545,569,78,1817,13,12,15,0,0,0,0,0,0,2588,0,0,0,0,0,0,1028,-9374,278,0,234,8,241,29,-12854,0
43.8407,0,0,1542,635,568,78,1818,13,12,14,0,0,0,0,0,0,2588,0,0,0,0,0,0,1029,9925,277,0,234,8,241,30,-12329,0
43.9332,0,0,1542,730,567,78,1819,12,12,14,0,0,0,0,0,0,2613,0,0,0,0,0,0,1029,21775,277,0,234,8,241,29,-15758,0
44.0264,0,0,1542,820,566,77,1820,12,11,14,0,0,0,0,0,0,2588,0,0,0,0,0,0,1028,976,276,0,234,8,241,28,-10429,0
44.1185,0,0,1542,915,565,77,1820,13,12,15,0,0,0,0,0,0,2607,0,0,0,0,0,0,1028,-4911,276,0,234,8,241,28,-6741,0
44.2114,0,0,1798,5,565,77,1821,13,12,15,0,0,0,0,0,0,2613,0,0,0,0,0,0,1029,-6101,275,0,234,8,241,29,-7724,0
44.3044,0,0,1798,100,564,77,1822,13,13,15,0,0,0,0,0,0,2588,0,0,0,0,0,0,1028,29379,275,0,234,8,241,29,-8669,0
44.3974,0,0,1798,190,563,76,1823,12,13,14,0,0,0,0,0,0,2588,0,0,0,0,0,0,1026,-14952,275,0,234,8,240,26,-10171,0
44.4896,0,0,1798,285,562,76,1824,12,13,14,0,0,0,0,0,0,2607,0,0,0,0,0,0,1025,-2378,274,0,234,8,240,26,-11139,0
44.5845,0,0,1798,375,561,76,1825,12,13,15,0,0,0,0,0,0,2607,0,0,0,0,0,0,1025,25894,274,0,234,8,240,27,-9509,0
44.6765,0,0,1798,470,560,76,1826,12,12,17,0,0,0,0,0,0,2613,0,0,0,0,0,0,1023,10989,273,0,234,8,240,27,-8370,0
44.7692,0,0,1798,565,560,75,1827,12,12,16,0,0,0,0,0,0,2607,0,0,0,0,0,0,1023,-14992,273,0,234,8,240,28,-10930,0
44.8620,0,0,1798,650,560,75,1827,12,12,16,0,0,0,0,0,0,2607,0,0,0,0,0,0,1023,-14992,273,0,234,8,240,28,-10930,0
44.9549,0,0,1798,745,559,75,1828,14,12,15,0,0,0,0,0,0,2600,0,0,0,0,0,0,1027,30359,273,0,234,8,240,32,-12705,0
45.0474,0,0,1798,835,558,75,1828,13,12,15,0,0,0,0,0,0,2619,0,0,0,0,0,0,1027,20283,272,0,234,8,240,29,-10810,0
45.1394,0,0,1798,930,557,75,1829,12,12,15,0,0,0,0,0,0,2607,0,0,0,0,0,0,1025,10238,272,0,234,8,240,27,-11130,0
45.2314,0,0,2054,20,556,74,1830,13,14,15,0,0,0,0,0,0,2588,0,0,0,0,0,0,1030,5890,271,0,234,8,241,31,-7180,0
45.3237,0,0,2054,115,556,74,1831,13,13,15,0,0,0,0,0,0,2588,0,0,0,0,0,0,1027,-14971,271,0,234,8,241,28,-7546,0
45.4154,0,0,2054,205,555,74,1832,13,12,15,0,0,0,0,0,0,2588,0,0,0,0,0,0,1026,24295,271,0,234,8,240,30,-9384,0
45.5072,0,0,2054,295,554,74,1833,13,12,16,0,0,0,0,0,0,2600,0,0,0,0,0,0,1026,11845,270,0,234,8,240,28,-7579,0
45.5991,0,0,2054,390,553,74,1833,12,11,15,0,0,0,0,0,0,2588,0,0,0,0,0,0,1026,6931,270,0,234,8,240,27,-10444,0
45.6910,0,0,2054,480,553,73,1834,13,11,14,0,0,0,0,0,0,2607,0,0,0,0,0,0,1031,-13342,270,0,234,8,242,32,-8590,0
45.7829,0,0,2054,575,552,73,1835,13,13,15,0,0,0,0,0,0,2613,0,0,0,0,0,0,1030,-29856,269,0,234,9,241,30,-7283,0
45.8750,0,0,2054,660,551,73,1836,13,14,16,0,0,0,0,0,0,2613,0,0,0,0,0,0,1030,6649,269,0,234,9,241,30,-7897,0
45.9668,0,0,2054,750,551,73,1837,13,13,16,0,0,0,0,0,0,2613,0,0,0,0,0,0,1027,-22454,269,0,234,9,240,28,-7995,0
46.0586,0,0,2054,845,550,72,1837,13,13,16,0,0,0,0,0,0,2600,0,0,0,0,0,0,1026,22971,268,0,234,9,240,30,-5664,0
46.1503,0,0,2054,935,550,72,1837,13,13,16,0,0,0,0,0,0,2600,0,0,0,0,0,0,1026,22971,268,0,234,9,240,30,-5664,0
46.2421,0,0,2310,25,549,72,1838,14,13,16,0,0,0,0,0,0,2600,0,0,0,0,0,0,1029,-12195,268,0,234,9,241,30,-6359,0
46.3341,0,0,2310,120,548,72,1839,13,14,16,0,0,0,0,0,0,2600,0,0,0,0,0,0,1028,-16256,268,0,234,9,241,29,-8572,0
46.4260,0,0,2310,210,548,72,1840,13,14,15,0,0,0,0,0,0,2600,0,0,0,0,0,0,1027,-32290,267,0,234,9,241,28,-6605,0
46.5174,0,0,2310,305,547,72,1840,13,14,15,0,0,0,0,0,0,2588,0,0,0,0,0,0,1028,-2549,267,0,234,8,241,29,-9724,0
46.6129,0,0,2310,395,546,71,1841,13,14,15,0,0,0,0,0,0,2607,0,0,0,0,0,0,1027,27861,267,0,234,9,241,28,-7304,0
46.7058,0,0,2310,490,546,71,1842,12,14,15,0,0,0,0,0,0,2613,0,0,0,0,0,0,1025,-5729,266,0,234,8,240,26,-13026,0
46.7999,0,0,2310,585,545,71,1843,29,29,27,0,0,0,0,0,0,2588,0,0,0,0,0,0,1059,27917,266,0,235,22,249,63,-6358,0
46.8919,0,0,2310,675,544,71,1843,24,21,24,0,0,0,0,0,0,2613,0,0,0,0,0,0,1047,-29794,266,0,235,17,246,53,-1907,0
46.9832,0,0,2310,765,544,71,1844,20,17,19,0,0,0,0,0,0,2613,0,0,0,0,0,0,1040,14813,265,0,236,13,245,43,-1519,0
47.0752,0,0,2310,855,543,71,1845,17,15,17,0,0,0,0,0,0,2600,0,0,0,0,0,0,1034,24650,265,0,236,11,244,36,-3967,0
47.1671,0,0,2310,950,543,70,1845,15,13,16,0,0,0,0,0,0,2588,0,0,0,0,0,0,1032,25329,265,0,236,10,244,33,-2084,0
47.2633,0,0,2566,40,542,70,1846,14,13,16,0,0,0,0,0,0,2600,0,0,0,0,0,0,1031,6862,264,0,236,9,243,32,-4955,0
47.3553,0,0,2566,135,541,70,1847,13,13,15,0,0,0,0,0,0,2588,0,0,0,0,0,0,1028,-16892,264,0,236,8,243,30,-2608,0
47.4499,0,0,2566,230,541,70,1847,13,13,14,0,0,0,0,0,0,2613,0,0,0,0,0,0,1027,-16231,264,0,236,9,242,30,-4004,0
47.5445,0,0,2566,325,540,70,1848,12,12,14,0,0,0,0,0,0,2582,0,0,0,0,0,0,1025,-8116,264,0,236,8,242,28,-4728,0
47.6398,0,0,2566,420,540,70,1848,12,12,14,0,0,0,0,0,0,2582,0,0,0,0,0,0,1025,-8116,264,0,236,8,242,28,-4728,0
47.7321,0,0,2566,515,540,69,1849,13,11,13,0,0,0,0,0,0,2607,0,0,0,0,0,0,1027,10226,263,0,236,8,242,28,-4214,0
47.8247,0,0,2566,605,539,69,1849,13,11,14,0,0,0,0,0,0,2588,0,0,0,0,0,0,1028,-13847,263,0,236,8,243,28,-933,0
47.9172,0,0,2566,695,539,69,1850,12,12,14,0,0,0,0,0,0,2607,0,0,0,0,0,0,1028,24583,263,0,236,8,243,28,1320,0
48.0098,0,0,2566,785,538,69,1851,13,12,14,0,0,0,0,0,0,2626,0,0,0,0,0,0,1028,-24695,262,0,236,8,243,29,-4506,0
48.1025,0,0,2566,880,538,69,1851,12,13,15,0,0,0,0,0,0,2588,0,0,0,0,0,0,1026,11985,262,0,236,8,242,27,-4293,0
48.1956,0,0,2566,970,537,69,1852,13,13,15,0,0,0,0,0,0,2600,0,0,0,0,0,0,1028,-483,262,0,236,8,243,29,-1898,0
48.2885,0,0,2822,65,536,68,1852,14,13,16,0,0,0,0,0,0,2569,0,0,0,0,0,0,1028,-21454,262,0,236,8,243,31,-3259,0
48.3804,0,0,2822,160,536,68,1853,12,12,16,0,0,0,0,0,0,2613,0,0,0,0,0,0,1026,26604,261,0,236,8,242,27,-5241,0
48.4726,0,0,2822,250,535,68,1854,12,12,16,0,0,0,0,0,0,2600,0,0,0,0,0,0,1026,29246,261,0,236,8,242,27,-2021,0
48.5647,0,0,2822,345,535,68,1854,12,12,14,0,0,0,0,0,0,2607,0,0,0,0,0,0,1027,-22402,261,0,236,8,243,27,-1010,0
48.6573,0,0,2822,435,534,68,1855,12,13,13,0,0,0,0,0,0,2607,0,0,0,0,0,0,1029,23413,261,0,236,8,243,30,-3254,0
48.7498,0,0,2822,525,534,68,1855,13,13,15,0,0,0,0,0,0,2600,0,0,0,0,0,0,1028,-30938,260,0,236,8,243,30,-3048,0
48.8411,0,0,2822,620,533,67,1856,14,14,14,0,0,0,0,0,0,2607,0,0,0,0,0,0,1031,-4667,260,0,236,9,243,32,-2616,0
48.9332,0,0,2822,710,533,67,1856,14,12,15,0,0,0,0,0,0,2588,0,0,0,0,0,0,1028,-31325,260,0,236,9,243,31,-1576,0
49.0252,0,0,2822,800,533,67,1856,14,12,15,0,0,0,0,0,0,2588,0,0,0,0,0,0,1028,-31325,260,0,236,9,243,31,-1576,0
49.1169,0,0,2822,890,532,67,1857,12,13,15,0,0,0,0,0,0,2588,0,0,0,0,0,0,1026,-2934,260,0,236,8,242,28,241,0
49.2088,0,0,2822,985,532,67,1858,12,13,15,0,0,0,0,0,0,2613,0,0,0,0,0,0,1025,5241,259,0,236,8,242,28,228,0
49.3016,0,0,3078,75,531,67,1858,13,15,17,0,0,0,0,0,0,2607,0,0,0,0,0,0,1027,-75,259,0,236,9,242,30,-2981,0
49.3942,0,0,3078,170,531,67,1859,13,14,16,0,0,0,0,0,0,2588,0,0,0,0,0,0,1026,30600,259,0,236,9,242,29,-1857,0
49.4867,0,0,3078,260,530,67,1859,13,13,16,0,0,0,0,0,0,2607,0,0,0,0,0,0,1026,-28899,259,0,236,9,242,29,-2392,0
49.5792,0,0,3078,355,530,66,1860,14,14,16,0,0,0,0,0,0,2613,0,0,0,0,0,0,1029,-6047,259,0,236,10,242,31,-2590,0
49.6716,0,0,3078,445,530,66,1860,15,13,15,0,0,0,0,0,0,2613,0,0,0,0,0,0,1034,-29773,258,0,236,9,244,36,-4354,0
49.7650,0,0,3078,540,529,66,1861,14,13,14,0,0,0,0,0,0,2600,0,0,0,0,0,0,1029,30544,258,0,235,9,242,34,-6059,0
49.8576,0,0,3078,630,529,66,1861,13,13,14,0,0,0,0,0,0,2626,0,0,0,0,0,0,1027,-17361,258,0,235,8,242,31,-3966,0
49.9502,0,0,3078,720,528,66,1862,13,13,14,0,0,0,0,0,0,2613,0,0,0,0,0,0,1028,-21571,258,0,235,9,242,30,-1233,0
50.0432,0,0,3078,815,528,66,1862,12,14,14,0,0,0,0,0,0,2607,0,0,0,0,0,0,1028,-18988,257,0,235,8,242,29,-4681,0
50.1359,0,0,3078,905,527,66,1863,13,13,15,0,0,0,0,0,0,2607,0,0,0,0,0,0,1026,-9494,257,0,235,8,242,30,-3051,0
50.2289,0,0,3334,0,527,65,1863,14,13,16,0,0,0,0,0,0,2607,0,0,0,0,0,0,1030,28021,257,0,235,8,243,32,-2914,0
50.3212,0,0,3334,90,526,65,1864,14,12,17,0,0,0,0,0,0,2619,0,0,0,0,0,0,1030,11240,257,0,235,8,242,31,-8174,0
50.4127,0,0,3334,185,526,65,1864,14,12,17,0,0,0,0,0,0,2588,0,0,0,0,0,0,1030,11240,257,0,235,8,242,31,-8174,0
50.5043,0,0,3334,275,526,65,1864,13,12,16,0,0,0,0,0,0,2588,0,0,0,0,0,0,1029,-21896,257,0,235,8,242,30,-5268,0
50.5964,0,0,3334,365,525,65,1865,13,12,16,0,0,0,0,0,0,2613,0,0,0,0,0,0,1028,-9621,256,0,235,8,242,29,-3873,0
50.6892,0,0,3334,460,525,65,1865,12,14,16,0,0,0,0,0,0,2575,0,0,0,0,0,0,1025,-10961,256,0,235,8,241,28,-10347,0
50.7821,0,0,3334,550,525,65,1866,12,13,15,0,0,0,0,0,0,2613,0,0,0,0,0,0,1026,-30568,256,0,235,8,242,27,-8673,0
50.8750,0,0,3334,645,524,65,1866,12,13,14,0,0,0,0,0,0,2588,0,0,0,0,0,0,1025,-5742,256,0,235,8,241,27,-11329,0
50.9680,0,0,3334,735,524,64,1867,13,12,14,0,0,0,0,0,0,2607,0,0,0,0,0,0,1030,22748,255,0,235,8,242,31,-10628,0
51.0600,0,0,3334,830,523,64,1867,12,12,15,0,0,0,0,0,0,2588,0,0,0,0,0,0,1027,6358,255,0,235,8,242,28,-6126,0
51.1519,0,0,3334,920,523,64,1868,12,12,16,0,0,0,0,0,0,2600,0,0,0,0,0,0,1025,31085,255,0,235,8,241,26,-8054,0
51.2437,0,0,3590,10,523,64,1868,12,13,14,0,0,0,0,0,0,2607,0,0,0,0,0,0,1024,22290,255,0,235,8,241,28,-6637,0
51.3359,0,0,3590,105,522,64,1868,12,12,14,0,0,0,0,0,0,2607,0,0,0,0,0,0,1024,-173,255,0,235,8,241,27,-5813,0
51.4283,0,0,3590,195,522,64,1869,13,12,15,0,0,0,0,0,0,2588,0,0,0,0,0,0,1026,10569,254,0,235,8,242,29,-8145,0
51.5202,0,0,3590,290,521,64,1869,13,12,14,0,0,0,0,0,0,2588,0,0,0,0,0,0,1027,-27483,254,0,235,8,242,28,-5106,0
51.6119,0,0,3590,380,521,64,1870,13,12,14,0,0,0,0,0,0,2607,0,0,0,0,0,0,1027,8422,254,0,235,8,242,28,-6531,0
51.7039,0,0,3590,470,521,64,1870,13,12,14,0,0,0,0,0,0,2600,0,0,0,0,0,0,1027,8422,254,0,235,8,242,28,-6531,0
51.7960,0,0,3590,565,521,63,1870,13,12,13,0,0,0,0,0,0,2600,0,0,0,0,0,0,1027,13274,254,0,235,8,242,28,-3359,0
51.8879,0,0,3590,655,520,63,1871,13,13,14,0,0,0,0,0,0,2613,0,0,0,0,0,0,1028,24406,254,0,235,8,242,28,-1679,0
51.9800,0,0,3590,745,520,63,1871,13,13,15,0,0,0,0,0,0,2613,0,0,0,0,0,0,1030,-19037,254,0,235,8,242,30,-6324,0
52.0718,0,0,3590,835,519,63,1871,13,13,15,0,0,0,0,0,0,2613,0,0,0,0,0,0,1029,17762,253,0,235,8,242,29,-6638,0
52.1635,0,0,3590,930,519,63,1872,13,13,15,0,0,0,0,0,0,2588,0,0,0,0,0,0,1029,-23995,253,0,235,8,242,29,-9381,0
52.2549,0,0,3846,20,519,63,1872,13,13,15,0,0,0,0,0,0,2600,0,0,0,0,0,0,1029,-25954,253,0,235,8,242,29,-6085,0
52.3469,0,0,3846,110,518,63,1873,12,13,15,0,0,0,0,0,0,2588,0,0,0,0,0,0,1025,-4772,253,0,235,8,241,28,-5664,0
52.4389,0,0,3846,205,518,63,1873,12,13,15,0,0,0,0,0,0,2588,0,0,0,0,0,0,1028,5252,253,0,235,8,242,30,-6068,0
52.5307,0,0,3846,295,518,63,1873,12,13,15,0,0,0,0,0,0,2607,0,0,0,0,0,0,1028,-20926,252,0,235,8,242,28,-8249,0
52.6227,0,0,3846,390,517,62,1874,12,13,15,0,0,0,0,0,0,2613,0,0,0,0,0,0,1028,9120,252,0,235,8,242,28,-9986,0
52.7149,0,0,3846,480,517,62,1874,12,12,15,0,0,0,0,0,0,2600,0,0,0,0,0,0,1028,32443,252,0,235,8,242,28,-8523,0
52.8068,0,0,3846,570,517,62,1875,13,13,16,0,0,0,0,0,0,2613,0,0,0,0,0,0,1028,-16097,252,0,235,9,242,29,-5834,0
52.9020,0,0,3846,665,516,62,1875,14,14,16,0,0,0,0,0,0,2607,0,0,0,0,0,0,1029,-8857,252,0,235,9,242,31,-4641,0
52.9946,0,0,3846,755,516,62,1875,13,13,15,0,0,0,0,0,0,2613,0,0,0,0,0,0,1028,-2835,252,0,235,9,242,29,-3629,0
53.0877,0,0,3846,850,516,62,1875,13,13,15,0,0,0,0,0,0,2588,0,0,0,0,0,0,1028,-2835,252,0,235,9,242,29,-3629,0
53.1801,0,0,3846,940,515,62,1876,14,12,15,0,0,0,0,0,0,2588,0,0,0,0,0,0,1028,14505,251,0,235,8,242,32,-4643,0
53.2714,0,0,4102,35,515,62,1876,14,13,16,0,0,0,0,0,0,2582,0,0,0,0,0,0,1027,4773,251,0,235,8,242,31,-6051,0
53.3658,0,0,4102,125,515,62,1877,14,13,14,0,0,0,0,0,0,2607,0,0,0,0,0,0,1028,-1708,251,0,235,9,242,32,-6872,0
53.4578,0,0,4102,220,515,62,1877,14,12,14,0,0,0,0,0,0,2588,0,0,0,0,0,0,1028,32138,251,0,235,8,242,30,-9387,0
53.5509,0,0,4102,310,514,62,1877,13,13,14,0,0,0,0,0,0,2569,0,0,0,0,0,0,1029,10327,251,0,235,8,242,31,-7460,0
53.6436,0,0,4102,405,514,61,1878,13,13,13,0,0,0,0,0,0,2588,0,0,0,0,0,0,1026,-272,251,0,235,8,241,30,-6951,0
53.7360,0,0,4102,495,514,61,1878,12,13,14,0,0,0,0,0,0,2600,0,0,0,0,0,0,1026,-6509,250,0,235,8,241,28,-6203,0
53.8284,0,0,4102,590,513,61,1878,13,12,14,0,0,0,0,0,0,2588,0,0,0,0,0,0,1027,-13493,250,0,235,8,242,28,-6194,0
53.9209,0,0,4102,680,513,61,1879,13,12,15,0,0,0,0,0,0,2607,0,0,0,0,0,0,1028,-17100,250,0,235,8,242,29,-4569,0
54.0129,0,0,4102,770,513,61,1879,13,13,15,0,0,0,0,0,0,2588,0,0,0,0,0,0,1027,19345,250,0,235,9,242,29,-1774,0
54.1044,0,0,4102,860,512,61,1879,12,12,15,0,0,0,0,0,0,2607,0,0,0,0,0,0,1026,-32528,250,0,235,8,241,27,-5133,0
54.1967,0,0,4102,955,512,61,1880,13,12,16,0,0,0,0,0,0,2588,0,0,0,0,0,0,1028,-12262,250,0,235,8,242,30,-4370,0
54.2884,0,0,4358,45,512,61,1880,13,13,16,0,0,0,0,0,0,2588,0,0,0,0,0,0,1026,-12305,250,0,235,8,241,29,-7637,0
54.3804,0,0,4358,135,511,61,1880,12,13,15,0,0,0,0,0,0,2607,0,0,0,0,0,0,1023,-14494,249,0,235,8,241,29,-6637,0
54.4724,0,0,4358,230,511,61,1880,12,13,15,0,0,0,0,0,0,2613,0,0,0,0,0,0,1023,-14494,249,0,235,8,241,29,-6637,0
54.5638,0,0,4358,320,511,61,1881,13,12,15,0,0,0,0,0,0,2582,0,0,0,0,0,0,1025,24251,249,0,235,8,241,29,-5907,0
54.6593,0,0,4358,415,511,61,1881,13,13,16,0,0,0,0,0,0,2588,0,0,0,0,0,0,1024,15223,249,0,235,8,241,32,-4313,0
54.7517,0,0,4358,510,511,60,1881,14,14,16,0,0,0,0,0,0,2600,0,0,0,0,0,0,1026,-2910,249,0,235,9,242,31,-2703,0
54.8443,0,0,4358,600,510,60,1882,14,13,16,0,0,0,0,0,0,2607,0,0,0,0,0,0,1031,22417,249,0,235,9,243,34,-6410,0
54.9371,0,0,4358,695,510,60,1882,15,13,17,0,0,0,0,0,0,2588,0,0,0,0,0,0,1032,24812,249,0,235,9,243,34,-4972,0
55.0301,0,0,4358,780,510,60,1882,14,13,16,0,0,0,0,0,0,2575,0,0,0,0,0,0,1033,19998,249,0,235,9,243,33,-5038,0
55.1236,0,0,4358,875,509,60,1883,12,13,17,0,0,0,0,0,0,2588,0,0,0,0,0,0,1028,18129,248,0,235,8,242,28,-3752,0
55.2161,0,0,4358,970,509,60,1883,13,13,16,0,0,0,0,0,0,2613,0,0,0,0,0,0,1029,-14733,248,0,235,8,242,29,-3553,0
55.3090,0,0,4614,60,509,60,1883,13,13,14,0,0,0,0,0,0,2588,0,0,0,0,0,0,1029,17653,248,0,235,8,242,29,-4532,0
55.4017,0,0,4614,155,509,60,1883,13,12,15,0,0,0,0,0,0,2600,0,0,0,0,0,0,1029,-17061,248,0,235,8,242,29,-5301,0
55.4940,0,0,4614,245,508,60,1884,13,12,15,0,0,0,0,0,0,2600,0,0,0,0,0,0,1029,21692,248,0,235,9,242,29,-3629,0
55.5867,0,0,4614,340,508,60,1884,12,12,15,0,0,0,0,0,0,2600,0,0,0,0,0,0,1027,-27417,248,0,235,8,242,27,-3031,0
55.6791,0,0,4614,430,508,60,1884,13,12,14,0,0,0,0,0,0,2607,0,0,0,0,0,0,1027,-17901,248,0,235,8,242,29,-2140,0
55.7721,0,0,4614,525,508,60,1885,13,12,14,0,0,0,0,0,0,2607,0,0,0,0,0,0,1026,2618,248,0,235,8,241,28,-4580,0
55.8652,0,0,4614,615,507,59,1885,12,12,14,0,0,0,0,0,0,2607,0,0,0,0,0,0,1025,18316,247,0,235,8,241,27,-6906,0
55.9584,0,0,4614,710,507,59,1885,12,12,14,0,0,0,0,0,0,2607,0,0,0,0,0,0,1025,18316,247,0,235,8,241,27,-6906,0
56.0511,0,0,4614,800,507,59,1885,13,12,15,0,0,0,0,0,0,2588,0,0,0,0,0,0,1026,19308,247,0,235,8,241,28,-4802,0
56.1437,0,0,4614,890,507,59,1885,12,13,15,0,0,0,0,0,0,2588,0,0,0,0,0,0,1027,-30959,247,0,235,8,242,28,-6863,0
56.2360,0,0,4614,985,507,59,1886,12,14,15,0,0,0,0,0,0,2588,0,0,0,0,0,0,1025,14049,247,0,235,8,241,28,-5785,0
56.3287,0,0,4870,75,506,59,1886,13,13,15,0,0,0,0,0,0,2600,0,0,0,0,0,0,1025,14349,247,0,235,8,241,29,-6508,0
56.4217,0,0,4870,170,506,59,1886,13,12,15,0,0,0,0,0,0,2607,0,0,0,0,0,0,1027,2744,247,0,235,8,242,29,-7229,0
56.5142,0,0,4870,260,506,59,1887,13,12,15,0,0,0,0,0,0,2600,0,0,0,0,0,0,1025,602,247,0,235,8,241,29,-8503,0
56.6071,0,0,4870,355,506,59,1887,12,12,15,0,0,0,0,0,0,2607,0,0,0,0,0,0,1023,27655,247,0,235,8,241,27,-4983,0
56.6997,0,0,4870,445,505,59,1887,12,14,14,0,0,0,0,0,0,2569,0,0,0,0,0,0,1024,-21085,247,0,235,8,241,28,-2491,0
56.7921,0,0,4870,540,505,59,1887,13,13,16,0,0,0,0,0,0,2588,0,0,0,0,0,0,1027,-13072,246,0,235,8,242,29,-5416,0
56.8843,0,0,4870,630,505,59,1888,12,13,16,0,0,0,0,0,0,2607,0,0,0,0,0,0,1025,-4467,246,0,235,8,241,26,-7837,0
56.9759,0,0,4870,725,505,59,1888,12,12,17,0,0,0,0,0,0,2607,0,0,0,0,0,0,1024,-16712,246,0,235,8,241,27,-5678,0
57.0678,0,0,4870,815,504,59,1888,18,25,19,0,0,0,0,0,0,2607,0,0,0,0,0,0,1036,18630,246,0,235,11,244,39,-2656,0
57.1596,0,0,4870,905,504,59,1888,19,23,18,0,0,0,0,0,0,2588,0,0,0,0,0,0,1038,-5662,246,0,235,14,244,43,-1312,0
57.2514,0,0,4870,995,504,59,1888,19,23,18,0,0,0,0,0,0,2588,0,0,0,0,0,0,1038,-5662,246,0,235,14,244,43,-1312,0
57.3435,0,0,5126,90,504,58,1889,18,17,19,0,0,0,0,0,0,2607,0,0,0,0,0,0,1035,-30179,246,0,235,12,243,40,-2350,0
57.4354,0,0,5126,180,504,58,1889,17,16,18,0,0,0,0,0,0,2607,0,0,0,0,0,0,1034,-25762,246,0,235,12,243,39,126,0
57.5274,0,0,5126,270,504,58,1889,17,16,16,0,0,0,0,0,0,2613,0,0,0,0,0,0,1035,31805,246,0,234,12,242,38,-2415,0
57.6190,0,0,5126,365,503,58,1889,16,15,17,0,0,0,0,0,0,2588,0,0,0,0,0,0,1034,-7571,246,0,235,11,243,35,-1073,0
57.7107,0,0,5126,455,503,60,1889,213,263,139,0,0,0,0,0,0,2569,0,0,0,0,0,0,1373,-2509,246,5,253,211,353,444,-808,0
57.8028,0,0,5126,550,503,61,1890,231,441,177,0,0,0,0,0,0,2588,0,0,0,0,0,0,1442,184,245,3,247,208,359,493,-514,0
57.8944,0,0,5126,640,503,61,1890,144,244,111,0,0,0,0,0,0,2600,0,0,0,0,0,0,1296,2651,245,1,248,127,323,322,-960,0
57.9863,0,0,5126,730,503,61,1890,80,129,63,0,0,0,0,0,0,2588,0,0,0,0,0,0,1165,28447,246,0,248,68,290,178,2975,0
58.0780,0,0,5126,825,503,61,1890,83,88,55,311,394,190,0,0,0,2600,46,59,28,168,106,185,1185,-15113,246,0,246,61,292,193,1230,0
58.1701,0,0,5126,915,504,62,1890,375,217,307,815,737,639,0,0,0,2607,77,69,60,168,106,185,1471,27701,246,6,268,230,401,846,855,0
58.2621,0,0,5382,5,509,65,1902,692,420,562,2404,1387,2055,0,0,0,2626,227,131,194,168,106,185,1544,14702,248,49,429,416,677,952,491,0
58.3539,0,0,5382,100,513,68,1906,520,487,820,1594,1500,2813,0,0,0,2607,136,128,241,168,106,185,1486,-24496,250,28,444,302,667,702,167,0
58.4459,0,0,5382,190,517,70,1902,393,465,1658,1083,1523,6157,0,0,0,2588,92,130,527,168,106,185,1385,-10684,252,15,448,204,624,497,-160,0
58.5404,0,0,5382,285,517,70,1902,393,465,1658,1083,1523,6157,0,0,0,2600,92,130,527,168,106,185,1385,-10684,252,15,448,204,624,497,-160,0
58.6351,0,0,5382,375,523,79,1906,820,885,2625,2693,3501,8734,0,0,0,2607,230,300,748,168,106,185,1784,28981,255,73,549,437,1023,1063,-728,0
58.7265,0,0,5382,470,533,87,1942,1162,1493,2103,3725,4700,6721,0,0,0,2600,319,402,576,168,106,185,1856,15393,260,116,698,486,1328,1125,-507,0
58.8187,0,0,5382,565,534,90,1938,1103,1124,2506,3646,3567,8463,0,0,0,2613,312,305,725,168,106,185,1886,8596,260,103,502,796,957,1741,-438,0
58.9109,0,0,5382,655,544,98,1940,816,1192,2930,2743,4059,9809,0,0,0,2619,235,347,840,168,106,185,1631,5366,265,63,631,502,1002,1073,-548,0
59.0030,0,0,5382,750,552,104,1949,910,967,2441,2967,3196,8417,0,0,0,2582,254,273,721,168,106,185,1613,3853,269,68,676,451,1076,910,-278,0
59.0948,0,0,5382,840,554,115,1934,606,670,1634,11579,15000,-30645,0,0,0,2619,6202,8034,18688,32,7,29,1426,3577,270,35,539,304,787,699,171,0
59.1866,0,0,5382,930,559,120,1931,418,547,1154,7465,12964,23483,0,0,0,2600,3998,6943,12578,32,7,29,1266,4876,273,18,528,195,680,511,996,0
59.2783,0,0,5638,25,569,122,1934,554,463,969,10844,10034,18717,0,0,0,2575,5808,5374,10025,32,7,29,1352,3414,278,27,653,225,899,497,489,0
59.3705,0,0,5638,115,586,126,1919,568,664,734,11245,14963,14645,0,0,0,2600,6023,8014,7844,32,7,29,1314,2621,286,26,867,185,1139,393,103,0
59.4621,0,0,5638,205,602,131,1906,795,757,855,15873,17504,17244,0,0,0,2613,8502,9376,9236,32,7,29,1295,2694,293,51,984,222,1273,505,580,0
59.5539,0,0,5638,300,607,132,1900,834,732,1303,15249,14354,23350,0,0,0,2607,8167,7688,12507,32,7,29,1469,2600,296,45,785,289,1118,653,253,0
59.6465,0,0,5638,390,613,135,1901,539,681,946,9780,14029,17820,0,0,0,2613,5238,7514,9545,32,7,29,1334,2411,299,24,686,194,911,429,31,0
59.7383,0,0,5638,485,628,140,1887,580,633,796,10228,12080,13722,0,0,0,2588,5478,6470,7349,32,7,29,1260,2884,307,22,880,164,1093,401,400,0
59.8303,0,0,5638,575,645,142,1870,510,672,525,-24019,-14232,-30620,0,0,0,2600,23416,-21153,9273,32,7,29,1196,2462,315,21,995,146,1175,325,560,0
59.9220,0,0,5638,665,645,142,1870,510,672,525,-24019,-14232,-30620,0,0,0,2600,23416,-21153,9273,32,7,29,1196,2462,315,21,995,146,1175,325,560,0
60.0134,0,0,5638,760,655,146,1856,1120,813,592,20125,15199,10566,0,0,0,2588,9950,7514,5224,32,7,29,1378,2607,320,110,956,344,1303,803,687,0
60.1053,0,0,5638,850,667,157,1840,1050,898,671,29526,24333,17344,0,0,0,2613,23722,19550,13935,19,14,4,1492,2332,325,83,945,303,1402,732,181,0
60.2006,0,0,5638,940,677,169,1829,863,654,470,24497,17370,12264,0,0,0,2588,19682,13955,9853,19,14,4,1488,2914,330,57,894,257,1327,625,-547,0
60.2927,0,0,5894,35,693,177,1813,836,705,456,23672,18238,11838,0,0,0,2600,19019,14653,9511,19,14,4,1376,3015,338,49,1000,223,1363,532,202,0
60.3859,0,0,5894,130,695,183,1806,1113,929,1390,14226,27922,-7965,0,0,0,2588,8200,-27328,16428,19,14,4,1600,2295,339,121,768,592,1171,1015,179,0
60.4786,0,0,5894,225,702,199,1795,1114,904,1196,16521,31473,32320,0,0,0,2588,15577,-15916,813,19,14,4,1599,1976,343,117,766,541,1195,911,-9,0
60.5712,0,0,5894,315,699,211,1793,803,639,755,26271,17347,25247,0,0,0,2575,21107,13937,20284,19,14,4,1704,1841,341,68,495,650,800,1131,67,0
60.6639,0,0,5894,410,699,220,1790,927,835,880,28275,23427,26201,0,0,0,2588,22717,18822,21050,19,14,4,1853,2105,341,71,446,713,799,1307,195,0
60.7580,0,0,5894,500,698,222,1791,813,701,720,25375,20491,22767,0,0,0,2619,20387,16463,18292,19,14,4,1717,1953,341,56,394,702,670,1368,363,0
60.8511,0,0,5894,595,705,227,1788,2213,579,835,-16612,15566,21994,0,0,0,2575,-26229,12506,17671,19,14,4,2235,3205,344,240,625,824,1513,1994,12,0
60.9437,0,0,5894,690,709,237,1780,1352,570,640,32281,16742,19736,0,0,0,2626,25936,13451,15857,19,14,4,1764,2773,346,129,587,544,1113,1277,401,0
61.0366,0,0,5894,780,713,250,1766,775,461,597,18800,14401,19155,0,0,0,2613,15104,11570,15390,19,14,4,1494,2769,348,66,573,315,899,753,-158,0
61.1293,0,0,5894,875,720,268,1760,607,711,825,-32648,-29656,-12381,0,0,0,2588,-12688,-7881,19877,9,7,9,1414,2395,351,41,618,254,892,556,-208,0
61.2220,0,0,5894,965,726,272,1753,413,788,727,30141,-3532,-4474,0,0,0,2600,-958,1772,-246,9,7,9,1269,2355,354,22,640,169,818,376,73,0
61.3146,0,0,6150,60,726,272,1753,413,788,727,30141,-3532,-4474,0,0,0,2613,-958,1772,-246,9,7,9,1269,2355,354,22,640,169,818,376,73,0
61.4080,0,0,6150,150,735,278,1748,485,1117,587,-29822,6872,-19742,0,0,0,2600,10982,24062,32577,9,7,9,1318,2446,359,20,733,170,973,382,-192,0
61.5008,0,0,6150,245,745,291,1735,608,914,771,-21805,-7289,-5433,0,0,0,2600,28157,-6278,-2301,9,7,9,1332,2319,364,25,796,188,1065,427,-36,0
61.5936,0,0,6150,340,744,305,1721,651,919,691,-18607,553,-9916,0,0,0,2588,-30526,10524,-11906,9,7,9,1484,2465,363,27,568,371,811,895,261,0
61.6862,0,0,6150,430,743,322,1707,1290,1029,754,-2797,-13433,-19844,0,0,0,2588,-30258,18187,7886,9,7,9,2008,2851,363,95,531,790,1032,1894,-301,0
61.7789,0,0,6150,525,743,341,1692,1296,918,661,-3699,-16704,-28091,0,0,0,2619,-31707,12932,-5366,9,7,9,2342,3382,363,85,487,784,1108,2135,391,0
61.8721,0,0,6150,615,748,351,1682,804,764,626,-26759,-30648,32346,0,0,0,2607,-3226,-9475,-13559,9,7,9,1753,3532,365,45,550,449,911,1231,-240,0
61.9649,0,0,6150,710,751,356,1679,508,628,539,-32483,-25910,-32438,0,0,0,2607,5280,19364,5377,9,7,9,1481,3184,366,23,517,275,749,723,-84,0
62.0575,0,0,6150,800,750,363,1675,390,675,418,26664,-22601,29126,0,0,0,2600,-8408,26454,-3133,9,7,9,1403,2779,366,14,431,238,602,579,-452,0
62.1504,0,0,6150,895,746,373,1675,352,531,456,13473,22475,20155,0,0,0,2588,17319,28892,25910,4,12,9,1506,3093,364,8,313,285,458,774,-577,0
62.2429,0,0,6150,985,745,383,1672,516,626,415,22417,25485,18395,0,0,0,2607,28817,32761,23647,4,12,9,1611,2893,363,20,312,455,497,1073,-709,0
62.3344,0,0,6406,80,745,396,1670,711,673,406,18295,20307,-14332,0,0,0,2575,7270,13736,-32051,4,12,9,1771,2551,363,41,376,568,673,1199,-364,0
62.4263,0,0,6406,170,741,410,1666,549,477,402,689,-5622,-12967,0,0,0,2600,16225,-4060,-27662,4,12,9,1821,2420,362,26,300,562,547,1170,95,0
62.5185,0,0,6406,265,739,422,1662,647,441,469,12407,-8957,-3034,0,0,0,2613,-11652,-14776,4258,4,12,9,1901,2257,360,33,295,714,562,1374,167,0
62.6139,0,0,6406,355,735,433,1659,710,535,549,19264,4826,1934,0,0,0,2588,10382,29520,20224,4,12,9,1893,2153,358,38,251,991,475,1858,41,0
62.7060,0,0,6406,450,731,445,1658,562,450,427,-1488,-3368,-11580,0,0,0,2607,9228,3186,-23207,4,12,9,1789,2281,357,23,237,735,426,1495,-68,0
62.7981,0,0,6406,545,731,445,1658,562,450,427,-1488,-3368,-11580,0,0,0,2600,9228,3186,-23207,4,12,9,1789,2281,357,23,237,735,426,1495,-68,0
62.8901,0,0,6406,635,734,456,1654,418,333,398,-17011,-21262,-11301,0,0,0,2613,24875,11214,-22310,4,12,9,1501,1976,358,14,366,443,514,907,-48,0
62.9821,0,0,6406,725,740,463,1642,421,270,279,-23465,-28943,-29570,0,0,0,2588,4133,-13470,-15485,4,12,9,1399,2818,361,10,518,281,691,612,-397,0
63.0738,0,0,6406,820,752,468,1627,354,263,312,-25507,-31880,31630,0,0,0,2600,-2428,-22910,-29421,4,12,9,1268,2302,367,8,734,185,886,383,-167,0
63.1656,0,0,6406,910,762,472,1617,319,269,397,-27801,-31179,-14151,0,0,0,2588,-9800,-20657,-31470,4,4,4,1220,2189,372,7,791,140,940,280,-229,0
63.2578,0,0,6662,0,767,476,1615,370,338,382,-15283,-18427,-12128,0,0,0,2588,30429,20325,-24967,4,4,4,1278,1864,374,13,697,189,873,327,-177,0
63.3504,0,0,6662,95,765,477,1617,406,262,279,-24457,-29571,-26794,0,0,0,2626,945,-15487,-6565,4,4,4,1548,3530,373,9,495,221,703,601,-620,0
63.4428,0,0,6662,185,759,475,1619,434,359,436,-19521,-15626,-13324,0,0,0,2613,16811,29328,-28811,4,4,4,1953,2940,371,11,321,624,525,1444,-574,0
63.5348,0,0,6662,280,761,473,1619,522,362,336,-15266,-15941,-24928,0,0,0,2588,30485,28314,-566,4,4,4,1649,3182,371,13,397,446,581,1177,-556,0
63.6269,0,0,6662,370,762,474,1620,378,400,283,-27502,-17957,-29803,0,0,0,2613,-8838,21836,-16233,4,4,4,1484,2550,372,8,401,295,557,755,-177,0
63.7194,0,0,6662,465,764,473,1623,397,580,349,-21110,-2072,31364,0,0,0,2600,11704,7350,-30275,4,4,4,1464,2084,373,10,445,267,633,620,-105,0
63.8111,0,0,6662,555,767,476,1620,582,893,547,7033,-4074,2381,0,0,0,2588,-28923,14926,21661,4,4,4,1524,2029,374,30,514,344,778,669,-2,0
63.9031,0,0,6662,650,774,477,1613,591,700,353,6618,23117,-21952,0,0,0,2607,-30257,22765,8996,4,4,4,1480,1948,377,28,611,288,898,572,29,0
63.9950,0,0,6662,740,781,475,1606,616,872,453,12878,-26079,-21390,0,0,0,2626,-10139,9742,10803,4,4,4,1433,1862,381,32,698,269,993,500,205,0
64.0866,0,0,6662,830,786,489,1591,658,572,403,26035,3149,-19090,0,0,0,2588,32143,24131,18195,4,4,4,1483,1813,383,43,670,331,988,573,288,0
64.1787,0,0,6662,925,786,489,1591,658,572,403,26035,3149,-19090,0,0,0,2582,32143,24131,18195,4,7,4,1483,1813,383,43,670,331,988,573,288,0
64.2709,0,0,6918,15,787,504,1577,472,349,332,-4143,-23293,-29629,0,0,0,2588,695,4689,-15674,4,7,4,1377,2152,384,24,564,242,786,451,31,0
64.3656,0,0,6918,110,786,519,1571,473,392,515,-8425,-23622,-9074,0,0,0,2575,-13066,3630,-15153,4,7,4,1644,2494,383,19,441,322,697,756,514,0
64.4600,0,0,6918,200,786,530,1567,519,324,377,4943,-28911,-25619,0,0,0,2588,29895,-13368,-2787,4,7,4,1569,1978,383,27,434,406,668,763,180,0
64.5544,0,0,6918,295,790,534,1567,420,374,339,-12045,-21956,-25833,0,0,0,2600,-24702,8983,-3476,4,7,4,1375,2136,386,17,528,269,701,539,-182,0
64.6486,0,0,6918,390,796,538,1569,423,407,265,-9697,-14679,32097,0,0,0,2588,-17155,32372,-27919,4,7,4,1291,2138,389,17,613,229,773,458,-472,0
64.7430,0,0,6918,485,803,535,1569,329,431,338,28407,-29344,29426,0,0,0,2588,-4674,12007,-2490,4,7,4,1224,2008,392,10,666,161,803,310,-350,0
64.8373,0,0,6918,580,801,539,1565,497,466,294,1078,-3043,-25092,0,0,0,2588,17475,4230,-1094,4,7,4,1569,1950,391,26,499,467,720,865,27,0
64.9316,0,0,6918,675,795,550,1560,385,392,259,32087,-32753,22015,0,0,0,2569,3212,4703,-18369,4,7,4,1495,3254,388,15,307,546,441,1364,745,0
65.0258,0,0,6918,770,795,551,1561,528,580,317,-22154,-7984,25637,0,0,0,2575,27410,-7766,-10607,4,7,4,1589,2552,388,24,374,502,593,1108,311,0
65.1202,0,0,6918,865,803,559,1551,555,740,654,-22982,-11554,-13622,0,0,0,2588,25636,-15416,-19846,4,7,4,1407,2625,392,22,572,344,768,806,-174,0
65.2147,0,0,6918,955,800,576,1543,888,532,433,30893,16191,14758,0,0,0,2600,28366,14867,13551,17,7,7,1898,2503,391,69,457,762,793,1780,336,0
65.3065,0,0,7174,50,807,586,1537,715,733,416,-6471,-5708,30975,0,0,0,2626,-4525,-2891,829,17,7,7,1585,2082,394,46,584,493,848,1121,338,0
65.3984,0,0,7174,145,811,585,1527,602,815,311,-11900,3367,21364,0,0,0,2607,-16155,16554,-19764,17,7,7,1508,1889,396,36,595,385,858,803,-123,0
65.4905,0,0,7174,235,810,594,1514,841,601,454,29702,21449,13580,0,0,0,2619,27273,19694,12470,17,7,7,1549,2230,395,59,507,569,763,1316,378,0
65.5856,0,0,7174,325,813,594,1512,815,858,390,-1217,1529,27135,0,0,0,2582,6733,12616,-7399,17,7,7,1540,2005,397,49,537,473,815,1067,237,0
65.6785,0,0,7174,420,812,628,1505,831,1511,350,5366,1300,23960,0,0,0,2600,20837,21463,-14200,17,7,7,1577,1769,396,58,485,602,757,1197,195,0
65.7717,0,0,7174,515,812,628,1505,831,1511,350,5366,1300,23960,0,0,0,2588,20837,21463,-14200,17,7,7,1577,1769,396,58,485,602,757,1197,195,0
65.8645,0,0,7174,610,806,654,1498,488,1408,248,-23803,-4338,17302,0,0,0,2588,23877,9385,-28465,17,7,7,1579,1694,393,30,292,535,457,1009,138,0
65.9571,0,0,7174,700,801,659,1486,403,1292,287,-28515,-9294,23367,0,0,0,2588,13783,-1234,-15471,17,7,7,1562,1605,391,21,249,579,387,986,-70,0
66.0497,0,0,7174,795,808,667,1475,1257,1475,963,-3804,-11939,-11790,0,0,0,2588,10528,-6900,-15922,17,7,7,1730,1537,394,279,593,795,1083,1317,-156,0
66.1423,0,0,7174,885,804,689,1464,1226,1257,1100,-28037,27995,-10334,0,0,0,2582,24144,3784,-12800,29,7,7,2523,3006,392,174,442,1048,1026,2735,560,0
66.2347,0,0,7174,980,810,708,1452,865,864,707,16476,15321,9812,0,0,0,2588,8825,8206,5255,29,19,9,1930,3142,395,92,570,594,980,1547,306,0
66.3276,0,0,7430,70,818,706,1441,820,949,473,27237,23819,10681,0,0,0,2582,21883,19137,8581,29,19,9,1649,2338,399,81,686,473,1040,1047,7,0
66.4204,0,0,7430,165,820,709,1431,573,991,488,17423,27710,11850,0,0,0,2600,13998,22263,9520,29,19,9,1492,2352,400,43,600,303,864,697,94,0
66.5129,0,0,7430,255,817,720,1420,1033,922,353,14765,15693,5696,0,0,0,2613,7908,8405,3051,29,19,9,2468,3332,399,50,459,622,979,2079,154,0
66.6054,0,0,7430,350,816,726,1411,1048,723,347,19225,11756,6168,0,0,0,2600,10297,6296,3304,29,19,9,2074,2442,398,76,438,768,841,1906,178,0
66.6972,0,0,7430,440,817,732,1408,1186,1322,398,-24707,-22406,11312,0,0,0,2607,-32733,-30884,9088,29,19,9,1880,1993,399,150,456,936,820,1870,-117,0
66.7928,0,0,7430,535,813,762,1398,946,965,266,32434,31565,7624,0,0,0,2588,26058,25360,6126,29,19,9,1890,2045,397,98,338,1014,619,2107,293,0
66.8856,0,0,7430,630,809,787,1389,550,1022,162,18891,-29162,4608,0,0,0,2607,15178,29224,3702,29,19,9,1573,1762,395,50,294,604,467,1220,184,0
66.9785,0,0,7430,720,805,799,1381,366,1143,487,11538,31027,10015,0,0,0,2600,9270,24928,8046,29,19,9,1662,3064,393,25,232,415,383,1007,-545,0
67.0711,0,0,7430,815,807,812,1380,1086,1925,1988,-16958,-20044,31497,0,0,0,2607,12524,-18199,24848,29,19,9,1658,4459,394,68,392,539,649,1790,-947,0
67.1637,0,0,7430,905,807,812,1380,1086,1925,1988,-16958,-20044,31497,0,0,0,2600,12524,-18199,24848,4,7,9,1658,4459,394,68,392,539,649,1790,-947,0
67.2565,0,0,7686,0,808,828,1368,1438,1604,1189,-21376,-13816,15869,0,0,0,2588,-27120,-10922,-22196,4,7,27,2044,3553,394,169,460,887,966,2316,-968,0
67.3504,0,0,7686,95,812,843,1359,1592,1266,884,21776,9198,31573,0,0,0,2588,32463,-7959,-15594,4,7,27,1784,5441,396,135,554,703,976,2207,-1321,0
67.4431,0,0,7686,185,807,848,1360,1263,832,742,-9416,19734,11873,0,0,0,2600,-2242,11892,-13368,4,7,27,2642,4754,394,88,379,1015,847,3357,-1348,0
67.5361,0,0,7686,280,801,848,1363,852,648,501,25397,11807,-9612,0,0,0,2607,30092,-13580,-16881,4,7,27,2334,3502,391,53,257,1107,560,2863,-1067,0
67.6287,0,0,7686,375,799,841,1365,629,612,415,5377,1828,-22872,0,0,0,2582,31289,19883,6042,4,7,27,1992,2658,390,33,277,761,525,1825,-609,0
67.7212,0,0,7686,465,794,842,1363,636,922,668,31386,-26566,29856,0,0,0,2575,1709,17957,-1570,4,7,27,2676,5530,387,17,218,553,531,2186,-350,0
67.8134,0,0,7686,560,799,844,1354,732,600,712,10615,-18097,12499,0,0,0,2607,-17412,21387,-11358,4,7,27,2084,3708,390,36,455,458,782,1421,-119,0
67.9061,0,0,7686,650,805,846,1350,667,486,534,19598,-22654,-3501,0,0,0,2613,11456,6742,2758,4,7,27,1763,2583,393,40,583,384,903,965,-232,0
67.9987,0,0,7686,745,809,847,1358,531,311,607,13385,4920,14780,0,0,0,2588,7821,2875,8636,4,7,27,1564,2064,395,30,577,318,842,686,-355,0
68.0912,0,0,7686,835,812,842,1370,377,364,424,8276,7028,10072,0,0,0,2613,4836,4107,5885,4,7,27,1396,3191,396,15,581,192,780,459,-689,0
68.1838,0,0,7686,930,812,835,1375,299,324,431,-32720,-30454,-7660,0,0,0,2626,-25607,-18326,-10607,4,7,4,1332,2997,396,8,488,153,640,367,-707,0
68.2769,0,0,7942,20,808,833,1376,396,400,316,31270,-32290,25818,0,0,0,2588,1461,5694,-10219,4,7,4,1535,2428,394,13,358,438,518,888,-405,0
68.3698,0,0,7942,115,807,843,1373,869,617,666,26419,8873,-13766,0,0,0,2607,-32158,-23011,-30232,4,7,4,1796,2223,394,54,405,668,726,1483,60,0
68.4629,0,0,7942,205,804,852,1367,942,1186,816,7356,-11641,-13834,0,0,0,2613,25101,-15602,-20299,4,7,4,1969,2062,392,67,347,920,673,1911,-102,0
68.5560,0,0,7942,300,799,873,1356,709,1154,731,-8134,7728,-11558,0,0,0,2600,-8087,25897,-15424,4,7,4,1896,1843,390,43,252,989,480,1887,-33,0
68.6515,0,0,7942,395,798,882,1344,687,831,457,-5462,-8756,-30176,0,0,0,2569,-2363,-9420,10223,4,7,4,1703,1676,389,44,325,805,540,1510,-177,0
68.7435,0,0,7942,490,798,882,1344,687,831,457,-5462,-8756,-30176,0,0,0,2600,-2363,-9420,10223,4,7,4,1703,1676,389,44,325,805,540,1510,-177,0
68.8364,0,0,7942,580,802,887,1336,670,568,583,12322,-4146,4303,0,0,0,2607,-11926,684,27839,4,7,4,1609,2158,391,32,464,528,727,1036,224,0
68.9293,0,0,7942,675,812,893,1328,819,489,571,-23431,-8890,6034,0,0,0,2613,18254,-14560,-32136,4,7,4,1460,2048,396,64,700,438,978,857,-202,0
69.0212,0,0,7942,765,817,897,1322,551,560,687,3738,8032,18654,0,0,0,2613,26023,-25714,8422,4,7,4,1375,2940,399,34,691,270,929,577,634,0
69.1159,0,0,7942,860,823,896,1318,457,678,498,-23738,-15819,-25805,0,0,0,2575,24017,-24553,19588,4,7,4,1317,2194,402,25,686,229,894,429,463,0
69.2078,0,0,7942,955,828,890,1314,426,589,330,-8510,10161,-27217,0,0,0,2626,-13338,-18872,-7923,4,4,4,1270,2111,404,19,669,204,846,393,-149,0
69.3004,0,0,8198,45,827,887,1314,315,378,278,-24480,-19585,-30764,0,0,0,2563,872,16605,-19321,4,4,4,1297,2342,404,11,522,178,672,366,337,0
69.3930,0,0,8198,135,825,886,1317,504,312,335,300,-31251,-31146,0,0,0,2588,14975,-20887,-20550,4,4,4,1444,1987,403,26,443,417,626,827,15,0
69.4881,0,0,8198,230,819,894,1320,366,398,361,-21038,-19989,-22625,0,0,0,2607,11935,15304,6833,4,4,4,1498,2058,400,14,279,461,402,1133,-200,0
69.5834,0,0,8198,325,814,903,1312,493,285,607,-15223,31543,18075,0,0,0,2600,30623,-29698,6561,4,4,4,2124,3345,397,15,244,605,488,1779,-769,0
69.6761,0,0,8198,420,820,909,1308,663,242,461,21017,23616,-1939,0,0,0,2600,16018,10362,7778,4,4,4,1811,2467,400,45,493,502,800,1196,-403,0
69.7690,0,0,8198,515,827,907,1306,520,329,306,2494,-28811,-25588,0,0,0,2588,22023,-13047,-2688,4,4,4,1529,2131,404,29,611,328,855,729,-313,0
69.8615,0,0,8198,605,834,902,1307,365,282,303,-19428,32362,-29561,0,0,0,2607,17110,-27067,-15457,4,4,4,1322,1962,407,15,675,201,839,444,-54,0
69.9537,0,0,8198,700,852,897,1313,750,504,491,28160,9309,-5088,0,0,0,2600,-26564,-21610,-2342,4,4,4,1365,2083,416,58,1012,221,1370,446,-207,0
70.0460,0,0,8198,790,859,893,1303,778,476,560,23463,2092,2731,0,0,0,2600,23878,20732,22785,4,4,4,1445,2267,419,47,888,238,1268,511,-99,0
70.1383,0,0,8198,885,854,889,1304,754,591,805,26002,4825,-23144,0,0,0,2588,32036,29517,19173,4,4,4,1718,1964,417,45,551,675,848,1280,-44,0
70.2309,0,0,8198,975,854,889,1304,754,591,805,-19767,-30356,-11572,0,0,0,2607,8009,-9005,21177,7,4,9,1718,1964,417,45,551,675,848,1280,-44,0
70.3231,0,0,8454,70,860,885,1311,1260,765,714,31805,-2767,-10798,0,0,0,2607,11946,3411,-13796,7,4,9,1998,2704,420,124,687,664,1361,1501,-588,0
70.4154,0,0,8454,160,858,884,1313,904,728,840,3052,-10622,-11711,0,0,0,2588,15877,-13418,-15751,7,4,9,1754,2194,419,71,526,529,956,1225,-253,0
70.5076,0,0,8454,250,854,892,1312,816,584,568,-4387,-18101,-24625,0,0,0,2569,-59,-29443,22117,7,4,9,1904,2286,417,51,409,644,778,1391,-348,0
70.5999,0,0,8454,345,847,904,1306,600,486,555,-26476,-30079,-20601,0,0,0,2607,18151,10432,30739,7,4,9,3191,4074,413,27,233,1034,517,3860,-600,0
70.6926,0,0,8454,435,846,910,1298,634,360,360,-13807,29098,26030,0,0,0,2575,-20243,-3194,-9767,7,4,9,2508,2994,413,37,328,814,646,2492,-655,0
70.7846,0,0,8454,530,839,915,1288,512,372,237,-25965,-32187,16813,0,0,0,2575,19246,5916,-29514,7,4,9,2241,2668,410,22,223,889,438,2405,-209,0
70.8769,0,0,8454,620,833,927,1280,484,504,448,-9799,-755,-5090,0,0,0,2607,-17481,11583,-2349,7,4,9,2186,2556,406,18,172,1051,349,2370,-91,0
70.9691,0,0,8454,715,828,947,1275,369,449,363,-19510,-3439,-23588,0,0,0,2600,16846,2958,3741,7,4,9,1919,2032,404,12,183,757,335,1595,-219,0
71.0616,0,0,8454,805,824,962,1264,437,540,344,-11484,-2978,-21749,0,0,0,2588,-22898,4440,9649,7,4,9,1680,2671,402,15,202,716,327,1638,510,0
71.1540,0,0,8454,900,819,965,1259,356,445,494,21767,25343,-32582,0,0,0,2588,-30559,-24812,-12583,7,4,9,1709,2311,400,10,197,567,330,1260,360,0
71.2469,0,0,8454,990,816,982,1254,675,993,720,19890,30643,22572,0,0,0,2600,14205,21884,16120,27,22,7,1815,2223,398,51,251,906,458,1781,-103,0
71.3395,0,0,8710,85,817,1008,1248,706,1347,593,20288,-24175,15931,0,0,0,2607,14489,29538,11377,27,22,7,1682,2006,399,47,378,680,620,1323,-70,0
71.4317,0,0,8710,175,813,1007,1242,558,1070,633,15209,30300,17307,0,0,0,2600,10862,21639,12360,27,22,7,1730,1873,397,29,284,654,480,1345,7,0
71.5244,0,0,8710,270,807,1030,1236,520,883,750,13646,22323,23231,0,0,0,2600,9745,15942,16591,27,22,7,2157,1760,394,22,207,845,407,1911,66,0
71.6166,0,0,8710,360,807,1030,1236,520,883,750,13646,22323,23231,0,0,0,2600,9745,15942,16591,27,22,7,2157,1760,394,22,207,845,407,1911,66,0
71.7087,0,0,8710,455,810,1044,1235,521,912,594,13037,26163,16799,0,0,0,2600,9311,18685,11997,27,22,7,1689,2603,395,18,382,538,544,1298,568,0
71.8010,0,0,8710,545,804,1059,1228,455,632,695,31808,-15407,-11021,0,0,0,2588,2613,-23669,-14274,27,22,7,1744,2958,392,12,249,683,377,1919,-66,0
71.8935,0,0,8710,640,799,1074,1223,457,513,777,-32071,-26619,4656,0,0,0,2588,6164,17843,19315,27,22,7,1674,2668,390,13,224,679,348,1786,-290,0
71.9881,0,0,8710,730,805,1089,1224,699,817,669,19235,26856,19559,0,0,0,2582,13737,19179,13969,27,22,7,1552,2188,393,44,478,543,698,1298,-43,0
72.0802,0,0,8710,825,802,1105,1217,709,706,760,-5413,-4635,-598,0,0,0,2607,-2258,-592,8057,27,22,7,1580,2060,391,44,366,733,553,1606,-301,0
72.1725,0,0,8710,915,797,1122,1212,650,704,749,-7897,-1232,-3881,0,0,0,2607,-7579,6700,1024,27,22,7,1706,1877,389,39,280,928,454,1710,-99,0
72.2678,0,0,8966,10,799,1138,1210,701,886,570,12734,17720,9776,0,0,0,2600,5846,8135,4488,29,34,29,1539,2171,390,41,409,671,596,1351,309,0
72.3623,0,0,8966,105,794,1149,1201,547,850,642,9399,17608,11788,0,0,0,2600,4315,8084,5412,29,34,29,2099,2214,387,25,268,818,467,1962,-46,0
72.4577,0,0,8966,200,788,1161,1195,455,617,420,8870,13545,7625,0,0,0,2613,4072,6218,3500,29,34,29,1738,1760,385,21,199,943,324,1728,-46,0
72.5498,0,0,8966,295,783,1170,1184,389,443,273,7254,9453,4773,0,0,0,2588,3330,4340,2191,29,34,29,1585,2181,382,14,179,781,276,1632,433,0
72.6445,0,0,8966,385,777,1181,1176,305,309,204,5924,6437,3572,0,0,0,2607,2719,2955,1640,29,34,29,1655,1837,379,9,129,899,206,1611,324,0
72.7367,0,0,8966,480,770,1191,1169,307,263,176,6062,5991,3728,0,0,0,2607,3247,3209,1996,29,34,29,2129,2525,376,7,100,1075,195,2548,608,0
72.8290,0,0,8966,575,765,1197,1161,347,241,198,7557,5242,4688,0,0,0,2607,4048,2808,2511,29,34,29,1981,2064,373,11,113,1084,213,2166,286,0
72.9211,0,0,8966,665,760,1208,1158,447,473,319,7765,8716,4590,0,0,0,2600,3565,4001,2107,29,34,29,1939,2057,371,15,132,1086,250,2388,-8,0
73.0136,0,0,8966,760,753,1216,1155,390,566,229,5924,9225,3278,0,0,0,2588,2720,4235,1505,29,34,29,2173,2277,368,9,101,1071,211,2856,178,0
73.1060,0,0,8966,850,753,1216,1155,390,566,229,5924,9225,3278,0,0,0,2588,2720,4235,1505,29,34,29,2173,2277,368,9,101,1071,211,2856,178,0
73.1976,0,0,8966,945,755,1215,1157,638,708,341,11259,12601,5844,0,0,0,2588,5169,5785,2683,29,34,29,1862,2093,369,38,316,816,517,1969,356,0
73.2920,0,0,9222,35,756,1206,1160,566,655,415,3040,11846,-24660,0,0,0,2588,23780,-13456,295,4,4,4,1655,1961,369,28,378,563,578,1299,324,0
73.3838,0,0,9222,130,756,1203,1164,399,421,287,-16567,-17548,29415,0,0,0,2626,26303,23149,28998,4,4,4,1493,1787,369,16,356,382,511,828,188,0
73.4764,0,0,9222,220,757,1197,1168,368,503,375,-21155,-13401,-26259,0,0,0,2607,11559,-29057,-4844,4,4,4,1357,2582,369,12,393,297,518,680,716,0
73.5683,0,0,9222,315,757,1189,1174,593,359,391,9274,-30388,-21097,0,0,0,2588,-21721,-18113,11746,4,4,4,1595,2231,369,33,416,466,663,927,331,0
73.6631,0,0,9222,405,756,1184,1180,743,301,386,32654,-32061,-14914,0,0,0,2613,-12121,-23489,31615,4,4,4,1799,2202,369,54,415,663,745,1278,-131,0
73.7549,0,0,9222,500,753,1180,1181,512,238,464,1111,24565,-8406,0,0,0,2607,17581,13410,-13004,4,4,4,1620,2085,368,30,345,480,572,904,106,0
73.8502,0,0,9222,590,756,1180,1185,1459,1477,1326,-30289,-29178,-25295,0,0,0,2569,10219,13791,26270,4,4,4,2150,2749,369,193,540,822,1272,1957,597,0
73.9449,0,0,9222,685,759,1178,1192,1531,2022,1108,-2813,31884,10356,0,0,0,2607,-32551,13422,-4235,4,4,4,2078,2370,370,220,595,923,1289,1891,21,0
74.0395,0,0,9222,780,755,1174,1198,907,1269,729,-17456,15058,25240,0,0,0,2613,-28082,10875,29589,4,4,4,1896,2105,368,112,396,668,813,1373,22,0
74.1344,0,0,9222,875,750,1174,1207,564,755,431,5896,27935,-12016,0,0,0,2588,-32578,-27287,-24605,4,4,4,1793,1842,366,58,276,564,539,1117,-28,0
74.2296,0,0,9222,970,744,1170,1211,365,539,327,-18760,8370,-23259,0,0,0,2607,19256,-24629,4795,4,4,4,1743,1805,363,30,180,635,340,1182,125,0
74.3209,0,0,9478,65,738,1168,1213,311,571,510,-27527,-2227,-14815,0,0,0,2600,-8919,6852,31934,86,4,34,1939,1845,360,17,140,704,278,1410,164,0
74.4160,0,0,9478,160,735,1178,1210,364,538,499,-15493,-8857,-5384,0,0,0,2588,29754,-14454,-3295,86,4,34,1822,1671,359,18,190,710,343,1253,108,0
74.5103,0,0,9478,255,732,1187,1209,288,357,447,5091,5791,8886,0,0,0,2613,2337,2658,4079,86,4,34,1604,2260,357,10,193,479,308,955,228,0
74.6054,0,0,9478,345,728,1197,1206,307,310,312,5817,5230,5647,0,0,0,2613,2670,2401,2592,86,4,34,1654,1974,355,10,195,547,321,978,11,0
74.6968,0,0,9478,440,725,1201,1205,304,445,191,-25824,-10356,23957,0,0,0,2588,-3446,-19272,11458,86,4,34,1581,2058,354,9,208,485,328,890,187,0
74.7919,0,0,9478,535,725,1201,1205,304,445,191,-25824,-10356,23957,0,0,0,2569,-3446,-19272,11458,86,4,34,1581,2058,354,9,208,485,328,890,187,0
74.8873,0,0,9478,630,722,1196,1206,304,404,239,-24576,-20858,-32536,0,0,0,2613,563,12513,-25018,86,4,34,1543,1911,352,9,228,448,351,778,137,0
74.9805,0,0,9478,725,717,1190,1211,288,281,197,2189,1834,1525,0,0,0,2588,402,336,280,86,4,34,1782,1822,350,7,164,741,276,1305,-36,0
75.0733,0,0,9478,815,713,1184,1211,295,279,215,1894,1607,1695,0,0,0,2600,347,295,311,86,4,34,1783,2243,348,5,174,550,303,1101,-145,0
75.1662,0,0,9478,910,715,1200,1215,247,846,397,29730,-21942,-3563,0,0,0,2607,30009,23039,2558,86,4,34,1503,1989,349,4,302,344,415,668,-230,0
75.2588,0,0,9734,5,712,1207,1215,371,1037,560,-18200,-24,20130,0,0,0,2607,21056,27939,13167,86,4,34,1548,1888,347,12,285,488,422,942,-8,0
75.3517,0,0,9734,95,712,1200,1215,420,707,517,18346,29628,24734,0,0,0,2613,19653,31739,26496,24,14,42,1465,1963,347,16,328,449,467,892,-289,0
75.4442,0,0,9734,190,710,1206,1217,575,857,541,28359,-31168,28040,0,0,0,2588,30379,-28719,30037,24,14,42,1498,1668,347,41,316,706,466,1206,-17,0
75.5368,0,0,9734,280,713,1225,1222,422,732,747,7038,10665,14136,0,0,0,2613,2661,4032,5344,24,14,42,1394,1857,348,23,407,431,554,756,-284,0
75.6294,0,0,9734,375,711,1230,1222,569,717,776,9798,11188,13127,0,0,0,2575,3704,4230,4963,24,14,42,1544,1715,347,40,350,691,526,1116,-60,0
75.7221,0,0,9734,465,709,1232,1223,419,582,574,18551,25584,26534,0,0,0,2569,19873,27407,28424,24,14,42,1431,2620,346,22,291,486,416,961,-594,0
75.8176,0,0,9734,560,705,1242,1221,483,597,551,20733,27918,26875,0,0,0,2588,22211,29907,28789,24,14,42,1823,2280,344,23,254,714,449,1485,-499,0
75.9108,0,0,9734,655,709,1258,1222,433,602,544,18979,22842,27598,0,0,0,2588,20332,24469,29564,24,14,42,1540,2169,346,18,395,468,562,955,92,0
76.0060,0,0,9734,745,705,1266,1219,485,452,474,12512,10713,13337,0,0,0,2575,8042,6886,8572,24,14,42,1648,2578,344,20,283,717,432,1676,-521,0
76.0975,0,0,9734,845,700,1274,1219,321,424,387,13613,20036,17928,0,0,0,2607,14583,21463,19206,24,14,42,1567,2053,342,11,203,544,307,1209,-191,0
76.1925,0,0,9734,935,698,1282,1213,473,397,379,11569,11740,9949,0,0,0,2588,7436,7546,6394,24,14,42,1792,2020,341,19,245,631,443,1345,-356,0
76.2877,0,0,9990,30,701,1296,1211,367,296,458,5610,4842,7594,0,0,0,2600,2121,1830,2871,24,14,42,1547,1911,342,13,365,403,537,834,-476,0
76.3828,0,0,9990,125,697,1306,1206,497,250,421,12546,6242,10882,0,0,0,2582,8064,4012,6994,24,22,49,1803,2463,340,21,275,725,459,1742,-797,0
76.4781,0,0,9990,220,697,1306,1206,497,250,421,12546,6242,10882,0,0,0,2582,8064,4012,6994,24,22,49,1803,2463,340,21,275,725,459,1742,-797,0
76.5732,0,0,9990,315,692,1315,1204,359,267,347,9570,7743,9167,0,0,0,2588,6151,4977,5892,24,22,49,1752,1972,338,13,203,699,342,1397,-319,0
76.6685,0,0,9990,410,693,1325,1195,554,324,362,14929,9674,8963,0,0,0,2607,9595,6218,5761,24,22,49,1730,1845,338,32,312,672,530,1218,-304,0
76.7599,0,0,9990,505,694,1337,1194,525,218,483,12377,6165,12768,0,0,0,2607,7955,3962,8206,24,22,49,1678,2491,339,22,373,467,618,949,-584,0
76.8516,0,0,9990,595,691,1348,1187,501,170,392,11449,4510,9391,0,0,0,2607,7359,2898,6036,24,22,49,1524,3231,337,18,275,589,431,1545,-998,0
76.9429,0,0,9990,690,687,1355,1185,395,221,339,9112,6296,8362,0,0,0,2600,5857,4046,5375,24,22,49,1644,2570,335,12,209,604,342,1388,-283,0
77.0380,0,0,9990,780,689,1366,1175,587,300,316,16072,8599,7591,0,0,0,2600,10330,5527,4879,24,22,49,1581,2007,336,39,364,588,566,1161,-99,0
77.1333,0,0,9990,875,688,1377,1173,717,274,435,18476,7830,10993,0,0,0,2607,11875,5032,7066,24,22,49,1772,1883,336,47,351,719,614,1341,-28,0
77.2256,0,0,9990,970,684,1391,1166,468,287,330,12601,7558,8040,0,0,0,2607,8099,4858,5168,24,22,49,1680,1659,334,26,255,629,433,1074,19,0
77.3184,0,0,10246,60,681,1398,1161,564,249,376,15624,6253,10346,0,0,0,2582,10042,4019,6650,24,22,51,1754,1671,332,35,232,863,408,1590,-199,0
77.4136,0,0,10246,155,686,1411,1154,571,296,555,15890,6904,15624,0,0,0,2626,10213,4437,10042,24,22,51,1563,1627,335,34,429,582,634,1049,-80,0
77.5061,0,0,10246,250,683,1422,1151,583,313,598,7587,4107,8661,0,0,0,2607,2322,1257,2651,24,22,51,1527,1888,333,33,313,788,464,1568,-404,0
77.5987,0,0,10246,345,679,1432,1145,421,362,437,5608,4898,6424,0,0,0,2588,1716,1499,1966,24,22,51,1590,1720,331,20,231,745,355,1315,-216,0
77.6911,0,0,10246,435,677,1442,1136,578,477,469,14548,13562,13414,0,0,0,2613,9351,8717,8622,24,22,51,1816,1867,330,29,267,770,486,1448,-240,0
77.7830,0,0,10246,530,683,1457,1130,594,428,627,7862,5488,8865,0,0,0,2607,2406,1679,2713,24,22,51,1570,1790,333,36,458,554,673,1009,116,0
77.8748,0,0,10246,620,682,1468,1123,671,433,618,19985,12089,18332,0,0,0,2588,12845,7770,11783,24,22,51,1537,1669,333,52,383,752,568,1276,-136,0
77.9665,0,0,10246,710,677,1478,1118,556,555,543,15862,16816,16523,0,0,0,2569,10195,10808,10620,24,22,51,1784,1587,330,35,260,914,424,1616,-76,0
78.0582,0,0,10246,805,677,1478,1118,556,555,543,15862,16816,16523,0,0,0,2588,10195,10808,10620,24,22,51,1784,1587,330,35,260,914,424,1616,-76,0
78.1499,0,0,10246,895,678,1488,1109,740,636,511,18475,18948,13928,0,0,0,2607,11875,12178,8952,24,22,51,1805,1862,331,45,340,787,595,1482,-56,0
78.2414,0,0,10246,985,677,1499,1104,810,571,514,23530,17559,14089,0,0,0,2600,15124,11286,9056,24,22,51,1849,1735,330,74,379,951,693,1651,-297,0
78.3334,0,0,10502,80,673,1513,1094,599,498,342,17017,13735,8804,0,0,0,2575,10937,8828,5659,24,51,51,1728,1798,328,44,279,861,490,1564,-344,0
78.4251,0,0,10502,170,669,1520,1088,499,417,309,13813,10739,8066,0,0,0,2582,8878,6902,5184,24,51,51,1709,1751,326,29,199,999,346,1794,-166,0
78.5167,0,0,10502,260,674,1532,1078,599,351,303,17239,8795,7015,0,0,0,2588,11080,5653,4509,24,51,51,1566,1681,329,41,409,702,614,1223,27,0
78.6086,0,0,10502,355,672,1542,1074,734,324,408,19088,8084,10964,0,0,0,2582,12269,5196,7047,24,51,51,1747,1894,328,48,333,848,555,1577,336,0
78.7035,0,0,10502,445,668,1555,1065,603,294,368,16448,7427,9805,0,0,0,2600,10572,4773,6302,24,51,51,1886,1868,326,36,255,987,457,1780,406,0
78.7950,0,0,10502,540,664,1561,1060,532,246,380,14805,5927,10582,0,0,0,2588,9516,3809,6801,24,51,51,1786,1662,324,29,201,1037,353,1782,261,0
78.8871,0,0,10502,630,670,1572,1051,783,249,475,21366,5884,12164,0,0,0,2607,13733,3782,7818,24,51,51,1648,1671,327,63,456,764,714,1340,189,0
78.9792,0,0,10502,725,667,1584,1047,662,448,489,19098,12051,14296,0,0,0,2607,12275,7746,9188,24,51,51,1751,1613,326,49,332,938,550,1550,276,0
79.0712,0,0,10502,815,664,1595,1042,582,710,364,7718,10040,5054,0,0,0,2607,2362,3073,1547,24,51,51,1919,1694,324,36,255,973,460,1702,188,0
79.1628,0,0,10502,910,666,1598,1034,751,589,401,20010,18116,10600,0,0,0,2569,12861,11644,6813,24,51,51,1684,1968,325,53,389,775,609,1488,428,0
79.2552,0,0,10758,0,666,1611,1031,579,461,466,15276,12833,11436,0,0,0,2613,9819,8248,7350,24,51,51,1546,2140,325,33,346,599,518,1188,574,0
79.3479,0,0,10758,90,666,1611,1031,579,461,466,13887,11666,10397,0,0,0,2588,8114,6817,6075,27,49,54,1546,2140,325,33,346,599,518,1188,574,0
79.4396,0,0,10758,180,666,1616,1026,1411,584,910,22706,12610,18338,0,0,0,2588,13267,7368,10715,27,49,54,2791,5932,325,92,440,824,1339,3008,1412,0
79.5310,0,0,10758,275,669,1621,1022,1923,456,891,30677,10671,18777,0,0,0,2607,17925,6235,10972,27,49,54,3103,4611,327,160,516,925,1679,3301,393,0
79.6226,0,0,10758,365,665,1627,1019,1162,317,543,19282,7575,11692,0,0,0,2600,11267,4426,6832,27,49,54,2647,3589,325,84,333,850,1005,2507,304,0
79.7146,0,0,10758,455,662,1630,1018,809,363,638,14362,7235,13425,0,0,0,2582,8392,4227,7844,27,49,54,2408,2747,323,49,261,807,709,2113,-25,0
79.8068,0,0,10758,550,663,1624,1018,694,594,541,13863,13151,11609,0,0,0,2607,8100,7684,6783,27,49,54,1845,3156,323,38,331,627,611,1623,643,0
79.9003,0,0,10758,640,675,1612,1012,668,605,624,14575,14858,16301,0,0,0,2600,8516,8682,9525,27,49,54,1523,2945,329,36,633,416,867,1040,888,0
79.9926,0,0,10758,735,684,1601,1013,820,485,554,18237,11010,13006,0,0,0,2600,10656,6433,7599,27,49,54,1477,2361,334,55,723,384,1016,880,410,0
80.0847,0,0,10758,825,680,1596,1018,724,671,891,7812,5045,6683,0,0,0,2600,2282,1474,1952,27,49,54,1939,2016,332,40,445,746,707,1669,338,0
80.1769,0,0,10758,920,676,1596,1022,508,437,525,5332,3446,4292,0,0,0,2607,1558,1007,1254,27,49,54,2110,2844,330,22,294,653,518,1642,749,0
80.2691,0,0,11014,10,671,1596,1026,419,404,413,7855,6560,7389,0,0,0,2588,4590,3833,4317,27,49,54,2413,5308,327,13,211,603,433,1874,1513,0
80.3613,0,0,11014,105,671,1598,1024,553,359,512,-32274,15566,26666,0,0,0,2600,-12088,25014,-22686,9,4,4,2084,3526,327,27,297,610,554,1469,816,0
80.4537,0,0,11014,195,671,1602,1017,544,349,403,28458,20649,22559,0,0,0,2588,-19806,-32355,-29286,9,4,4,1850,3677,327,19,321,466,556,1178,253,0
80.5459,0,0,11014,290,674,1606,1008,433,462,318,-18769,-10090,-29978,0,0,0,2600,19227,-18417,-16797,9,4,4,1602,2987,329,12,400,320,602,777,320,0
80.6380,0,0,11014,380,674,1606,1008,433,462,318,-18769,-10090,-29978,0,0,0,2607,19227,-18417,-16797,9,4,4,1602,2987,329,12,400,320,602,777,320,0
80.7331,0,0,11014,470,683,1602,1000,628,544,387,-30990,-30702,19299,0,0,0,2607,-10025,-9562,31012,9,4,4,1555,2486,333,27,590,296,889,670,35,0
80.8256,0,0,11014,570,691,1592,992,755,627,442,-26313,-30203,19030,0,0,0,2588,-2510,-8759,30580,9,4,4,1526,2111,337,33,673,283,1011,649,75,0
80.9177,0,0,11014,660,698,1586,993,883,744,568,-23920,-26959,27856,0,0,0,2582,1336,-3547,-20774,9,4,4,1688,2255,341,36,698,283,1176,787,17,0
81.0101,0,0,11014,750,700,1585,998,633,499,440,31585,28391,19766,0,0,0,2575,-14783,-19915,31761,9,4,4,1478,2810,342,22,572,252,870,674,-605,0
81.1022,0,0,11014,845,699,1585,1003,492,393,383,26767,21084,19485,0,0,0,2607,-22525,-31657,31311,9,4,4,1511,2229,341,16,431,307,659,658,-338,0
81.1944,0,0,11014,935,695,1581,1009,609,285,383,-31360,16006,20589,0,0,0,2582,-10618,25720,-32453,9,4,4,2161,3032,339,25,309,834,594,2166,479,0
81.2875,0,0,11270,30,696,1575,1013,686,305,441,-25457,15008,25988,0,0,0,2588,-1134,24117,-23776,9,4,4,1871,2595,339,34,374,681,644,1644,63,0
81.3802,0,0,11270,120,701,1564,1015,712,571,465,-29869,29542,20044,0,0,0,2607,-19687,-27560,25767,12,4,7,1672,2107,342,41,517,517,809,1119,-117,0
81.4726,0,0,11270,215,712,1553,1010,892,506,647,-19181,25579,32328,0,0,0,2588,-5947,-32654,-23979,12,4,7,1628,1936,347,71,715,446,1128,906,149,0
81.5647,0,0,11270,305,714,1549,1013,1077,524,639,-3587,30235,32699,0,0,0,2607,14099,-26669,-23502,12,4,7,1774,1706,348,130,635,735,1097,1302,202,0
81.6566,0,0,11270,400,722,1540,1016,1110,577,536,-475,27676,25544,0,0,0,2607,18101,-29958,-32699,12,4,7,1588,1722,352,138,739,622,1139,1107,430,0
81.7514,0,0,11270,490,736,1531,1012,782,612,815,8444,-15407,150,0,0,0,2619,27431,-23671,9661,12,4,7,1413,1818,359,78,900,374,1227,677,-15,0
81.8438,0,0,11270,585,747,1530,1011,518,595,506,5437,7402,-5882,0,0,0,2607,31481,-27738,-4893,12,4,7,1278,2084,365,41,899,226,1127,412,-165,0
81.9364,0,0,11270,680,750,1525,1012,886,607,402,-17290,30360,19603,0,0,0,2607,-3515,-26509,25200,12,4,7,1467,1994,366,93,758,477,1075,860,-39,0
82.0284,0,0,11270,770,746,1514,1018,532,380,322,28048,18682,14657,0,0,0,2588,-29480,24016,18842,12,4,7,1557,1977,364,47,451,398,656,794,198,0
82.1198,0,0,11270,865,746,1514,1018,532,380,322,28048,18682,14657,0,0,0,2600,-29480,24016,18842,12,4,7,1557,1977,364,47,451,398,656,794,198,0
82.2121,0,0,11270,955,742,1502,1027,435,323,256,22368,16291,11900,0,0,0,2600,28754,20943,15297,12,4,7,1455,2813,362,28,337,426,479,956,-588,0
82.3047,0,0,11526,45,738,1488,1034,694,276,270,-31909,12762,11350,0,0,0,2588,-22308,16406,14591,12,4,7,2247,3593,360,45,312,963,677,2669,-1078,0
82.3973,0,0,11526,140,745,1476,1042,575,376,351,27930,18334,14417,0,0,0,2588,-29632,23568,18533,12,9,4,1817,3203,363,30,501,573,817,1539,-1047,0
82.4897,0,0,11526,230,748,1470,1042,449,460,346,26178,24954,17790,0,0,0,2600,-23471,-25438,28587,12,9,4,1520,2645,365,18,512,362,729,956,-315,0
82.5825,0,0,11526,325,745,1471,1039,544,794,850,-605,-29589,-19575,0,0,0,2582,12067,-1537,30645,12,9,4,1847,2615,363,24,389,603,653,1392,-540,0
82.6747,0,0,11526,415,743,1473,1044,501,683,536,29628,-17504,-31083,0,0,0,2607,-17926,11646,-10174,12,9,4,1745,2231,362,19,341,525,569,1127,-194,0
82.7670,0,0,11526,510,748,1465,1055,354,524,450,19773,-28622,28527,0,0,0,2613,31774,-6220,-19696,12,9,4,1427,3413,365,10,477,299,625,672,-747,0
82.8597,0,0,11526,600,750,1456,1063,326,411,295,19130,28808,19010,0,0,0,2613,30739,-19244,30547,12,9,4,1372,2519,366,8,472,239,620,505,-392,0
82.9525,0,0,11526,695,750,1443,1070,200,253,241,11413,17641,14426,0,0,0,2613,18340,28348,23180,12,9,4,1236,2067,366,4,416,143,508,303,-317,0
83.0449,0,0,11526,785,747,1432,1079,213,190,251,24746,23348,-31568,0,0,0,2588,13994,9499,-21907,12,9,4,1316,2003,365,4,331,196,426,393,-388,0
83.1364,0,0,11526,880,745,1419,1088,172,214,263,18277,22976,-28388,0,0,0,2613,-6798,8306,-11687,12,9,4,1234,3370,363,2,284,154,350,389,-841,0
83.2283,0,0,11526,970,739,1408,1095,263,158,162,13219,7120,8591,0,0,0,2613,16993,9153,11044,12,9,4,1363,2568,361,6,201,570,263,1196,-689,0
83.3204,0,0,11782,65,743,1399,1103,460,225,202,24782,11067,8749,0,0,0,2588,31858,14226,11246,12,9,4,1359,2240,363,24,399,467,536,950,-106,0
83.4125,0,0,11782,155,743,1399,1103,460,225,202,-24232,18445,14581,0,0,0,2600,22959,-26018,31241,7,4,4,1359,2240,363,24,399,467,536,950,-106,0
83.5044,0,0,11782,245,750,1391,1113,528,449,309,-22477,-26634,23322,0,0,0,2588,26718,17813,-15567,7,4,4,1413,2417,366,23,558,341,795,725,-244,0
83.5967,0,0,11782,340,749,1383,1115,578,439,319,-17472,-29001,26106,0,0,0,2575,-28095,12740,-9604,7,4,4,1585,2011,365,27,446,486,691,907,-206,0
83.6886,0,0,11782,430,743,1378,1117,422,427,296,-13344,-19872,-27468,0,0,0,2588,-28874,15682,-8731,7,4,4,1852,1861,362,16,265,789,434,1476,-287,0
83.7807,0,0,11782,525,736,1380,1123,316,543,357,-29016,4426,-18756,0,0,0,2600,-13704,28233,19269,7,4,4,2060,2087,359,9,169,784,301,1659,-305,0
83.8725,0,0,11782,615,736,1384,1130,426,490,273,-19899,-8644,-30559,0,0,0,2575,15596,-13771,-18663,7,4,4,1840,2338,359,12,256,583,429,1276,-168,0
83.9644,0,0,11782,705,744,1376,1136,400,521,217,-18636,-965,27250,0,0,0,2588,19655,10909,22040,7,4,4,1488,2514,363,11,527,360,668,795,-603,0
84.0560,0,0,11782,800,752,1364,1135,328,445,284,-22619,-11252,30629,0,0,0,2600,6854,-22150,-32636,7,4,4,1345,2078,367,9,629,240,774,503,-36,0
84.1479,0,0,11782,890,766,1363,1127,412,547,423,-10691,4971,-13223,0,0,0,2588,-20348,29985,-28488,7,4,4,1289,1880,374,16,854,190,1052,374,104,0
84.2429,0,0,11782,980,768,1363,1124,805,474,667,12117,-30118,1745,0,0,0,2613,-30236,10349,13079,7,4,4,1513,1705,375,88,700,536,1000,842,-16,0
84.3349,0,0,12038,75,771,1364,1126,635,455,577,-6475,-27640,-8232,0,0,0,2588,-4534,15656,-8298,7,4,4,1457,1863,376,53,624,396,884,644,54,0
84.4275,0,0,12038,170,779,1360,1118,610,849,509,-4012,16407,-15048,0,0,0,2588,744,-21045,-22901,4,7,4,1378,1598,380,49,713,337,964,517,-109,0
84.5199,0,0,12038,260,787,1355,1115,724,1174,800,720,-31035,6166,0,0,0,2600,10882,17722,22551,4,7,4,1326,1936,384,53,750,328,983,636,-452,0
84.6124,0,0,12038,355,781,1373,1118,594,1134,630,-17424,-29567,-6770,0,0,0,2588,-27991,20867,-5166,4,7,4,1666,2940,381,31,437,631,617,1820,-799,0
84.7050,0,0,12038,445,778,1386,1124,628,1152,500,-9758,-25418,-23807,0,0,0,2607,-11567,29757,23869,4,7,4,1662,2343,380,38,345,794,517,1725,-225,0
84.7985,0,0,12038,540,778,1386,1124,628,1152,500,-9758,-25418,-23807,0,0,0,2588,-11567,29757,23869,4,7,4,1662,2343,380,38,345,794,517,1725,-225,0
84.8933,0,0,12038,635,775,1383,1121,622,744,369,-12018,1617,28630,0,0,0,2600,-16409,12804,-4196,4,7,4,1546,2541,378,34,313,736,460,1689,-594,0
84.9886,0,0,12038,730,771,1389,1122,485,612,316,-24868,-14223,25925,0,0,0,2588,21595,-21132,-9992,4,7,4,1769,2452,376,21,253,645,422,1483,-32,0
85.0811,0,0,12038,825,766,1397,1119,404,388,358,-12096,-18588,-17515,0,0,0,2607,-24863,19809,23256,4,7,4,1689,1963,374,16,221,644,364,1272,-63,0
85.1735,0,0,12038,915,762,1404,1112,304,279,236,-27725,30709,29640,0,0,0,2588,-9554,-32380,29719,4,7,4,1502,2600,372,9,190,487,286,1102,482,0
85.2661,0,0,12294,10,758,1411,1108,198,213,251,24576,22384,32730,0,0,0,2588,13445,6402,-25886,4,7,4,1357,2336,370,4,181,317,248,704,571,0
85.3586,0,0,12294,100,754,1419,1103,151,281,333,18207,-26179,-19823,0,0,0,2575,-7021,-4587,15840,4,7,4,1336,2035,368,2,173,240,232,518,380,0
85.4512,0,0,12294,195,750,1423,1094,116,217,230,14656,31660,31212,0,0,0,2588,-18433,-29325,-30763,2,29,4,1265,1765,366,1,192,179,242,360,187,0
85.5436,0,0,12294,285,747,1429,1088,374,250,256,-18624,396,-7453,0,0,0,2588,1868,30565,-19885,2,29,4,1448,1772,365,24,208,622,303,1164,414,0
85.6369,0,0,12294,380,742,1437,1086,460,256,255,-6302,2528,-6820,0,0,0,2588,15529,-21267,-15815,2,29,4,1711,1977,362,24,183,883,309,1596,251,0
85.7290,0,0,12294,470,737,1441,1092,287,462,329,6150,9735,6949,0,0,0,2600,3294,5214,3722,2,29,4,1572,2228,360,12,152,550,241,1039,140,0
85.8226,0,0,12294,565,731,1432,1097,262,425,297,5287,8772,6484,0,0,0,2588,2831,4698,3473,2,29,4,1824,2289,357,8,106,811,183,1768,-370,0
85.9175,0,0,12294,655,729,1420,1099,282,432,222,5666,8887,4848,0,0,0,2588,3035,4760,2596,2,29,4,1677,2236,356,7,190,561,301,1186,-534,0
86.0090,0,0,12294,750,730,1416,1098,251,450,229,5253,8834,4805,0,0,0,2607,2813,4732,2574,2,29,4,1489,1902,356,5,286,367,399,753,-376,0
86.1018,0,0,12294,845,731,1416,1091,173,452,240,3399,9389,5269,0,0,0,2588,1820,5029,2822,2,29,4,1286,2794,357,3,362,207,437,440,251,0
86.1946,0,0,12294,935,729,1424,1084,272,321,323,32292,-27483,-24321,0,0,0,2588,-27292,-8779,1385,2,29,4,1446,2365,355,6,305,321,418,640,203,0
86.2872,0,0,12550,30,723,1433,1080,201,278,342,23268,32408,-25911,0,0,0,2588,9243,-26919,-3727,2,29,4,1608,2241,353,3,191,387,278,792,5,0
86.3799,0,0,12550,120,723,1433,1080,201,278,342,23268,32408,-25911,0,0,0,2569,9243,-26919,-3727,2,29,4,1608,2241,353,3,191,387,278,792,5,0
86.4723,0,0,12550,215,720,1442,1079,230,208,248,28181,24226,29053,0,0,0,2588,25031,12322,27836,7,4,4,1487,2251,351,4,218,352,306,721,333,0
86.5650,0,0,12550,305,722,1451,1077,273,234,204,23735,20048,17181,0,0,0,2600,-14682,-22582,-28725,7,4,4,1364,2046,352,6,339,283,438,569,400,0
86.6579,0,0,12550,400,724,1449,1072,391,641,346,-23701,8072,-25874,0,0,0,2600,3376,-25585,-3608,7,4,4,1330,2673,353,9,382,272,495,718,594,0
86.7507,0,0,12550,490,718,1445,1073,564,725,555,-15418,24431,-21759,0,0,0,2575,29996,26988,9618,7,4,4,2498,4553,350,13,257,854,489,3092,1058,0
86.8431,0,0,12550,585,713,1445,1074,513,752,502,-15029,23706,-10397,0,0,0,2607,31247,24660,-19404,7,4,4,2286,3430,348,13,194,938,380,2639,366,0
86.9360,0,0,12550,680,709,1454,1069,462,504,354,-18102,-8426,-29035,0,0,0,2607,21370,-13069,-13767,7,4,4,2187,2844,346,11,173,854,349,2104,125,0
87.0295,0,0,12550,770,704,1465,1060,452,353,310,-32333,27652,19054,0,0,0,2588,5603,-6290,-24713,7,4,4,2289,2647,344,12,169,902,373,2186,-292,0
87.1220,0,0,12550,865,701,1465,1052,494,522,234,-693,1094,22126,0,0,0,2607,11784,17524,5572,7,4,4,2057,2093,342,22,187,995,374,1926,-265,0
87.2150,0,0,12550,955,697,1469,1043,300,597,165,-26971,1578,16857,0,0,0,2613,-7133,19081,-11360,7,4,4,1654,1858,340,11,177,581,292,1142,-165,0
87.3077,0,0,12806,50,693,1481,1035,213,408,117,26372,-16913,11563,0,0,0,2588,19217,25192,-28375,7,4,4,1519,1887,338,6,159,406,244,809,-187,0
87.4005,0,0,12806,140,690,1491,1030,430,363,255,-24048,30330,21757,0,0,0,2588,23353,-553,-18922,7,4,4,1725,1774,337,27,222,764,397,1347,-382,0
87.4931,0,0,12806,235,692,1498,1028,297,321,262,-24906,-23917,30959,0,0,0,2607,-498,2681,-31575,7,4,7,1440,1777,338,14,336,430,458,773,-116,0
87.5857,0,0,12806,330,687,1503,1019,384,405,278,-17494,-14630,-32137,0,0,0,2613,23324,32529,-23736,7,4,7,2143,2478,335,15,231,865,408,2161,-636,0
87.6782,0,0,12806,420,682,1514,1011,285,396,351,-28789,-9931,-23528,0,0,0,2600,-12976,-17906,3933,7,4,7,1888,2045,333,9,170,737,294,1588,-291,0
87.7706,0,0,12806,515,682,1514,1011,285,396,351,-28789,-9931,-23528,0,0,0,2588,-12976,-17906,3933,7,4,7,1888,2045,333,9,170,737,294,1588,-291,0
87.8631,0,0,12806,605,685,1524,1008,363,384,266,-17934,-12597,30737,0,0,0,2607,21911,-26475,-32288,7,4,7,1562,2109,334,13,330,507,450,1108,235,0
87.9558,0,0,12806,695,685,1526,1001,425,314,305,-25548,26294,26822,0,0,0,2607,20139,-9201,-8070,7,4,7,1556,1819,334,19,358,485,524,909,84,0
88.0486,0,0,12806,790,682,1537,991,261,425,182,-29721,-9396,23095,0,0,0,2588,-15971,-16188,8687,7,4,7,1401,1858,333,10,254,331,355,648,192,0
88.1409,0,0,12806,885,677,1542,984,669,868,478,-1553,3396,-14814,0,0,0,2588,9020,24925,31936,7,4,7,2395,3183,331,26,230,928,529,2874,550,0
88.2333,0,0,12806,975,675,1548,979,453,581,314,-20091,-14266,-30630,0,0,0,2619,14979,-31839,-18890,7,4,7,1900,2645,329,15,230,600,426,1728,514,0
88.3258,0,0,13062,70,670,1553,974,314,337,303,32550,31535,-30339,0,0,0,2575,-26463,-29725,-17958,7,4,7,1710,2236,327,8,165,546,289,1475,460,0
88.4180,0,0,13062,160,666,1557,965,362,303,252,24482,19431,19517,0,0,0,2582,-13083,-23904,-23720,7,4,7,2158,3036,325,8,153,690,330,1931,811,0
88.5099,0,0,13062,250,663,1563,958,583,489,409,15568,10885,9450,0,0,0,2600,11118,7774,6749,22,32,22,2014,2587,324,31,193,950,383,2039,742,0
88.6019,0,0,13062,345,660,1568,950,518,359,249,14086,8497,5879,0,0,0,2575,10060,6068,4198,22,32,22,2055,2261,322,23,197,875,402,1857,578,0
88.6936,0,0,13062,435,656,1571,941,427,338,232,11812,8890,5333,0,0,0,2619,8436,6348,3808,22,32,22,1772,2391,320,16,178,773,320,1686,-150,0
88.7884,0,0,13062,530,656,1576,932,306,234,185,8549,5746,4189,0,0,0,2588,6105,4103,2991,22,32,22,1492,2100,320,9,253,469,359,1008,-272,0
88.8805,0,0,13062,625,656,1578,925,416,428,494,9189,8286,6388,0,0,0,2588,6562,5918,4562,22,32,22,1686,2352,320,9,298,385,502,986,56,0
88.9735,0,0,13062,715,660,1582,919,407,498,496,6573,7324,7112,0,0,0,2588,3249,3621,3516,22,32,22,1568,2647,322,9,397,294,611,733,490,0
89.0662,0,0,13062,810,662,1582,916,293,379,384,6959,9517,8690,0,0,0,2588,4970,6797,6206,22,32,22,1371,2328,323,5,407,201,551,485,161,0
89.1585,0,0,13062,900,662,1582,916,293,379,384,6959,9517,8690,0,0,0,2588,4970,6797,6206,22,32,22,1371,2328,323,5,407,201,551,485,161,0
89.2513,0,0,13062,995,664,1585,911,593,819,655,9589,13251,9732,0,0,0,2569,4741,6552,4811,22,32,22,1734,2784,324,24,437,351,765,915,571,0
89.3442,0,0,13318,85,673,1589,907,569,814,521,9553,12976,7704,0,0,0,2569,4723,6415,3809,22,32,22,1518,2435,328,22,606,266,888,644,280,0
89.4367,0,0,13318,180,677,1600,906,415,599,427,7508,10197,6065,0,0,0,2600,3712,5041,2998,22,32,22,1342,2112,330,14,575,207,761,469,-84,0
89.5295,0,0,13318,270,679,1598,910,570,902,508,6582,10238,6069,0,0,0,2588,2226,3463,2053,4,47,4,1458,2461,332,21,531,291,764,670,-261,0
89.6221,0,0,13318,365,676,1591,910,659,1007,657,7225,12812,8515,0,0,0,2588,2444,4334,2880,4,47,4,2182,2931,330,24,381,657,717,1896,-702,0
89.7144,0,0,13318,455,684,1583,906,1123,1258,629,15034,15384,8851,0,0,0,2607,5085,5204,2994,4,47,4,1872,2436,334,131,615,659,1022,1571,-120,0
89.8068,0,0,13318,550,680,1604,904,822,1508,589,10434,18417,7967,0,0,0,2607,3529,6230,2695,4,47,4,1971,2647,332,73,376,902,653,2087,83,0
89.8995,0,0,13318,640,684,1601,896,931,1783,451,12881,24339,5711,0,0,0,2588,4357,8233,1932,4,47,4,1777,2087,334,90,511,744,838,1537,115,0
89.9921,0,0,13318,735,700,1600,891,1214,1299,327,15190,19125,4458,0,0,0,2569,5138,6469,1508,4,47,4,1515,2916,342,114,845,539,1158,1261,700,0
90.0851,0,0,13318,825,702,1624,889,1314,2762,632,18906,-25036,9133,0,0,0,2607,6395,13700,3089,4,47,4,1815,2418,343,173,731,843,1231,1726,699,0
90.1778,0,0,13318,920,699,1624,886,977,2367,511,14455,-29992,7374,0,0,0,2600,4890,12024,2494,4,47,4,1933,2143,341,109,512,934,916,1823,36,0
90.2704,0,0,13574,10,715,1629,882,1027,1818,335,16260,26862,4674,0,0,0,2582,5500,9087,1581,4,47,4,1672,1751,349,129,840,641,1282,1159,-23,0
90.3628,0,0,13574,105,719,1641,880,1706,3220,739,24005,-15062,9579,0,0,0,2607,8120,17075,3240,4,47,4,1832,1899,351,294,765,926,1329,1690,-66,0
90.4556,0,0,13574,195,720,1643,875,1019,2854,626,14728,-23245,7723,0,0,0,2588,4982,14306,2612,4,47,4,1639,1741,351,153,578,618,948,1103,-302,0
90.5488,0,0,13574,290,720,1643,875,1019,2854,626,23320,1425,12229,0,0,0,2575,12491,-29670,6550,29,29,84,1639,1741,351,153,578,618,948,1103,-302,0
90.6416,0,0,13574,385,736,1651,871,1082,2084,376,26758,-17235,7084,0,0,0,2600,14332,25871,3794,29,29,84,1500,1577,359,159,899,486,1305,814,-37,0
90.7342,0,0,13574,475,739,1663,871,1686,3118,821,-28035,11531,16947,0,0,0,2600,20086,-24257,9077,29,29,84,1732,1818,361,291,777,854,1296,1538,-66,0
90.8267,0,0,13574,570,742,1664,865,963,2631,627,20924,-4577,13265,0,0,0,2607,11207,32651,7105,29,29,84,1532,2653,362,147,631,488,971,940,-646,0
90.9195,0,0,13574,660,757,1665,859,953,1618,467,23211,-28925,10126,0,0,0,2575,12432,19610,5423,29,29,84,1453,2016,369,132,885,402,1269,691,-418,0
91.0121,0,0,13574,755,763,1681,860,1966,3271,908,-22121,14453,20439,0,0,0,2607,23254,-22692,10948,29,29,84,1622,2051,372,433,871,833,1402,1468,-286,0
91.1046,0,0,13574,845,763,1679,858,1205,2746,757,26102,-454,16442,0,0,0,2588,13980,-30677,8806,29,29,84,1671,2296,372,223,632,575,1038,1136,-565,0
91.1970,0,0,13574,940,779,1680,854,1057,1716,473,24816,-26013,10224,0,0,0,2588,13292,21170,5476,29,29,84,1491,1824,380,162,910,425,1299,774,-271,0
91.2896,0,0,13830,30,782,1694,855,1737,2987,849,-29072,7400,19472,0,0,0,2582,19531,-26470,10429,29,29,84,1786,2033,382,291,781,828,1329,1603,-181,0
91.3822,0,0,13830,125,783,1691,852,1108,2592,582,23361,-2003,13847,0,0,0,2588,12512,-31506,7416,29,29,84,1707,2205,382,155,622,570,1041,1154,-469,0
91.4747,0,0,13830,215,800,1692,848,973,1734,373,21811,-24676,8876,0,0,0,2607,11682,21886,4754,29,29,84,1490,1887,390,114,927,399,1305,764,-163,0
91.5674,0,0,13830,310,801,1708,849,1390,2890,696,26522,-7526,15268,0,0,0,2588,13113,28681,7549,32,32,101,1729,1866,391,172,704,771,1125,1493,47,0
91.6601,0,0,13830,400,803,1706,847,951,2657,484,18731,-10235,10651,0,0,0,2588,9261,27342,5266,32,32,101,1623,1841,392,99,626,537,979,1040,-255,0
91.7516,0,0,13830,495,817,1705,845,1338,2134,378,23220,-21020,7226,0,0,0,2588,11480,22010,3572,32,32,101,1451,3149,398,131,866,463,1198,1143,600,0
91.8436,0,0,13830,585,817,1727,845,1420,2783,505,28269,-10017,10093,0,0,0,2575,13977,27450,4990,32,32,101,1751,2528,399,184,685,823,1116,1669,574,0
91.9357,0,0,13830,680,819,1722,843,980,2489,451,20466,-13480,9315,0,0,0,2588,10119,25737,4605,32,32,101,1588,1927,400,109,606,598,934,1107,307,0
92.0282,0,0,13830,770,819,1722,843,980,2489,451,20466,-13480,9315,0,0,0,2613,10119,25737,4605,32,32,101,1588,1927,400,109,606,598,934,1107,307,0
92.1205,0,0,13830,865,833,1722,840,1001,1676,263,19202,-30838,5352,0,0,0,2582,9494,17155,2646,32,32,101,1433,1916,407,88,876,416,1199,844,302,0
92.2130,0,0,13830,955,833,1739,840,1302,2675,634,25406,-8360,13176,0,0,0,2588,12561,28269,6514,32,32,101,1780,1915,406,150,696,803,1149,1540,454,0
92.3052,0,0,14086,45,830,1736,838,890,2381,453,18187,-12622,9404,0,0,0,2588,8992,26162,4649,32,32,101,1711,1672,405,88,507,691,837,1219,57,0
92.3974,0,0,14086,140,845,1735,837,930,1505,338,20467,32334,6934,0,0,0,2600,10119,15986,3428,32,32,101,1496,1685,412,99,827,497,1153,872,281,0
92.4896,0,0,14086,230,845,1746,835,1433,2556,563,28292,-6995,11377,0,0,0,2588,13988,28944,5625,32,32,101,1857,1918,412,188,680,839,1169,1669,22,0
92.5817,0,0,14086,325,847,1742,833,912,2100,540,19005,-18126,10921,0,0,0,2607,10180,25394,5850,29,29,94,1689,2669,413,99,583,523,954,1111,-633,0
92.6740,0,0,14086,415,860,1734,832,726,1266,417,15967,28385,9364,0,0,0,2588,8552,15204,5015,29,29,94,1440,2136,419,64,823,344,1111,703,-170,0
92.7659,0,0,14086,510,860,1739,836,1212,2275,534,26955,-6726,11368,0,0,0,2613,14438,31500,6089,29,29,94,1792,2063,420,163,681,762,1134,1486,-305,0
92.8587,0,0,14086,600,857,1743,834,801,2259,351,17365,-13474,7756,0,0,0,2607,9301,27886,4154,29,29,94,1841,2688,418,87,481,581,833,1262,-791,0
92.9510,0,0,14086,695,865,1732,835,774,1487,282,16930,-30138,6043,0,0,0,2588,9068,18960,3236,29,29,94,1635,2193,422,68,679,421,1044,869,-496,0
93.0434,0,0,14086,785,873,1721,834,1202,1520,347,28688,31565,7760,0,0,0,2588,15366,16907,4156,29,29,94,1520,2062,426,182,800,549,1168,1081,60,0
93.1357,0,0,14086,880,868,1739,830,951,1760,580,21071,-27042,13049,0,0,0,2588,11286,20618,6989,29,29,94,1626,2578,424,107,509,737,774,1632,455,0
93.2281,0,0,14086,970,876,1729,826,1033,1522,484,21879,32022,10996,0,0,0,2588,11719,17152,5889,29,29,94,1605,2233,427,100,671,566,1047,1168,177,0
93.3206,0,0,14342,65,886,1720,826,1342,1752,433,30710,32566,8582,0,0,0,2600,16449,17443,4597,29,29,94,1479,2289,432,192,847,574,1215,1187,512,0
93.4138,0,0,14342,155,886,1720,826,1342,1752,433,30710,32566,8582,0,0,0,2600,16449,17443,4597,29,29,94,1479,2289,432,192,847,574,1215,1187,512,0
93.5067,0,0,14342,250,885,1731,823,1092,1626,577,23994,31706,11728,0,0,0,2588,12852,16983,6282,29,29,94,1452,2687,432,123,635,587,910,1331,832,0
93.5996,0,0,14342,340,893,1719,819,855,1357,322,18151,27364,6433,0,0,0,2588,9722,14657,3445,29,29,29,1365,2398,436,75,750,391,1008,870,553,0
93.6920,0,0,14342,435,903,1709,817,1050,1255,219,23419,25357,4384,0,0,0,2613,12544,13582,2348,29,29,29,1323,2408,441,112,881,402,1151,893,751,0
93.7842,0,0,14342,525,902,1719,814,770,1235,243,17948,25985,5056,0,0,0,2600,9613,13918,2708,29,29,29,1353,2012,440,70,634,441,844,861,631,0
93.8772,0,0,14342,620,909,1708,811,749,1180,246,17033,25354,5761,0,0,0,2575,9123,13580,3086,29,29,29,1399,1895,443,58,726,358,1012,680,218,0
93.9700,0,0,14342,710,917,1696,812,824,1224,215,20159,25272,5204,0,0,0,2607,10798,13536,2787,29,29,29,1379,1732,447,78,813,365,1119,634,248,0
94.0624,0,0,14342,805,919,1700,808,577,1125,374,13352,23296,8378,0,0,0,2607,7151,12478,4487,29,29,29,1275,2423,449,43,693,260,896,508,726,0
94.1551,0,0,14342,895,929,1686,803,496,853,357,10859,16749,8382,0,0,0,2582,5816,8971,4489,29,29,29,1223,2273,453,27,805,192,985,386,615,0
94.2480,0,0,14342,990,937,1672,803,901,581,221,18873,10772,4844,0,0,0,2582,10109,5769,2594,29,29,29,1236,2736,457,79,858,311,1061,771,907,0
94.3407,0,0,14598,80,932,1688,805,783,1521,243,18213,30420,5266,0,0,0,2588,9755,16293,2821,29,29,29,1345,2168,455,67,549,678,705,1253,718,0
94.4337,0,0,14598,175,933,1679,807,893,1456,170,20707,31715,3739,0,0,0,2588,11091,16987,2003,29,29,29,1635,2039,455,82,571,648,925,1258,88,0
94.5262,0,0,14598,270,940,1664,805,1293,1080,248,30080,20800,5359,0,0,0,2569,16112,11141,2870,29,29,29,1498,2227,459,182,738,651,1078,1340,497,0
94.6194,0,0,14598,360,936,1681,808,1061,1698,426,23256,-32310,8426,0,0,0,2588,11498,16427,4166,32,32,24,1542,2364,457,128,513,834,768,1694,763,0
94.7121,0,0,14598,455,939,1670,809,936,1368,277,20110,27134,5742,0,0,0,2588,9942,13415,2839,32,32,24,1565,2019,458,95,574,628,889,1210,298,0
94.8047,0,0,14598,545,939,1670,809,936,1368,277,20110,27134,5742,0,0,0,2575,9942,13415,2839,32,32,24,1565,2019,458,95,574,628,889,1210,298,0
94.8984,0,0,14598,640,947,1658,809,1024,777,176,20989,15531,3493,0,0,0,2607,10377,7679,1727,32,32,24,1405,2363,462,98,745,500,1014,1074,667,0
94.9929,0,0,14598,735,941,1672,812,815,1840,359,17187,-24343,7721,0,0,0,2607,8497,20367,3817,32,32,24,1620,2082,459,68,470,818,686,1560,567,0
95.0878,0,0,14598,825,937,1668,812,723,1634,235,14688,-30034,5019,0,0,0,2607,7262,17553,2481,32,32,24,1893,2214,457,50,387,770,672,1616,-107,0
95.1805,0,0,14598,920,947,1653,813,573,887,193,11368,18650,3882,0,0,0,2613,5621,9221,1919,32,32,24,1516,2184,462,31,663,448,872,955,250,0
95.2726,0,0,14854,15,943,1653,815,837,1748,354,16382,-21087,7800,0,0,0,2588,8099,21976,3856,32,32,24,1892,2171,460,64,491,817,797,1733,-98,0
95.3650,0,0,14854,105,934,1666,815,528,1879,252,10510,-21781,5614,0,0,0,2569,5196,21633,2776,32,32,24,2075,2005,456,34,286,980,490,2037,-350,0
95.4575,0,0,14854,200,939,1655,816,848,1428,194,17248,31004,4222,0,0,0,2607,8528,15329,2087,32,32,24,1837,1839,458,78,522,750,852,1464,-128,0
95.5499,0,0,14854,290,945,1646,817,1318,1308,221,29879,24671,4218,0,0,0,2600,14773,12198,2085,32,32,24,1659,1780,461,231,690,788,1062,1443,177,0
95.6421,0,0,14854,385,938,1668,816,1012,1684,376,25222,-27938,10122,0,0,0,2582,14738,21969,5914,27,27,89,2010,2365,458,133,439,1028,752,2276,522,0
95.7347,0,0,14854,475,938,1659,815,1110,1705,349,26810,-28869,8430,0,0,0,2575,15666,21425,4925,27,27,89,2021,2132,458,128,504,902,956,1924,86,0
95.8276,0,0,14854,570,945,1653,819,1559,1460,287,-25631,30272,6942,0,0,0,2588,23317,17688,4056,27,27,89,1788,1930,461,278,713,864,1195,1705,254,0
95.9201,0,0,14854,660,939,1674,821,1145,2061,368,28205,-23238,8975,0,0,0,2588,16480,24715,5244,27,27,89,2126,2410,458,160,464,1092,863,2346,593,0
96.0129,0,0,14854,755,937,1665,823,1042,1770,333,25370,-26664,7624,0,0,0,2569,14824,22713,4455,27,27,89,2059,2101,457,118,456,941,877,1941,109,0
96.1054,0,0,14854,845,942,1654,828,1085,1031,292,26177,22728,6335,0,0,0,2588,15296,13280,3702,27,27,89,1698,2199,460,114,625,701,970,1497,457,0
96.1975,0,0,14854,940,935,1663,835,747,1572,373,18001,-24396,8096,0,0,0,2569,10518,24039,4730,27,27,89,1743,1906,456,64,373,906,594,1698,460,0
96.2925,0,0,15110,30,935,1663,835,747,1572,373,18001,-24396,8096,0,0,0,2588,10518,24039,4730,27,27,89,1743,1906,456,64,373,906,594,1698,460,0
96.3852,0,0,15110,125,928,1664,837,553,1601,331,13068,-24724,7405,0,0,0,2600,7636,23847,4327,27,27,89,1997,2024,453,37,265,867,474,1811,-95,0
96.4777,0,0,15110,220,933,1650,843,542,948,286,12573,22878,6020,0,0,0,2607,7346,13368,3517,27,27,89,1618,2081,455,29,484,542,673,1148,226,0
96.5700,0,0,15110,310,927,1657,846,695,1815,368,14867,-11772,9112,0,0,0,2607,8687,31415,5324,27,27,89,1821,2425,452,37,355,852,565,2049,-196,0
96.6620,0,0,15110,405,920,1664,848,525,2006,317,10195,-17042,7150,0,0,0,2600,5460,25974,3830,29,29,4,1668,2568,449,22,246,796,387,2005,-517,0
96.7540,0,0,15110,495,926,1652,852,708,1288,272,15435,30058,6029,0,0,0,2582,8267,16100,3229,29,29,4,1496,2239,452,50,503,595,697,1405,38,0
96.8456,0,0,15110,590,925,1650,853,1055,2131,281,24752,-14938,6286,0,0,0,2600,13257,27101,3367,29,29,4,1705,1982,451,130,483,874,791,1741,-213,0
96.9373,0,0,15110,680,916,1666,853,608,2203,295,14260,-14123,6127,0,0,0,2626,7638,27538,3281,29,29,4,1740,1769,447,66,276,877,457,1583,-171,0
97.0283,0,0,15110,770,920,1655,856,878,1603,231,20997,-28924,4927,0,0,0,2588,11246,19610,2639,29,29,4,1657,1691,449,103,504,735,805,1266,-56,0
97.1234,0,0,15110,865,921,1646,856,1239,1845,231,31075,-28963,4881,0,0,0,2588,16645,19589,2614,29,29,4,1782,1641,450,205,549,922,970,1553,-194,0
97.2161,0,0,15110,960,917,1670,852,713,1486,334,17856,29827,7073,0,0,0,2582,9564,15976,3788,29,29,4,1520,1700,447,104,389,602,629,1038,-413,0
97.3087,0,0,7,50,911,1665,853,763,1350,529,17611,28252,11490,0,0,0,2619,9433,15132,6154,29,29,4,1901,1879,445,79,314,901,588,1788,-487,0
97.4008,0,0,7,145,917,1652,858,801,873,697,16348,17170,16212,0,0,0,2582,8756,9197,8683,29,29,4,1584,2647,447,60,523,595,758,1317,289,0
97.4929,0,0,7,235,912,1666,857,718,1294,723,16208,29609,15878,0,0,0,2575,8681,15859,8505,29,29,4,1630,2081,445,53,406,744,621,1332,57,0
97.5855,0,0,7,325,906,1670,856,608,1571,986,12940,-30492,21357,0,0,0,2588,6931,18770,11439,29,29,4,2144,2239,442,35,276,954,506,2110,-309,0
97.6776,0,0,7,420,906,1670,856,608,1571,986,14116,-27306,23299,0,0,0,2588,8248,22338,13614,27,27,27,2144,2239,442,35,276,954,506,2110,-309,0
97.7696,0,0,7,510,910,1655,861,723,896,839,15142,21525,19880,0,0,0,2607,8847,12577,11616,27,27,27,1725,2599,444,37,483,628,703,1493,236,0
97.8612,0,0,7,605,907,1665,860,669,1529,970,12633,-29214,25006,0,0,0,2613,7382,21224,14611,27,27,27,1655,2850,443,26,405,520,611,1377,34,0
97.9537,0,0,7,695,900,1673,863,574,1403,778,11308,-29965,20586,0,0,0,2588,6607,20785,12029,27,27,27,1836,2719,439,20,264,843,430,1915,-421,0
98.0467,0,0,7,790,897,1673,859,359,911,783,7464,22361,19264,0,0,0,2588,4361,13066,11256,27,27,27,1547,2145,438,11,276,500,396,1095,-431,0
98.1389,0,0,7,880,891,1681,855,343,559,734,8038,12915,19332,0,0,0,2588,4697,7546,11296,27,27,27,1663,1910,435,11,233,587,367,1119,-371,0
98.2315,0,0,7,975,893,1681,854,563,639,629,14026,16390,17230,0,0,0,2607,8195,9577,10067,27,27,27,1596,1757,436,36,408,527,630,937,-173,0
98.3237,0,0,263,65,887,1696,849,481,792,609,11611,16863,15928,0,0,0,2575,6785,9853,9307,27,27,27,1636,1683,433,24,282,701,446,1381,-179,0
98.4157,0,0,263,160,881,1704,845,325,596,392,8383,12844,10027,0,0,0,2613,4898,7505,5859,27,27,27,1501,1495,430,14,225,555,338,982,57,0
98.5074,0,0,263,250,884,1702,841,628,715,590,17953,15613,13564,0,0,0,2575,10490,9123,7925,27,27,27,1561,1409,431,64,444,576,707,935,-79,0
98.5994,0,0,263,340,882,1704,844,849,994,359,22239,26279,7985,0,0,0,2607,12994,15355,4666,27,27,27,1859,1608,430,86,439,791,822,1469,-244,0
98.6912,0,0,263,435,876,1717,840,605,822,430,12537,16569,7894,0,0,0,2588,5756,7607,3624,34,34,27,1835,1549,427,50,286,899,532,1502,-43,0
98.7828,0,0,263,525,874,1716,835,494,786,583,9841,16752,10352,0,0,0,2613,4518,7691,4752,34,34,27,1731,1851,427,31,331,605,573,1103,-438,0
98.8775,0,0,263,615,883,1707,832,502,679,657,10290,13626,12648,0,0,0,2613,4724,6255,5807,34,34,27,1512,1686,431,29,592,403,838,711,-278,0
98.9700,0,0,263,710,882,1710,834,452,781,685,8392,14548,13128,0,0,0,2588,3852,6679,6027,34,34,27,1527,1785,430,20,497,333,729,653,-117,0
99.0622,0,0,263,805,882,1710,834,452,781,685,8392,14548,13128,0,0,0,2588,3852,6679,6027,34,34,27,1527,1785,430,20,497,333,729,653,-117,0
99.1538,0,0,263,895,883,1707,829,271,590,576,4802,11423,10192,0,0,0,2607,2204,5244,4679,34,34,27,1294,4837,431,10,502,185,634,383,448,0
99.2459,0,0,263,990,884,1708,824,220,382,423,4632,8966,9617,0,0,0,2575,2706,5239,5619,34,34,27,1199,4470,431,5,481,135,571,316,864,0
99.3384,0,0,519,80,885,1709,821,961,791,863,12016,10946,12193,0,0,0,2588,5516,5025,5598,34,34,27,1704,9062,432,54,490,400,837,1700,2110,0
99.4315,0,0,519,175,886,1711,816,776,1112,1147,11941,19893,18776,0,0,0,2582,6977,11624,10971,34,34,27,1644,6263,433,32,502,305,826,1160,1065,0
99.5232,0,0,519,265,887,1714,811,734,819,829,11048,15683,14656,0,0,0,2569,6455,9163,8564,34,34,27,1732,4911,433,24,502,281,870,1020,224,0
99.6169,0,0,519,355,894,1716,809,800,2141,1603,13344,17267,12761,0,0,0,2575,6126,7927,5859,34,34,27,1617,3152,436,52,657,326,1045,810,-8,0
99.7090,0,0,519,450,897,1710,806,631,1344,1010,10229,11486,8674,0,0,0,2588,4696,5273,3982,37,34,12,1577,3000,438,32,630,257,986,688,-541,0
99.8016,0,0,519,545,901,1705,804,518,774,621,9907,7365,6030,0,0,0,2569,4548,3381,2768,37,34,12,1423,2152,440,27,634,250,899,509,-233,0
99.8942,0,0,519,635,910,1694,807,378,669,550,7548,8882,7636,0,0,0,2588,3465,4078,3506,37,34,12,1274,1767,444,17,745,172,931,326,-103,0
99.9867,0,0,519,730,917,1685,807,273,590,606,14643,23245,26229,0,0,0,2607,18824,29882,-31818,37,34,12,1181,2471,447,9,774,115,902,220,225,0
100.0797,0,0,519,820,923,1682,805,250,569,424,4784,10050,6556,0,0,0,2588,2196,4614,3009,37,34,12,1164,2104,451,7,775,101,896,186,-5,0
100.1726,0,0,519,915,927,1686,802,497,511,529,23253,26377,20197,0,0,0,2569,29892,-31628,25964,37,34,12,1244,2784,453,20,719,196,887,474,515,0
100.2652,0,0,775,5,923,1696,796,659,319,537,12677,5092,7800,0,0,0,2575,5432,2182,3342,37,34,12,1516,2085,451,54,519,652,729,1082,121,0
100.3580,0,0,775,100,923,1696,796,659,319,537,12677,5092,7800,0,0,0,2607,5432,2182,3342,37,34,12,1516,2085,451,54,519,652,729,1082,121,0
100.4507,0,0,775,190,917,1702,790,490,307,314,9542,5080,4516,0,0,0,2619,4088,2177,1935,37,34,12,1643,1803,447,33,345,732,515,1180,-62,0
100.5444,0,0,775,285,910,1701,783,328,323,237,6469,6207,3645,0,0,0,2588,2772,2659,1562,37,34,12,1641,1614,444,18,227,667,348,1047,-98,0
100.6372,0,0,775,380,902,1695,781,252,329,232,5392,7419,3999,0,0,0,2607,2475,3406,1836,37,34,12,1724,1688,440,10,144,902,229,1509,293,0
100.7300,0,0,775,470,895,1686,781,222,261,163,16154,19263,9618,0,0,0,2588,25958,30954,15455,4,9,9,1737,1696,437,7,136,715,227,1244,345,0
100.8227,0,0,775,565,891,1686,782,184,490,137,12445,-29894,8820,0,0,0,2569,19997,-8263,14173,4,9,9,1566,2274,435,4,188,440,280,829,697,0
100.9143,0,0,775,655,888,1700,780,158,443,104,11337,29543,6319,0,0,0,2607,18218,-18063,10154,4,9,9,1398,1837,433,3,236,302,315,537,450,0
101.0057,0,0,775,750,882,1705,775,359,440,285,25089,28407,19487,0,0,0,2588,-25221,-19890,31314,4,9,9,1536,1737,430,16,205,715,304,1252,172,0
101.0987,0,0,775,840,879,1721,771,292,474,204,21395,28364,12358,0,0,0,2600,-31157,-19958,19859,4,9,9,1433,1561,429,11,246,502,342,832,140,0
101.1914,0,0,775,935,874,1732,765,196,392,250,14206,27247,15755,0,0,0,2600,22827,-21753,25317,4,9,9,1332,1559,427,6,225,329,297,539,12,0
101.2831,0,0,1031,25,868,1740,759,283,267,255,-22628,-27982,-31131,0,0,0,2607,6823,-10382,-20501,4,9,9,1427,1494,424,11,183,680,255,1090,80,0
101.3749,0,0,1031,115,864,1748,753,239,253,169,17133,17595,10981,0,0,0,2575,27531,28273,17645,4,9,9,1369,1574,422,7,218,456,294,756,-102,0
101.4677,0,0,1031,210,858,1753,748,307,465,220,19954,-29411,15265,0,0,0,2600,32063,-7487,24529,4,9,9,1924,1906,418,8,161,817,277,1744,216,0
101.5606,0,0,1031,300,853,1762,743,409,694,332,29804,-14690,23097,0,0,0,2588,-17645,16167,-28421,4,9,9,1731,1737,416,20,203,831,327,1563,302,0
101.6532,0,0,1031,395,851,1775,740,306,585,238,22949,-22195,15825,0,0,0,2588,-28660,4107,25429,4,9,9,1535,1621,415,12,247,543,359,973,-1,0
101.7458,0,0,1031,490,847,1783,734,287,338,200,5332,6444,3522,0,0,0,2588,2285,2761,1509,14,37,14,1579,1837,413,9,241,444,369,845,-346,0
101.8385,0,0,1031,580,847,1783,734,287,338,200,5332,6444,3522,0,0,0,2588,2285,2761,1509,14,37,14,1579,1837,413,9,241,444,369,845,-346,0
101.9314,0,0,1031,675,842,1793,728,378,257,203,17577,11689,8752,0,0,0,2607,18830,12522,9376,14,37,14,1525,1911,411,15,236,584,355,1156,-500,0
102.0244,0,0,1031,765,836,1804,723,354,362,212,6719,6570,3656,0,0,0,2588,2879,2815,1566,14,37,14,1759,1781,408,13,192,789,325,1471,-53,0
102.1167,0,0,1031,860,830,1806,718,418,481,278,7761,7857,5045,0,0,0,2600,3325,3366,2161,14,37,14,2091,2015,405,17,175,1018,354,2118,-455,0
102.2087,0,0,1031,950,827,1820,714,373,456,186,7455,7600,2989,0,0,0,2600,3194,3256,1281,14,37,14,1786,1674,404,16,233,736,392,1372,-279,0
102.3012,0,0,1287,45,825,1825,708,307,366,189,6103,6180,3241,0,0,0,2600,2615,2648,1389,14,37,14,1560,1614,403,11,268,504,399,896,-102,0
102.3938,0,0,1287,135,819,1831,702,334,299,176,16676,13717,7770,0,0,0,2588,17864,14694,8324,14,37,14,1516,1542,400,13,195,802,289,1248,-94,0
102.4861,0,0,1287,230,814,1840,697,338,326,130,17450,13974,5395,0,0,0,2600,18694,14969,5779,14,37,14,1491,1567,397,14,176,840,260,1350,-290,0
102.5783,0,0,1287,320,807,1843,692,271,242,149,13132,10358,6819,0,0,0,2626,14068,11096,7305,14,37,14,1753,1712,394,8,131,849,217,1483,-253,0
102.6712,0,0,1287,415,807,1852,691,314,273,133,13274,9426,4613,0,0,0,2600,12188,8655,4235,17,37,14,1525,1639,394,11,267,581,370,1017,23,0
102.7640,0,0,1287,505,807,1859,686,257,196,221,9900,6564,7975,0,0,0,2582,9090,6027,7323,17,37,37,1400,1959,394,7,335,354,442,651,-329,0
102.8562,0,0,1287,600,802,1867,679,398,270,160,15944,9850,5603,0,0,0,2588,14640,9044,5145,17,37,37,1631,1868,391,18,254,738,382,1397,-399,0
102.9486,0,0,1287,690,795,1877,673,316,394,141,5766,7315,2424,0,0,0,2600,2470,3134,1038,17,37,37,1957,2018,388,11,171,910,292,1848,145,0
103.0409,0,0,1287,785,791,1881,670,420,437,327,7680,7447,6374,0,0,0,2588,3290,3191,2731,17,37,37,1953,1815,386,18,188,931,347,1731,44,0
103.1337,0,0,1287,875,792,1893,669,270,399,321,4824,6746,5916,0,0,0,2613,2067,2890,2535,17,37,37,1524,2021,387,9,330,500,432,941,266,0
103.2271,0,0,1287,970,792,1893,669,270,399,321,4824,6746,5916,0,0,0,2575,2067,2890,2535,17,37,37,1524,2021,387,9,330,500,432,941,266,0
103.3201,0,0,1543,60,790,1897,664,269,319,264,4299,5121,4712,0,0,0,2588,1842,2194,2019,17,37,37,1461,2227,386,7,310,362,419,716,184,0
103.4130,0,0,1543,155,785,1905,658,358,294,195,13556,10234,7298,0,0,0,2569,12447,9397,6701,17,37,37,1633,1909,383,13,236,719,356,1220,175,0
103.5056,0,0,1543,245,779,1912,652,363,370,170,6603,6467,3211,0,0,0,2588,2829,2771,1375,17,37,37,1939,2022,380,13,182,980,323,1859,468,0
103.5985,0,0,1543,340,775,1916,650,413,529,338,7823,9186,6621,0,0,0,2600,3352,3936,2837,17,37,37,1849,1814,378,18,207,896,364,1549,243,0
103.6916,0,0,1543,435,776,1927,649,234,491,295,3941,8670,4880,0,0,0,2582,1583,3483,1960,17,39,37,1454,-19548,379,9,319,459,411,808,478,0
103.7845,0,0,1543,525,774,1931,643,340,369,236,5976,6476,3814,0,0,0,2588,2400,2601,1532,17,39,17,1445,23848,378,14,320,480,436,860,438,0
103.8798,0,0,1543,620,768,1939,638,248,351,176,4214,6101,2821,0,0,0,2600,1693,2450,1133,17,39,17,1640,12750,375,8,194,638,281,1148,247,0
103.9717,0,0,1543,715,761,1945,632,200,373,151,3604,6490,2487,0,0,0,2588,1448,2607,999,17,39,17,1727,7089,371,5,132,821,205,1344,255,0
104.0636,0,0,1543,805,756,1948,629,249,374,246,4365,6237,4158,0,0,0,2569,1753,2505,1670,17,39,17,1790,4379,369,7,144,774,247,1318,18,0
104.1591,0,0,1543,900,757,1959,629,230,273,165,3653,4425,2652,0,0,0,2588,1467,1777,1065,17,39,17,1509,3192,369,4,274,453,372,797,124,0
104.2508,0,0,1543,995,757,1962,625,349,345,204,13936,13608,7746,0,0,0,2575,12797,12495,7112,17,39,17,1426,2461,369,14,337,433,455,789,305,0
104.3432,0,0,1799,85,750,1967,619,229,403,146,3767,7234,2417,0,0,0,2600,1513,2906,971,17,39,17,2297,3061,366,7,181,865,269,2386,-461,0
104.4361,0,0,1799,175,743,1973,614,151,414,136,2371,7257,2343,0,0,0,2588,952,2915,941,17,39,17,2542,3057,362,3,99,1041,158,2880,-814,0
104.5288,0,0,1799,270,739,1976,611,223,471,225,3681,8211,3971,0,0,0,2607,1478,3298,1595,17,39,17,2083,2379,361,5,152,762,246,1842,-446,0
104.6210,0,0,1799,365,742,1984,610,257,464,185,4482,7975,2942,0,0,0,2600,1800,3204,1182,17,39,17,1660,1982,362,7,325,478,431,1081,-93,0
104.7154,0,0,1799,455,742,1984,610,257,464,185,4482,7975,2942,0,0,0,2600,1800,3204,1182,17,39,17,1660,1982,362,7,325,478,431,1081,-93,0
104.8067,0,0,1799,550,737,1983,605,408,405,184,15569,14335,6401,0,0,0,2582,14296,13163,5877,17,39,17,2088,2176,360,17,257,845,455,1953,-462,0
104.8986,0,0,1799,640,731,1992,600,308,389,123,5083,5822,1831,0,0,0,2582,2041,2339,735,17,39,17,1911,1907,357,10,168,876,296,1861,-143,0
104.9904,0,0,1799,735,725,1995,595,253,317,138,4486,4871,2271,0,0,0,2607,1802,1957,912,17,39,17,1725,1606,354,7,120,967,203,1690,-78,0
105.0828,0,0,1799,825,723,1999,594,348,239,147,14027,8616,5344,0,0,0,2569,12880,7911,4907,17,39,17,1726,1721,353,13,208,751,357,1325,-261,0
105.1775,0,0,1799,915,720,1999,591,443,246,174,18139,7879,6886,0,0,0,2575,16656,7234,6323,17,39,17,1844,1791,351,22,235,822,435,1477,-418,0
105.2695,0,0,2055,10,714,2003,587,325,291,108,13111,10688,3834,0,0,0,2607,12039,9814,3520,17,39,17,2062,2016,348,13,152,1034,298,2014,-611,0
105.3618,0,0,2055,105,707,2006,584,226,257,139,3721,3974,2133,0,0,0,2600,1495,1596,857,17,39,17,2239,1974,345,7,91,1087,186,2418,-376,0
105.4539,0,0,2055,195,703,2007,584,181,187,114,2875,3130,1762,0,0,0,2588,1155,1257,707,17,39,17,1793,1827,343,4,122,666,196,1464,-81,0
105.5461,0,0,2055,290,699,2006,582,156,178,117,2384,2886,1784,0,0,0,2607,957,1159,716,17,39,17,1545,1819,341,2,147,433,209,953,-85,0
105.6387,0,0,2055,380,694,2006,580,136,130,106,4544,4321,3552,0,0,0,2613,4172,3967,3261,17,39,17,1484,1933,339,1,124,364,176,815,-14,0
105.7307,0,0,2055,475,688,2008,579,140,95,103,4786,2698,3203,0,0,0,2588,3845,2167,2574,19,4,24,1619,1680,336,2,90,719,137,1193,-75,0
105.8230,0,0,2055,565,682,2007,580,116,122,62,16023,15070,7148,0,0,0,2613,-14041,-17105,22974,19,4,24,1641,1592,333,1,73,661,115,1068,-20,0
105.9151,0,0,2055,655,679,2009,581,872,1076,790,8042,-14226,1826,0,0,0,2575,-25682,-17700,19879,19,4,24,2999,4797,331,44,204,1179,789,4284,-1209,0
106.0080,0,0,2055,750,676,2008,581,579,731,620,-15341,9334,-14333,0,0,0,2607,30243,-21530,-32054,19,4,24,2452,4359,330,23,188,775,559,2658,-1159,0
106.1009,0,0,2055,840,676,2008,581,579,731,620,-15341,9334,-14333,0,0,0,2588,30243,-21530,-32054,19,4,24,2452,4359,330,23,188,775,559,2658,-1159,0
106.1937,0,0,2055,935,674,2007,583,632,793,638,-6406,8275,-6117,0,0,0,2600,-6578,-24934,-5649,19,4,24,2549,3924,329,23,231,722,643,2421,-1000,0
106.2863,0,0,2311,30,674,2003,588,426,443,365,-22608,-22957,-31073,0,0,0,2588,6888,5768,-20315,19,4,24,1949,3092,329,13,290,448,557,1395,-733,0
106.3787,0,0,2311,120,674,1999,594,272,267,213,6948,6479,4981,0,0,0,2588,5582,5205,4001,19,4,24,1523,3301,329,7,317,265,467,816,281,0
106.4701,0,0,2311,215,676,1993,601,196,182,167,5177,4846,4095,0,0,0,2588,4159,3893,3290,19,4,24,1309,2819,330,4,376,168,471,493,542,0
106.5615,0,0,2311,305,678,1986,609,110,130,115,11239,14507,11870,0,0,0,2613,-29415,-18913,-27387,19,4,24,1166,5636,331,2,402,88,455,263,13171,0
106.6540,0,0,2311,395,679,1977,618,108,124,126,2682,2888,3283,0,0,0,2588,1723,1856,2110,19,4,24,1138,3548,332,1,394,89,442,209,6684,0
106.7467,0,0,2311,490,680,1965,631,105,143,141,12172,15219,17665,0,0,0,2607,-26418,-16625,-8763,4,4,4,1130,3192,332,1,370,80,415,188,3641,0
106.8394,0,0,2311,580,678,1952,642,181,160,204,17868,16918,23531,0,0,0,2575,-8112,-11165,10087,4,4,4,1169,3871,331,1,306,151,354,505,2639,0
106.9345,0,0,2311,675,674,1937,658,281,298,372,22590,22175,31601,0,0,0,2600,7065,5731,-29513,4,4,4,1916,-28502,329,2,221,328,358,1244,881,0
107.0267,0,0,2311,770,669,1923,671,161,199,248,12923,14201,21130,0,0,0,2588,-24005,-19897,2371,4,4,4,1558,-13997,327,1,171,194,252,723,26,0
107.1198,0,0,2311,860,665,1908,685,103,121,156,8408,8819,12781,0,0,0,2600,27022,28344,-24460,4,4,4,1363,-5835,324,0,146,132,197,460,19,0
107.2130,0,0,2311,955,661,1894,698,59,67,86,4680,4838,6981,0,0,0,2613,15042,15550,22435,4,4,4,1211,31087,322,0,134,75,163,260,-2196,0
107.3053,0,0,2567,45,657,1880,712,35,39,51,2758,2832,4098,0,0,0,2588,8865,9103,13170,4,4,4,1130,28296,320,0,127,45,145,154,-4326,0
107.3970,0,0,2567,140,653,1865,725,23,25,33,1782,1842,2595,0,0,0,2607,5728,5920,8340,4,4,4,1090,348,318,0,124,30,136,103,-4962,0
107.4921,0,0,2567,230,653,1865,725,23,25,33,1782,1842,2595,0,0,0,2600,5728,5920,8340,4,4,4,1090,348,318,0,124,30,136,103,-4962,0
107.5868,0,0,2567,325,649,1851,738,18,18,25,0,0,0,0,0,0,2613,0,0,0,0,0,0,1074,29684,316,0,122,23,132,80,-4753,0
107.6787,0,0,2567,420,645,1838,751,15,16,19,0,0,0,0,0,0,2582,0,0,0,0,0,0,1062,-8689,314,0,121,19,129,65,-5683,0
107.7711,0,0,2567,510,641,1824,763,14,16,16,0,0,0,0,0,0,2569,0,0,0,0,0,0,1058,29689,313,0,121,18,128,63,-5477,0
107.8641,0,0,2567,600,637,1810,776,13,14,15,0,0,0,0,0,0,2588,0,0,0,0,0,0,1052,798,311,0,121,17,127,56,-5868,0
107.9566,0,0,2567,695,633,1797,789,13,13,15,0,0,0,0,0,0,2588,0,0,0,0,0,0,1054,3906,309,0,120,16,127,56,-5850,0
108.0499,0,0,2567,790,629,1784,801,12,12,14,0,0,0,0,0,0,2582,0,0,0,0,0,0,1052,-6661,307,0,120,16,127,53,-6065,0
108.1427,0,0,2567,880,625,1771,813,12,13,18,0,0,0,0,0,0,2600,0,0,0,0,0,0,1051,-14385,305,0,120,16,127,52,-5461,0
108.2355,0,0,2567,975,621,1758,825,15,13,21,0,0,0,0,0,0,2619,0,0,0,0,0,0,1053,5397,303,0,120,19,127,68,-3328,0
108.3286,0,0,2823,65,618,1745,838,15,16,20,0,0,0,0,0,0,2569,0,0,0,0,0,0,1055,-32271,301,0,120,19,127,66,-3188,0
108.4213,0,0,2823,160,614,1732,849,16,15,18,0,0,0,0,0,0,2607,0,0,0,0,0,0,1061,-23876,299,0,119,19,127,70,-3064,0
108.5148,0,0,2823,255,610,1719,861,18,18,19,0,0,0,0,0,0,2588,0,0,0,0,0,0,1079,7124,298,0,120,23,130,84,-2504,0
108.6071,0,0,2823,345,607,1707,873,132,72,62,0,0,0,0,0,0,2582,0,0,0,0,0,0,1522,-27168,296,1,126,193,195,588,-1747,0
108.6996,0,0,2823,440,604,1694,884,105,59,61,0,0,0,0,0,0,2582,0,0,0,0,0,0,1347,21126,295,0,139,135,187,459,-477,0
108.7921,0,0,2823,530,601,1682,896,68,36,39,4951,2453,3019,0,0,0,2607,15913,7883,9704,4,4,316,1206,26407,293,0,147,81,176,294,202,0
108.8852,0,0,2823,625,598,1670,907,49,26,28,3503,1780,2195,0,0,0,2600,11259,5721,7054,4,4,316,1148,-32375,292,0,154,55,175,194,125,0
108.9774,0,0,2823,715,595,1657,918,59,30,23,4003,2182,1888,0,0,0,2607,12867,7013,6070,4,4,316,1166,-14554,290,0,158,58,183,212,62,0
109.0688,0,0,2823,810,595,1657,918,59,30,23,4003,2182,1888,0,0,0,2600,12867,7013,6070,4,4,316,1166,-14554,290,0,158,58,183,212,62,0
109.1613,0,0,2823,900,593,1645,929,39,21,21,2647,1587,1616,0,0,0,2588,8507,5101,5195,4,4,316,1110,-30783,289,0,159,38,176,136,-771,0
109.2562,0,0,2823,995,590,1633,940,32,18,19,2185,1374,1578,0,0,0,2600,7022,4418,5073,4,4,316,1097,-5452,288,0,160,31,175,110,-682,0
109.3516,0,0,3079,85,587,1622,951,35,19,18,1969,1311,1512,0,0,0,2575,6330,4214,4860,4,4,316,1089,12659,287,0,159,28,173,135,-120,0
109.4429,0,0,3079,185,585,1610,962,45,22,17,2287,1361,1447,0,0,0,2600,7352,4376,4653,4,4,316,1137,-27827,285,0,159,32,181,160,-564,0
109.5348,0,0,3079,275,582,1598,972,32,17,18,1765,1167,1362,0,0,0,2588,5673,3753,4378,4,4,316,1092,-27002,284,0,159,24,174,116,-903,0
109.6275,0,0,3079,365,580,1587,983,23,15,16,0,0,0,0,0,0,2613,0,0,0,0,0,0,1067,26647,283,0,159,19,170,79,-2173,0
109.7196,0,0,3079,460,577,1576,993,37,21,18,0,0,0,0,0,0,2588,0,0,0,0,0,0,1134,-18148,282,0,159,29,181,141,-1980,0
109.8122,0,0,3079,550,575,1565,1003,56,21,20,18,8,9,0,0,0,2613,0,0,0,812,455,71,1159,-5770,280,0,158,43,183,214,-598,0
109.9053,0,0,3079,645,572,1553,1013,61,23,21,19,8,9,0,0,0,2600,0,0,0,812,455,71,1163,31105,279,0,156,47,181,232,16,0
109.9987,0,0,3079,735,569,1543,1024,46,27,31,15,8,11,0,0,0,2588,0,0,0,812,455,71,1135,16533,278,0,150,37,170,171,-804,0
110.0915,0,0,3079,830,566,1532,1034,38,26,29,15,9,12,0,0,0,2613,0,0,0,812,455,71,1123,30198,276,0,147,37,165,142,-713,0
110.1843,0,0,3079,925,564,1521,1043,61,38,39,25,14,17,0,0,0,2569,0,0,0,812,455,71,1232,-15700,275,0,145,64,179,244,-611,0
110.2759,0,0,3335,15,561,1510,1053,46,29,32,21,11,15,0,0,0,2588,0,0,0,812,455,71,1175,-8744,274,0,146,54,172,181,-616,0
110.3675,0,0,3335,105,559,1500,1063,35,24,30,17,9,14,0,0,0,2588,0,0,0,812,455,71,1133,-20932,272,0,146,43,165,137,-718,0
110.4604,0,0,3335,200,559,1500,1063,35,24,30,17,9,14,0,0,0,2588,0,0,0,812,455,71,1133,-20932,272,0,146,43,165,137,-718,0
110.5536,0,0,3335,290,556,1489,1073,31,21,26,14,9,12,0,0,0,2588,0,0,0,812,455,71,1106,32393,271,0,143,36,159,122,-572,0
110.6455,0,0,3335,385,553,1479,1082,26,18,21,0,0,0,0,0,0,2588,0,0,0,0,0,0,1100,-4315,270,0,138,32,152,109,-1152,0
110.7389,0,0,3335,475,550,1469,1092,55,22,26,0,0,0,0,0,0,2588,0,0,0,0,0,0,1212,32540,268,0,132,55,160,219,-547,0
110.8319,0,0,3335,570,547,1459,1101,47,19,24,3362,1250,1493,0,0,0,2588,10805,4017,4800,4,4,89,1197,-16348,267,0,120,64,144,202,-353,0
110.9248,0,0,3335,665,543,1449,1110,58,19,24,3009,1242,1604,0,0,0,2607,9673,3994,5156,4,4,89,1279,-5807,265,0,106,64,135,287,-369,0
111.0176,0,0,3335,755,539,1439,1120,44,18,22,2577,1122,1342,0,0,0,2600,8284,3607,4315,4,4,89,1233,-4224,263,0,94,61,116,238,-374,0
111.1103,0,0,3335,850,536,1430,1129,35,26,22,2174,1518,1157,0,0,0,2600,6989,4879,3720,4,4,89,1218,-4750,261,0,84,57,103,222,-629,0
111.2031,0,0,3335,940,532,1420,1138,34,28,34,2109,1670,1867,0,0,0,2600,6778,5369,6000,4,4,89,1256,-1785,259,0,79,59,99,259,-1069,0
111.2958,0,0,3591,35,528,1411,1147,93,31,31,4995,2164,1862,0,0,0,2588,16054,6955,5984,4,4,89,1509,2980,257,0,77,149,116,727,-141,0
111.3887,0,0,3591,125,524,1401,1156,76,38,44,4836,2374,2407,0,0,0,2613,15543,7629,7737,4,4,89,1476,3785,256,0,77,143,114,591,-679,0
111.4816,0,0,3591,220,520,1392,1164,68,48,43,4344,3171,2626,0,0,0,2575,13963,10191,8439,4,4,89,1447,4653,254,0,77,128,111,510,-543,0
111.5741,0,0,3591,315,517,1383,1173,60,37,36,3747,2424,2153,0,0,0,2582,12045,7792,6919,4,4,89,1464,6673,252,0,76,110,112,499,-1198,0
111.6670,0,0,3591,405,513,1374,1182,44,32,31,2864,1956,1772,0,0,0,2613,9204,6287,5696,4,4,89,1329,2267,250,0,75,85,100,348,-691,0
111.7599,0,0,3591,500,510,1365,1190,50,25,29,2758,1652,1621,0,0,0,2600,8863,5310,5210,4,4,89,1397,7540,249,0,74,83,104,408,-1377,0
111.8532,0,0,3591,590,510,1365,1190,50,25,29,919,550,540,0,0,0,2575,984,590,578,14,737,103,1397,7540,249,0,74,83,104,408,-1377,0
111.9465,0,0,3591,685,506,1356,1199,32,19,23,611,425,324,0,0,0,2588,654,455,347,14,737,103,1248,3662,247,0,74,55,92,254,-1637,0
112.0392,0,0,3591,775,502,1347,1207,22,15,18,0,0,0,0,0,0,2600,0,0,0,0,0,0,1173,21321,245,0,73,41,86,176,-1929,0
112.1320,0,0,3591,870,499,1339,1215,17,13,17,0,0,0,0,0,0,2588,0,0,0,0,0,0,1128,3260,243,0,73,34,83,130,-1966,0
112.2253,0,0,3591,960,495,1330,1224,50,25,27,0,0,0,0,0,0,2600,0,0,0,0,0,0,1304,3702,242,0,74,103,96,369,-840,0
112.3180,0,0,3847,55,492,1321,1232,38,20,23,0,0,0,0,0,0,2607,0,0,0,0,0,0,1227,32300,240,0,74,80,91,276,-358,0
112.4107,0,0,3847,150,489,1313,1240,58,26,20,0,0,0,0,0,0,2588,0,0,0,0,0,0,1345,-13356,238,0,76,93,103,393,40,0
112.5034,0,0,3847,240,486,1304,1248,43,21,20,0,0,0,0,0,0,2569,0,0,0,0,0,0,1232,-9346,237,0,82,73,100,292,233,0
112.5960,0,0,3847,335,483,1296,1256,41,21,23,0,0,0,0,0,0,2613,0,0,0,0,0,0,1254,-3002,235,0,86,72,108,286,-571,0
112.6887,0,0,3847,425,479,1288,1263,64,25,28,0,0,0,0,0,0,2607,0,0,0,0,0,0,1342,420,234,0,83,111,111,454,-62,0
112.7817,0,0,3847,520,476,1280,1271,44,22,25,0,0,0,0,0,0,2607,0,0,0,0,0,0,1258,-376,232,0,76,90,96,315,-108,0
112.8747,0,0,3847,610,473,1272,1279,31,18,21,1096,624,0,0,0,0,2613,1761,1004,0,9,9,61,1188,-11862,231,0,73,65,88,228,-312,0
112.9678,0,0,3847,705,469,1264,1286,33,22,22,1217,739,0,0,0,0,2600,1955,1188,0,9,9,61,1210,-5159,229,0,72,75,87,241,-254,0
113.0607,0,0,3847,800,466,1256,1294,60,32,24,1815,1004,0,0,0,0,2607,2917,1613,0,9,9,61,1498,2962,227,0,71,115,106,525,-1024,0
113.1536,0,0,3847,890,463,1248,1301,43,23,21,1292,738,0,0,0,0,2600,2077,1186,0,9,9,61,1362,-1048,226,0,68,84,93,376,-674,0
113.2462,0,0,3847,985,459,1240,1309,34,19,21,986,597,0,0,0,0,2607,1584,959,0,9,9,61,1279,-6908,224,0,67,65,86,287,-551,0
113.3389,0,0,4103,75,456,1233,1316,63,26,22,1631,793,0,0,0,0,2607,2622,1274,0,9,9,61,1324,4856,223,0,67,109,88,636,1028,0
113.4318,0,0,4103,170,456,1233,1316,63,26,22,1631,793,0,0,0,0,2600,2622,1274,0,9,9,61,1324,4856,223,0,67,109,88,636,1028,0
113.5244,0,0,4103,260,453,1225,1323,47,21,20,1265,657,0,0,0,0,2582,2034,1055,0,9,9,61,1250,1298,221,0,66,85,83,456,376,0
113.6170,0,0,4103,355,450,1218,1330,66,20,23,1521,632,0,0,0,0,2588,2444,1016,0,9,9,61,1513,6705,219,0,67,101,102,622,-287,0
113.7100,0,0,4103,445,447,1210,1337,45,19,20,1248,603,0,0,0,0,2588,2005,969,0,9,9,61,1325,1077,218,0,72,78,95,394,-231,0
113.8027,0,0,4103,540,444,1203,1344,39,17,19,1117,591,0,0,0,0,2588,1796,951,0,9,9,61,1247,-3346,217,0,79,65,98,299,-272,0
113.8955,0,0,4103,630,442,1196,1351,30,16,17,0,0,0,0,0,0,2588,0,0,0,0,0,0,1180,-18386,215,0,82,51,96,213,-475,0
113.9881,0,0,4103,725,439,1188,1358,26,16,19,0,0,0,0,0,0,2600,0,0,0,0,0,0,1179,-28866,214,0,82,43,97,196,-1144,0
114.0807,0,0,4103,815,436,1181,1365,23,14,17,0,0,0,0,0,0,2582,0,0,0,0,0,0,1142,17792,213,0,82,37,94,159,-1033,0
114.1730,0,0,4103,910,433,1174,1372,29,18,19,0,0,0,0,0,0,2582,0,0,0,0,0,0,1160,-28580,211,0,84,42,97,196,-291,0
114.2656,0,0,4359,0,431,1167,1378,28,17,17,0,0,0,0,0,0,2613,0,0,0,0,0,0,1150,-22593,210,0,86,42,99,176,-215,0
114.3586,0,0,4359,95,429,1160,1385,32,19,18,0,0,0,0,0,0,2588,0,0,0,0,0,0,1139,-10229,209,0,89,47,102,211,575,0
114.4516,0,0,4359,190,426,1153,1391,57,32,24,0,0,0,0,0,0,2607,0,0,0,0,0,0,1263,-545,208,0,92,66,117,333,444,0
114.5448,0,0,4359,280,424,1147,1398,52,33,22,0,0,0,0,0,0,2588,0,0,0,0,0,0,1230,1974,207,0,94,65,116,306,624,0
114.6377,0,0,4359,375,422,1140,1404,42,26,21,0,0,0,0,0,0,2607,0,0,0,0,0,0,1173,-1590,206,0,96,54,113,252,512,0
114.7305,0,0,4359,465,420,1133,1410,29,20,19,0,0,0,0,0,0,2588,0,0,0,0,0,0,1122,-189,205,0,98,39,110,171,-594,0
114.8234,0,0,4359,560,420,1133,1410,29,20,19,0,0,0,0,0,0,2588,0,0,0,0,0,0,1122,-189,205,0,98,39,110,171,-594,0
114.9159,0,0,4359,650,417,1126,1417,46,31,20,2559,1865,0,0,0,0,2588,8225,5995,0,4,4,1225,1191,-29515,204,0,99,57,118,263,-44,0
115.0087,0,0,4359,745,415,1120,1423,44,27,22,2817,1703,0,0,0,0,2607,9055,5473,0,4,4,1225,1220,-14023,202,0,98,64,120,257,-186,0
115.1015,0,0,4359,840,413,1113,1429,29,19,20,0,0,0,0,0,0,2588,0,0,0,0,0,0,1143,11256,201,0,96,44,111,164,-849,0
115.1958,0,0,4359,930,411,1107,1435,20,16,18,0,0,0,0,0,0,2607,0,0,0,0,0,0,1100,26467,200,0,96,32,105,115,-1984,0
115.2869,0,0,4615,25,409,1101,1441,18,14,16,0,0,0,0,0,0,2588,0,0,0,0,0,0,1091,18254,199,0,95,27,104,99,-2212,0
115.3818,0,0,4615,115,407,1094,1447,16,13,16,0,0,0,0,0,0,2588,0,0,0,0,0,0,1093,23585,198,0,95,24,104,97,-2325,0
115.4741,0,0,4615,210,404,1088,1453,15,11,17,0,0,0,0,0,0,2607,0,0,0,0,0,0,1081,32572,197,0,95,23,103,87,-2207,0
115.5667,0,0,4615,305,402,1082,1458,14,12,16,0,0,0,0,0,0,2588,0,0,0,0,0,0,1079,-30649,196,0,95,22,103,82,-2272,0
115.6594,0,0,4615,395,400,1076,1464,13,12,16,0,0,0,0,0,0,2607,0,0,0,0,0,0,1070,-18170,195,0,95,22,102,72,-2220,0
115.7517,0,0,4615,490,398,1070,1470,13,12,15,0,0,0,0,0,0,2607,0,0,0,0,0,0,1072,-20860,194,0,95,22,102,73,-2199,0
115.8444,0,0,4615,580,396,1064,1476,13,11,15,0,0,0,0,0,0,2582,0,0,0,0,0,0,1066,-9595,193,0,95,21,102,72,-2528,0
115.9371,0,0,4615,670,394,1058,1481,13,11,15,0,0,0,0,0,0,2619,0,0,0,0,0,0,1069,-7524,192,0,95,21,102,72,-2568,0
116.0297,0,0,4615,765,392,1052,1487,14,11,15,0,0,0,0,0,0,2600,0,0,0,0,0,0,1066,-29162,191,0,95,22,102,78,-2162,0
116.1227,0,0,4615,855,390,1046,1492,13,12,16,0,0,0,0,0,0,2582,0,0,0,0,0,0,1059,17280,190,0,95,21,101,81,-2301,0
116.2153,0,0,4615,950,388,1040,1498,13,12,15,0,0,0,0,0,0,2588,0,0,0,0,0,0,1058,-14534,189,0,95,21,101,80,-2554,0
116.3080,0,0,4871,40,388,1040,1498,13,12,15,0,0,0,0,0,0,2588,0,0,0,0,0,0,1058,-14534,189,0,95,21,101,80,-2554,0
116.4007,0,0,4871,135,386,1034,1503,13,12,14,0,0,0,0,0,0,2600,0,0,0,0,0,0,1063,-8748,188,0,95,21,101,74,-2556,0
116.4936,0,0,4871,225,384,1029,1508,13,13,14,0,0,0,0,0,0,2613,0,0,0,0,0,0,1062,29186,187,0,95,20,101,70,-2923,0
116.5863,0,0,4871,320,383,1023,1513,12,12,14,0,0,0,0,0,0,2600,0,0,0,0,0,0,1058,9254,187,0,95,19,101,64,-3098,0
116.6793,0,0,4871,415,381,1018,1519,12,12,15,0,0,0,0,0,0,2619,0,0,0,0,0,0,1067,21141,186,0,95,20,102,70,-3178,0
116.7720,0,0,4871,505,379,1012,1524,14,12,15,0,0,0,0,0,0,2588,0,0,0,0,0,0,1073,-4829,185,0,95,20,102,75,-2724,0
116.8647,0,0,4871,600,377,1007,1529,14,12,15,0,0,0,0,0,0,2600,0,0,0,0,0,0,1075,-32734,184,0,95,21,102,76,-2307,0
116.9577,0,0,4871,685,375,1001,1534,15,12,15,0,0,0,0,0,0,2588,0,0,0,0,0,0,1078,7572,183,0,95,21,103,84,-2417,0
117.0507,0,0,4871,780,373,996,1539,15,12,14,0,0,0,0,0,0,2588,0,0,0,0,0,0,1080,10197,182,0,95,21,103,83,-2422,0
117.1422,0,0,4871,875,372,991,1544,15,13,15,0,0,0,0,0,0,2600,0,0,0,0,0,0,1079,4814,181,0,95,21,103,81,-2476,0
117.2348,0,0,4871,965,370,986,1549,15,13,16,0,0,0,0,0,0,2600,0,0,0,0,0,0,1081,19764,180,0,95,21,103,82,-2389,0
117.3274,0,0,5127,55,368,980,1554,14,13,14,0,0,0,0,0,0,2607,0,0,0,0,0,0,1072,30663,179,0,95,20,102,74,-2882,0
117.4199,0,0,5127,150,366,975,1558,14,13,15,0,0,0,0,0,0,2607,0,0,0,0,0,0,1072,-28522,179,0,95,20,102,73,-2839,0
117.5121,0,0,5127,240,365,970,1563,13,12,16,0,0,0,0,0,0,2588,0,0,0,0,0,0,1071,-20219,178,0,95,20,102,71,-2739,0
117.6041,0,0,5127,335,363,965,1568,14,13,15,0,0,0,0,0,0,2588,0,0,0,0,0,0,1068,-17132,177,0,95,20,102,76,-2647,0
117.6965,0,0,5127,425,363,965,1568,14,13,15,0,0,0,0,0,0,2613,0,0,0,0,0,0,1068,-17132,177,0,95,20,102,76,-2647,0
117.7886,0,0,5127,520,361,960,1573,13,12,15,0,0,0,0,0,0,2588,0,0,0,0,0,0,1067,-20010,176,0,95,21,102,73,-2500,0
117.8807,0,0,5127,610,360,955,1577,14,12,15,0,0,0,0,0,0,2600,0,0,0,0,0,0,1067,9746,175,0,95,21,102,79,-2288,0
117.9732,0,0,5127,700,358,951,1582,13,12,14,0,0,0,0,0,0,2588,0,0,0,0,0,0,1064,6795,175,0,95,20,101,72,-2367,0
118.0657,0,0,5127,790,356,946,1586,13,11,14,0,0,0,0,0,0,2607,0,0,0,0,0,0,1068,-16274,174,0,95,20,102,72,-2596,0
118.1580,0,0,5127,885,355,941,1591,13,11,14,0,0,0,0,0,0,2588,0,0,0,0,0,0,1069,4359,173,0,95,21,102,72,-2504,0
118.2507,0,0,5127,975,353,936,1595,12,12,14,0,0,0,0,0,0,2588,0,0,0,0,0,0,1070,505,172,0,95,21,102,71,-2628,0
118.3429,0,0,5383,70,352,932,1600,12,12,15,0,0,0,0,0,0,2588,0,0,0,0,0,0,1067,8728,171,0,95,21,102,69,-2498,0
118.4350,0,0,5383,160,350,927,1604,12,12,14,0,0,0,0,0,0,2588,0,0,0,0,0,0,1065,-27214,171,0,95,20,101,66,-2795,0
118.5277,0,0,5383,255,348,922,1608,13,12,15,0,0,0,0,0,0,2607,0,0,0,0,0,0,1064,21169,170,0,95,21,101,75,-2281,0
118.6206,0,0,5383,345,347,918,1612,13,12,15,0,0,0,0,0,0,2600,0,0,0,0,0,0,1064,5506,169,0,95,21,101,69,-2489,0
118.7135,0,0,5383,440,345,913,1617,13,12,15,0,0,0,0,0,0,2582,0,0,0,0,0,0,1065,-2964,168,0,95,21,101,68,-2579,0
118.8055,0,0,5383,530,344,909,1621,13,11,15,0,0,0,0,0,0,2613,0,0,0,0,0,0,1066,-3540,168,0,95,21,102,68,-2524,0
118.8975,0,0,5383,625,342,905,1625,13,12,14,0,0,0,0,0,0,2607,0,0,0,0,0,0,1066,-1513,167,0,95,21,102,70,-2530,0
118.9893,0,0,5383,710,341,900,1629,13,11,15,0,0,0,0,0,0,2600,0,0,0,0,0,0,1067,-251,166,0,95,21,102,69,-2603,0
119.0842,0,0,5383,800,341,900,1629,13,11,15,0,0,0,0,0,0,2607,0,0,0,0,0,0,1067,-251,166,0,95,21,102,69,-2603,0
119.1758,0,0,5383,895,340,896,1633,13,12,15,0,0,0,0,0,0,2613,0,0,0,0,0,0,1063,-7729,166,0,95,21,101,74,-2603,0
119.2684,0,0,5383,990,338,892,1637,12,12,15,0,0,0,0,0,0,2613,0,0,0,0,0,0,1063,-9412,165,0,95,20,101,69,-2659,0
119.3611,0,0,5639,80,337,887,1641,13,12,16,0,0,0,0,0,0,2600,0,0,0,0,0,0,1073,-9794,164,0,95,20,102,75,-2622,0
119.4544,0,0,5639,175,335,883,1645,13,12,16,0,0,0,0,0,0,2588,0,0,0,0,0,0,1069,9597,163,0,95,21,102,76,-2411,0
119.5472,0,0,5639,265,334,879,1649,13,13,15,0,0,0,0,0,0,2607,0,0,0,0,0,0,1068,-3158,163,0,95,21,102,72,-2521,0
119.6390,0,0,5639,360,332,875,1653,13,13,16,0,0,0,0,0,0,2588,0,0,0,0,0,0,1067,5616,162,0,95,20,102,69,-2537,0
119.7309,0,0,5639,450,331,871,1657,12,12,15,0,0,0,0,0,0,2613,0,0,0,0,0,0,1064,15060,161,0,95,21,101,65,-2549,0
119.8230,0,0,5639,545,330,867,1660,12,13,16,0,0,0,0,0,0,2613,0,0,0,0,0,0,1061,-23619,161,0,95,20,101,62,-2867,0
119.9148,0,0,5639,635,328,863,1664,13,12,15,0,0,0,0,0,0,2600,0,0,0,0,0,0,1061,-16306,160,0,95,20,101,72,-2822,0
120.0065,0,0,5639,725,327,859,1668,13,12,14,0,0,0,0,0,0,2588,0,0,0,0,0,0,1062,-22878,159,0,95,20,101,75,-2758,0
120.0982,0,0,5639,815,326,855,1671,13,12,14,0,0,0,0,0,0,2619,0,0,0,0,0,0,1063,-24091,159,0,95,20,101,72,-2703,0
120.1896,0,0,5639,905,324,851,1675,103,23,30,0,0,0,0,0,0,2607,0,0,0,0,0,0,1356,28708,158,0,96,117,131,687,-136,0
120.2846,0,0,5895,0,323,848,1679,100,26,35,0,0,0,0,0,0,2600,0,0,0,0,0,0,1398,18015,158,0,97,122,135,603,343,0
120.3773,0,0,5895,95,322,844,1682,64,23,29,0,0,0,0,0,0,2600,0,0,0,0,0,0,1270,-27088,157,0,95,86,122,376,116,0
120.4700,0,0,5895,185,322,844,1682,64,23,29,0,0,0,0,0,0,2607,0,0,0,0,0,0,1270,-27088,157,0,95,86,122,376,116,0
120.5633,0,0,5895,280,320,840,1686,137,59,116,0,0,0,0,0,0,2613,0,0,0,0,0,0,1397,4077,156,0,91,122,126,1113,1639,0
120.6560,0,0,5895,370,320,836,1689,329,89,207,0,0,0,0,0,0,2607,0,0,0,0,0,0,1802,2839,156,11,133,563,257,1547,874,0
120.7478,0,0,5895,465,323,833,1693,693,413,1169,0,0,0,0,0,0,2575,0,0,0,0,0,0,2274,2825,157,27,217,660,543,1885,725,0
120.8395,0,0,5895,555,323,828,1696,666,368,801,0,0,0,0,0,0,2626,0,0,0,0,0,0,2483,3464,157,19,194,673,502,2020,392,0
120.9316,0,0,5895,650,321,825,1699,601,321,613,0,0,0,0,0,0,2588,0,0,0,0,0,0,2697,6064,157,12,146,745,395,2747,859,0
121.0238,0,0,5895,740,318,821,1703,361,198,346,5319,2429,0,0,0,0,2588,3418,1561,0,24,0,170,2812,7121,155,6,86,808,236,3278,1616,0
121.1158,0,0,5895,835,316,817,1707,198,106,186,2902,1321,0,0,0,0,2607,1865,849,0,24,0,170,2339,4937,154,3,52,553,136,2113,898,0
121.2078,0,0,5895,925,313,814,1710,115,61,111,1626,773,0,0,0,0,2600,1045,497,0,24,0,170,2038,4300,153,1,37,369,86,1440,566,0
121.3025,0,0,6151,15,310,810,1713,69,38,69,976,493,0,0,0,0,2600,627,317,0,24,0,170,1748,4152,151,0,30,266,60,1002,336,0
121.3970,0,0,6151,110,308,807,1717,64,30,47,735,373,0,0,0,0,2600,472,240,0,24,0,170,1926,7263,150,0,26,253,54,1190,217,0
121.4895,0,0,6151,205,305,803,1720,41,23,32,482,285,0,0,0,0,2600,310,183,0,24,0,170,1652,5374,149,0,24,183,43,789,3,0
121.5824,0,0,6151,300,302,800,1723,28,19,25,0,0,0,0,0,0,2607,0,0,0,0,0,0,1470,4034,147,0,23,148,36,575,78,0
121.6747,0,0,6151,390,300,796,1726,25,19,23,0,0,0,0,0,0,2588,0,0,0,0,0,0,1463,3627,146,0,23,146,35,535,29,0
121.7675,0,0,6151,485,297,793,1730,39,22,21,0,0,0,0,0,0,2619,0,0,0,0,0,0,1794,5420,145,0,23,211,41,870,7,0
121.8608,0,0,6151,575,295,789,1733,38,22,26,0,0,0,0,0,0,2607,0,0,0,0,0,0,1762,4092,144,0,23,234,42,828,-39,0
121.9536,0,0,6151,670,295,789,1733,38,22,26,64,34,0,0,0,0,2607,5,2,0,188,0,0,1762,4092,144,0,23,234,42,828,-39,0
122.0468,0,0,6151,760,292,786,1736,32,18,21,55,31,0,0,0,0,2588,4,2,0,188,0,1225,1662,3611,142,0,22,210,38,709,-1,0
122.1389,0,0,6151,855,290,783,1739,26,16,19,0,0,0,0,0,0,2607,0,0,0,0,0,0,1542,3240,141,0,23,181,35,574,-123,0
122.2302,0,0,6151,945,287,779,1742,26,15,20,0,0,0,0,0,0,2588,0,0,0,0,0,0,1497,3296,140,0,23,176,34,616,103,0
122.3225,0,0,6407,40,285,776,1745,32,14,19,0,0,0,0,0,0,2600,0,0,0,0,0,0,1686,3211,139,0,23,219,40,776,-62,0
122.4151,0,0,6407,130,283,773,1748,29,14,17,0,0,0,0,0,0,2569,0,0,0,0,0,0,1603,3413,138,0,23,187,38,659,-68,0
122.5097,0,0,6407,225,280,770,1751,27,14,18,0,0,0,0,0,0,2588,0,0,0,0,0,0,1610,4307,137,0,23,159,37,645,-154,0
122.6011,0,0,6407,320,278,767,1754,27,15,17,0,0,0,0,0,0,2588,0,0,0,0,0,0,1563,3540,135,0,24,163,37,591,-84,0
122.6958,0,0,6407,410,276,764,1757,25,16,17,0,0,0,0,0,0,2588,0,0,0,0,0,0,1485,3111,134,0,24,158,36,561,9,0
122.7914,0,0,6407,505,273,761,1760,30,25,26,0,0,0,0,0,0,2613,0,0,0,0,0,0,1549,3374,133,0,24,192,37,699,52,0
122.8849,0,0,6407,600,271,757,1763,25,20,22,0,0,0,0,0,0,2607,0,0,0,0,0,0,1493,3010,132,0,23,177,35,577,36,0
122.9775,0,0,6407,690,269,754,1765,24,17,21,0,0,0,0,0,0,2607,0,0,0,0,0,0,1466,2851,131,0,23,175,34,534,80,0
123.0708,0,0,6407,780,267,751,1768,20,15,19,0,0,0,0,0,0,2588,0,0,0,0,0,0,1410,3062,130,0,23,138,32,447,-97,0
123.1647,0,0,6407,875,264,749,1771,22,13,19,0,0,0,0,0,0,2600,0,0,0,0,0,0,1473,3527,129,0,22,147,33,512,-19,0
123.2575,0,0,6407,970,262,746,1774,23,15,17,0,0,0,0,0,0,2588,0,0,0,0,0,0,1479,3599,128,0,23,149,34,508,-58,0
123.3505,0,0,6663,60,260,743,1777,19,14,16,0,0,0,0,0,0,2613,0,0,0,0,0,0,1386,3168,127,0,22,127,31,450,-33,0
123.4432,0,0,6663,155,260,743,1777,19,14,16,0,0,0,0,0,0,2588,0,0,0,0,0,0,1386,3168,127,0,22,127,31,450,-33,0
123.5360,0,0,6663,245,258,740,1779,16,13,16,0,0,0,0,0,0,2588,0,0,0,0,0,0,1330,2980,126,0,22,108,30,365,3,0
123.6284,0,0,6663,340,256,737,1782,14,12,16,0,0,0,0,0,0,2613,0,0,0,0,0,0,1302,3046,125,0,22,98,29,324,44,0
123.7218,0,0,6663,430,254,734,1785,14,13,16,0,0,0,0,0,0,2600,0,0,0,0,0,0,1285,2848,124,0,22,99,29,327,114,0
123.8140,0,0,6663,525,252,731,1787,13,12,17,0,0,0,0,0,0,2582,0,0,0,0,0,0,1300,2816,123,0,22,97,29,324,88,0
123.9067,0,0,6663,620,250,729,1790,13,13,16,0,0,0,0,0,0,2613,0,0,0,0,0,0,1280,2754,122,0,22,98,28,301,108,0
123.9995,0,0,6663,710,248,726,1792,14,13,18,0,0,0,0,0,0,2600,0,0,0,0,0,0,1285,2964,121,0,22,97,29,337,110,0
124.0942,0,0,6663,805,245,723,1795,14,14,18,0,0,0,0,0,0,2613,0,0,0,0,0,0,1335,2993,120,0,22,96,30,365,66,0
124.1874,0,0,6663,900,243,721,1797,14,13,17,0,0,0,0,0,0,2626,0,0,0,0,0,0,1296,3004,119,0,22,96,29,372,106,0
124.2802,0,0,6663,990,242,718,1800,13,12,16,0,0,0,0,0,0,2600,0,0,0,0,0,0,1284,2915,118,0,22,93,29,324,51,0
124.3729,0,0,6919,85,240,715,1802,23,14,20,0,0,0,0,0,0,2582,0,0,0,0,0,0,1492,4884,117,0,22,123,33,522,272,0
124.4674,0,0,6919,175,238,713,1805,19,13,18,0,0,0,0,0,0,2569,0,0,0,0,0,0,1403,4252,116,0,22,109,31,436,167,0
124.5618,0,0,6919,270,236,710,1807,17,13,17,0,0,0,0,0,0,2600,0,0,0,0,0,0,1330,3599,115,0,22,105,30,424,218,0
124.6562,0,0,6919,365,234,708,1810,16,15,18,0,0,0,0,0,0,2600,0,0,0,0,0,0,1324,3366,114,0,22,106,29,407,216,0
124.7506,0,0,6919,460,232,705,1812,16,18,17,0,0,0,0,0,0,2588,0,0,0,0,0,0,1302,3129,113,0,22,109,29,404,190,0
124.8428,0,0,6919,555,230,703,1814,14,15,16,0,0,0,0,0,0,2613,0,0,0,0,0,0,1264,3047,112,0,22,101,28,372,147,0
124.9354,0,0,6919,645,228,700,1817,14,13,17,0,0,0,0,0,0,2607,0,0,0,0,0,0,1291,3049,111,0,22,98,29,349,56,0
125.0286,0,0,6919,740,228,700,1817,14,13,17,0,0,0,0,0,0,2613,0,0,0,0,0,0,1291,3049,111,0,22,98,29,349,56,0
125.1209,0,0,6919,835,226,698,1819,14,13,18,0,0,0,0,0,0,2607,0,0,0,0,0,0,1291,3030,110,0,22,97,29,350,22,0
125.2126,0,0,6919,925,225,695,1821,16,14,18,0,0,0,0,0,0,2588,0,0,0,0,0,0,1384,3238,109,0,22,101,31,417,-92,0
125.3060,0,0,7175,15,223,693,1823,17,14,18,0,0,0,0,0,0,2600,0,0,0,0,0,0,1373,3425,109,0,22,106,30,415,89,0
125.3982,0,0,7175,110,221,691,1826,20,14,20,0,0,0,0,0,0,2588,0,0,0,0,0,0,1453,4034,108,0,22,108,32,479,-127,0
125.4933,0,0,7175,200,219,688,1828,17,13,18,0,0,0,0,0,0,2588,0,0,0,0,0,0,1382,3508,107,0,22,104,31,410,1,0
125.5858,0,0,7175,295,217,686,1830,15,13,16,0,0,0,0,0,0,2600,0,0,0,0,0,0,1322,3315,106,0,22,99,29,377,26,0
125.6784,0,0,7175,390,216,684,1832,16,17,19,0,0,0,0,0,0,2600,0,0,0,0,0,0,1360,3229,105,0,22,104,30,392,1,0
125.7712,0,0,7175,480,214,681,1834,15,15,17,0,0,0,0,0,0,2582,0,0,0,0,0,0,1309,3239,104,0,22,102,29,391,158,0
125.8639,0,0,7175,575,212,679,1836,15,14,17,0,0,0,0,0,0,2626,0,0,0,0,0,0,1310,2987,103,0,22,98,29,355,14,0
125.9568,0,0,7175,670,211,677,1838,13,13,17,0,0,0,0,0,0,2607,0,0,0,0,0,0,1272,2785,103,0,22,93,28,308,41,0
126.0489,0,0,7175,760,209,675,1841,13,13,16,0,0,0,0,0,0,2626,0,0,0,0,0,0,1265,2882,102,0,22,91,28,305,97,0
126.1441,0,0,7175,855,207,672,1843,14,15,19,0,0,0,0,0,0,2613,0,0,0,0,0,0,1306,3113,101,0,22,100,29,335,96,0
126.2369,0,0,7175,950,206,670,1845,21,24,21,0,0,0,0,0,0,2613,0,0,0,0,0,0,1438,3602,100,0,22,132,32,471,-71,0
126.3298,0,0,7431,40,204,668,1847,24,25,21,0,0,0,0,0,0,2607,0,0,0,0,0,0,1556,3826,99,0,22,143,34,582,-212,0
126.4231,0,0,7431,135,203,666,1849,21,22,21,0,0,0,0,0,0,2613,0,0,0,0,0,0,1479,3785,99,0,22,127,33,496,-97,0
126.5174,0,0,7431,225,203,666,1849,21,22,21,0,0,0,0,0,0,2588,0,0,0,0,0,0,1479,3785,99,0,22,127,33,496,-97,0
126.6122,0,0,7431,320,201,664,1851,18,17,19,0,0,0,0,0,0,2613,0,0,0,0,0,0,1402,3262,98,0,22,118,31,426,-17,0
126.7042,0,0,7431,415,199,662,1853,17,18,20,0,0,0,0,0,0,2600,0,0,0,0,0,0,1391,3235,97,0,22,113,30,407,33,0
126.7966,0,0,7431,510,198,660,1854,15,15,18,0,0,0,0,0,0,2600,0,0,0,0,0,0,1331,2980,96,0,22,106,29,356,-32,0
126.8919,0,0,7431,600,196,658,1856,16,15,17,0,0,0,0,0,0,2607,0,0,0,0,0,0,1308,3726,96,0,22,102,28,421,174,0
126.9873,0,0,7431,695,195,656,1858,19,16,19,0,0,0,0,0,0,2588,0,0,0,0,0,0,1414,3467,95,0,22,130,31,480,37,0
127.0797,0,0,7431,785,193,654,1860,17,14,18,0,0,0,0,0,0,2600,0,0,0,0,0,0,1360,3230,94,0,21,119,29,434,43,0
127.1725,0,0,7431,880,192,652,1862,16,14,16,0,0,0,0,0,0,2626,0,0,0,0,0,0,1384,3099,93,0,21,110,30,424,-31,0
127.2652,0,0,7431,975,190,650,1864,14,13,17,0,0,0,0,0,0,2588,0,0,0,0,0,0,1332,2984,93,0,21,104,28,355,-56,0
127.3579,0,0,7687,65,189,648,1866,13,13,17,0,0,0,0,0,0,2588,0,0,0,0,0,0,1286,2925,92,0,21,100,27,331,-11,0
127.4505,0,0,7687,160,187,646,1867,14,13,17,0,0,0,0,0,0,2613,0,0,0,0,0,0,1323,3068,91,0,21,98,28,349,-17,0
127.5452,0,0,7687,250,186,644,1869,16,16,18,0,0,0,0,0,0,2569,0,0,0,0,0,0,1365,2932,91,0,21,115,29,384,81,0
127.6405,0,0,7687,345,185,642,1871,19,14,17,0,0,0,0,0,0,2607,0,0,0,0,0,0,1477,4175,90,0,21,113,31,492,-159,0
127.7317,0,0,7687,440,183,640,1873,15,13,16,0,0,0,0,0,0,2588,0,0,0,0,0,0,1388,3526,89,0,21,101,29,397,-98,0
127.8270,0,0,7687,530,182,639,1875,14,13,16,0,0,0,0,0,0,2619,0,0,0,0,0,0,1333,3239,88,0,21,99,28,349,-50,0
127.9226,0,0,7687,625,180,637,1876,14,12,16,0,0,0,0,0,0,2588,0,0,0,0,0,0,1307,3188,88,0,21,96,28,376,-54,0
128.0139,0,0,7687,725,179,635,1878,14,13,16,0,0,0,0,0,0,2575,0,0,0,0,0,0,1312,3042,87,0,21,95,28,350,-11,0
128.1059,0,0,7687,810,178,633,1880,13,13,17,0,0,0,0,0,0,2607,0,0,0,0,0,0,1299,2986,86,0,21,94,28,335,20,0
128.1970,0,0,7687,905,178,633,1880,13,13,17,0,0,0,0,0,0,2613,0,0,0,0,0,0,1299,2986,86,0,21,94,28,335,20,0
128.2926,0,0,7687,995,176,631,1881,13,13,17,0,0,0,0,0,0,2600,0,0,0,0,0,0,1277,2895,86,0,21,97,27,328,73,0
128.3848,0,0,7943,90,175,630,1883,13,12,16,0,0,0,0,0,0,2619,0,0,0,0,0,0,1287,2826,85,0,21,95,27,315,-13,0
128.4763,0,0,7943,180,174,628,1885,13,12,16,0,0,0,0,0,0,2588,0,0,0,0,0,0,1296,3024,85,0,21,95,27,314,-59,0
128.5678,0,0,7943,275,172,626,1886,12,12,16,0,0,0,0,0,0,2588,0,0,0,0,0,0,1294,2808,84,0,21,96,27,306,-48,0
128.6595,0,0,7943,365,171,625,1888,13,12,15,0,0,0,0,0,0,2600,0,0,0,0,0,0,1333,3051,83,0,21,97,28,342,-160,0
128.7510,0,0,7943,455,170,623,1889,13,12,15,0,0,0,0,0,0,2607,0,0,0,0,0,0,1312,2999,83,0,21,95,28,341,-74,0
128.8439,0,0,7943,550,169,621,1891,13,13,15,0,0,0,0,0,0,2607,0,0,0,0,0,0,1304,2946,82,0,21,95,28,327,-18,0
128.9357,0,0,7943,640,167,620,1892,12,12,14,0,0,0,0,0,0,2588,0,0,0,0,0,0,1302,2844,81,0,21,93,28,316,-78,0
129.0283,0,0,7943,735,166,618,1894,12,12,16,0,0,0,0,0,0,2588,0,0,0,0,0,0,1290,2891,81,0,21,93,27,303,30,0
129.1203,0,0,7943,820,165,616,1896,13,13,15,0,0,0,0,0,0,2600,0,0,0,0,0,0,1294,3039,80,0,21,93,27,308,-39,0
129.2151,0,0,7943,915,164,615,1897,13,14,16,0,0,0,0,0,0,2588,0,0,0,0,0,0,1289,3091,80,0,21,92,27,331,39,0
129.3073,0,0,8199,10,162,613,1899,13,13,15,0,0,0,0,0,0,2613,0,0,0,0,0,0,1290,3039,79,0,21,92,27,324,4,0
129.4004,0,0,8199,100,161,612,1900,13,14,16,0,0,0,0,0,0,2600,0,0,0,0,0,0,1292,2990,78,0,21,93,27,311,67,0
129.4931,0,0,8199,195,160,610,1901,13,13,16,0,0,0,0,0,0,2600,0,0,0,0,0,0,1310,2868,78,0,21,97,28,324,-54,0
129.5859,0,0,8199,285,160,610,1901,13,13,16,0,0,0,0,0,0,2588,0,0,0,0,0,0,1310,2868,78,0,21,97,28,324,-54,0
129.6779,0,0,8199,380,159,608,1903,13,13,16,0,0,0,0,0,0,2588,0,0,0,0,0,0,1322,2827,77,0,21,99,28,332,-72,0
129.7692,0,0,8199,470,158,607,1904,12,12,16,0,0,0,0,0,0,2582,0,0,0,0,0,0,1291,2792,77,0,21,97,27,309,-62,0
129.8621,0,0,8199,560,157,605,1906,13,13,16,0,0,0,0,0,0,2600,0,0,0,0,0,0,1287,2956,76,0,21,95,27,321,-55,0
129.9538,0,0,8199,655,155,604,1907,13,12,16,0,0,0,0,0,0,2600,0,0,0,0,0,0,1335,3265,76,0,21,93,28,355,-155,0
130.0483,0,0,8199,745,154,602,1909,13,11,15,0,0,0,0,0,0,2588,0,0,0,0,0,0,1319,3111,75,0,21,92,28,344,-72,0
130.1407,0,0,8199,835,153,601,1910,13,12,15,0,0,0,0,0,0,2613,0,0,0,0,0,0,1311,2972,75,0,21,93,28,339,33,0
130.2335,0,0,8199,930,152,600,1911,14,12,14,0,0,0,0,0,0,2582,0,0,0,0,0,0,1305,2969,74,0,21,96,27,349,7,0
130.3250,0,0,8455,20,151,598,1913,14,12,15,0,0,0,0,0,0,2600,0,0,0,0,0,0,1289,2896,73,0,21,95,27,354,18,0
130.4175,0,0,8455,115,150,597,1914,13,12,14,0,0,0,0,0,0,2582,0,0,0,0,0,0,1278,2871,73,0,21,92,27,318,19,0
130.5100,0,0,8455,205,149,595,1915,12,12,15,0,0,0,0,0,0,2607,0,0,0,0,0,0,1267,2983,72,0,21,91,27,304,-14,0
130.6029,0,0,8455,300,148,594,1917,12,13,17,0,0,0,0,0,0,2588,0,0,0,0,0,0,1268,2908,72,0,21,90,27,299,22,0
130.6959,0,0,8455,390,147,593,1918,12,13,16,0,0,0,0,0,0,2607,0,0,0,0,0,0,1265,3010,71,0,21,91,27,292,46,0
130.7885,0,0,8455,485,146,591,1919,12,12,16,0,0,0,0,0,0,2613,0,0,0,0,0,0,1268,2946,71,0,21,89,27,304,38,0
130.8809,0,0,8455,575,145,590,1920,12,12,16,0,0,0,0,0,0,2569,0,0,0,0,0,0,1279,2944,70,0,21,88,27,300,47,0
130.9735,0,0,8455,670,145,590,1920,12,12,16,0,0,0,0,0,0,2569,0,0,0,0,0,0,1279,2944,70,0,21,88,27,300,47,0
131.0667,0,0,8455,765,144,589,1922,13,12,15,0,0,0,0,0,0,2588,0,0,0,0,0,0,1268,3054,70,0,21,90,27,328,115,0
131.1595,0,0,8455,855,143,587,1923,13,12,15,0,0,0,0,0,0,2607,0,0,0,0,0,0,1287,3066,69,0,21,94,27,320,48,0
131.2547,0,0,8455,945,142,586,1924,12,12,16,0,0,0,0,0,0,2607,0,0,0,0,0,0,1290,2969,69,0,21,91,27,309,-25,0
131.3468,0,0,8711,40,141,585,1925,12,12,17,0,0,0,0,0,0,2607,0,0,0,0,0,0,1295,2893,68,0,21,93,27,308,-73,0
131.4397,0,0,8711,135,140,583,1927,13,12,15,0,0,0,0,0,0,2607,0,0,0,0,0,0,1293,2920,68,0,21,95,27,318,62,0
131.5324,0,0,8711,225,139,582,1928,13,12,16,0,0,0,0,0,0,2569,0,0,0,0,0,0,1308,2876,67,0,21,98,27,326,21,0
131.6247,0,0,8711,320,138,581,1929,14,11,16,0,0,0,0,0,0,2600,0,0,0,0,0,0,1332,2873,67,0,21,98,28,344,10,0
131.7171,0,0,8711,410,137,580,1930,13,12,16,0,0,0,0,0,0,2588,0,0,0,0,0,0,1306,2980,67,0,21,95,27,339,-16,0
131.8100,0,0,8711,505,136,578,1931,13,11,15,0,0,0,0,0,0,2600,0,0,0,0,0,0,1306,2912,66,0,21,94,27,326,-29,0
131.9055,0,0,8711,595,135,577,1932,13,12,15,0,0,0,0,0,0,2613,0,0,0,0,0,0,1283,2955,66,0,21,91,27,318,-68,0
132.0004,0,0,8711,690,134,576,1934,12,13,15,0,0,0,0,0,0,2588,0,0,0,0,0,0,1256,2841,65,0,21,93,26,297,34,0
132.0958,0,0,8711,785,133,575,1935,11,12,15,0,0,0,0,0,0,2600,0,0,0,0,0,0,1271,2887,65,0,21,91,26,294,-110,0
132.1868,0,0,8711,880,132,574,1936,13,12,15,0,0,0,0,0,0,2588,0,0,0,0,0,0,1299,2945,64,0,21,97,27,325,-143,0
132.2783,0,0,8711,970,131,572,1937,12,13,15,0,0,0,0,0,0,2588,0,0,0,0,0,0,1287,2834,64,0,21,96,27,307,11,0
132.3696,0,0,8967,60,130,571,1938,12,13,15,0,0,0,0,0,0,2600,0,0,0,0,0,0,1286,2823,63,0,21,95,27,308,38,0
132.4621,0,0,8967,150,130,571,1938,12,13,15,0,0,0,0,0,0,2569,0,0,0,0,0,0,1286,2823,63,0,21,95,27,308,38,0
132.5547,0,0,8967,245,130,570,1939,13,13,15,0,0,0,0,0,0,2600,0,0,0,0,0,0,1285,2871,63,0,21,94,27,314,23,0
132.6477,0,0,8967,335,129,569,1940,14,13,15,0,0,0,0,0,0,2588,0,0,0,0,0,0,1320,2998,63,0,21,95,28,338,-7,0
132.7405,0,0,8967,430,128,568,1941,13,13,15,0,0,0,0,0,0,2613,0,0,0,0,0,0,1288,3059,62,0,21,92,27,313,61,0
132.8334,0,0,8967,520,127,567,1942,13,13,17,0,0,0,0,0,0,2600,0,0,0,0,0,0,1308,3145,62,0,21,90,27,323,32,0
132.9256,0,0,8967,615,126,566,1943,13,12,17,0,0,0,0,0,0,2626,0,0,0,0,0,0,1287,3089,61,0,21,92,27,343,50,0
133.0187,0,0,8967,710,125,564,1944,13,12,18,0,0,0,0,0,0,2613,0,0,0,0,0,0,1268,2996,61,0,21,93,27,329,17,0
133.1114,0,0,8967,800,124,563,1945,13,12,16,0,0,0,0,0,0,2607,0,0,0,0,0,0,1291,3043,61,0,21,93,27,324,75,0
133.2029,0,0,8967,890,124,562,1946,13,12,17,0,0,0,0,0,0,2600,0,0,0,0,0,0,1282,3076,60,0,21,91,27,354,52,0
133.2980,0,0,8967,980,123,561,1947,13,13,16,0,0,0,0,0,0,2600,0,0,0,0,0,0,1297,3067,60,0,21,93,27,336,-34,0
133.3900,0,0,9223,75,122,560,1948,13,12,17,0,0,0,0,0,0,2588,0,0,0,0,0,0,1287,3075,59,0,21,94,27,335,-8,0
133.4830,0,0,9223,170,121,559,1949,13,12,17,0,0,0,0,0,0,2600,0,0,0,0,0,0,1306,3255,59,0,21,96,27,334,-53,0
133.5757,0,0,9223,260,121,558,1950,13,12,20,0,0,0,0,0,0,2588,0,0,0,0,0,0,1310,3081,59,0,21,94,28,326,-80,0
133.6712,0,0,9223,355,120,557,1951,13,12,19,0,0,0,0,0,0,2600,0,0,0,0,0,0,1296,2820,58,0,21,97,27,329,-80,0
133.7636,0,0,9223,450,119,556,1952,13,13,18,0,0,0,0,0,0,2588,0,0,0,0,0,0,1312,2842,58,0,21,95,28,332,-27,0
133.8561,0,0,9223,545,118,555,1953,14,14,18,0,0,0,0,0,0,2588,0,0,0,0,0,0,1328,3078,57,0,21,95,28,341,-77,0
133.9480,0,0,9223,635,118,555,1953,14,14,18,0,0,0,0,0,0,2582,0,0,0,0,0,0,1328,3078,57,0,21,95,28,341,-77,0
134.0410,0,0,9223,725,117,554,1954,13,13,17,0,0,0,0,0,0,2613,0,0,0,0,0,0,1302,2911,57,0,21,97,27,315,-98,0
134.1334,0,0,9223,820,117,553,1955,14,13,18,0,0,0,0,0,0,2600,0,0,0,0,0,0,1321,3050,57,0,21,97,28,330,-65,0
134.2262,0,0,9223,910,116,552,1956,14,13,17,0,0,0,0,0,0,2607,0,0,0,0,0,0,1306,3146,56,0,21,96,28,346,-55,0
134.3187,0,0,9479,0,115,551,1957,13,12,15,0,0,0,0,0,0,2613,0,0,0,0,0,0,1274,2966,56,0,21,94,27,338,-13,0
134.4114,0,0,9479,95,115,550,1958,13,13,15,0,0,0,0,0,0,2613,0,0,0,0,0,0,1268,2946,56,0,21,93,27,334,12,0
134.5052,0,0,9479,185,114,549,1959,13,12,16,0,0,0,0,0,0,2588,0,0,0,0,0,0,1283,2964,55,0,21,92,27,347,28,0
134.5963,0,0,9479,280,113,548,1959,13,12,17,0,0,0,0,0,0,2613,0,0,0,0,0,0,1280,3002,55,0,21,94,27,329,-10,0
134.6904,0,0,9479,370,112,548,1960,13,12,15,0,0,0,0,0,0,2575,0,0,0,0,0,0,1309,2968,55,0,21,99,28,337,-41,0
134.7851,0,0,9479,465,112,547,1961,13,12,15,0,0,0,0,0,0,2607,0,0,0,0,0,0,1294,2917,54,0,21,96,27,313,-1,0
134.8772,0,0,9479,560,111,546,1962,13,12,17,0,0,0,0,0,0,2588,0,0,0,0,0,0,1300,2858,54,0,21,94,27,313,-56,0
134.9701,0,0,9479,650,110,545,1963,13,13,17,0,0,0,0,0,0,2575,0,0,0,0,0,0,1288,2893,54,0,21,93,27,313,45,0
135.0628,0,0,9479,745,110,544,1964,13,13,16,0,0,0,0,0,0,2582,0,0,0,0,0,0,1279,3002,53,0,21,92,27,337,67,0
135.1561,0,0,9479,835,109,543,1965,13,13,15,0,0,0,0,0,0,2588,0,0,0,0,0,0,1280,3072,53,0,21,91,27,312,43,0
135.2480,0,0,9479,925,108,542,1965,13,13,15,0,0,0,0,0,0,2575,0,0,0,0,0,0,1310,3094,53,0,21,94,28,330,-26,0
135.3432,0,0,9735,20,108,541,1966,13,14,15,0,0,0,0,0,0,2588,0,0,0,0,0,0,1303,3123,52,0,21,96,27,316,74,0
135.4360,0,0,9735,115,108,541,1966,13,14,15,0,0,0,0,0,0,2569,0,0,0,0,0,0,1303,3123,52,0,21,96,27,316,74,0
135.5286,0,0,9735,205,107,540,1967,14,13,17,0,0,0,0,0,0,2588,0,0,0,0,0,0,1347,3259,52,0,21,98,28,357,-104,0
135.6236,0,0,9735,300,106,540,1968,13,12,16,0,0,0,0,0,0,2588,0,0,0,0,0,0,1327,3062,52,0,21,96,28,335,-31,0
135.7163,0,0,9735,395,106,539,1969,13,12,19,0,0,0,0,0,0,2588,0,0,0,0,0,0,1312,2965,51,0,21,96,28,319,-77,0
135.8092,0,0,9735,485,105,538,1969,12,12,17,0,0,0,0,0,0,2613,0,0,0,0,0,0,1298,2819,51,0,21,93,27,304,-87,0
135.9019,0,0,9735,580,105,537,1970,13,13,18,0,0,0,0,0,0,2613,0,0,0,0,0,0,1314,2998,51,0,21,93,28,320,15,0
135.9945,0,0,9735,675,104,536,1971,14,13,18,0,0,0,0,0,0,2588,0,0,0,0,0,0,1307,3253,50,0,21,98,27,386,110,0
136.0869,0,0,9735,765,103,536,1972,13,12,18,0,0,0,0,0,0,2575,0,0,0,0,0,0,1298,3023,50,0,21,97,27,346,84,0
136.1822,0,0,9735,855,103,535,1972,17,12,16,0,0,0,0,0,0,2588,0,0,0,0,0,0,1470,4144,50,0,21,104,31,500,-151,0
136.2742,0,0,9735,950,102,534,1973,15,12,15,0,0,0,0,0,0,2575,0,0,0,0,0,0,1389,3586,50,0,21,99,29,410,-37,0
136.3676,0,0,9991,40,102,533,1974,14,12,15,0,0,0,0,0,0,2613,0,0,0,0,0,0,1328,3134,49,0,21,99,28,369,4,0
136.4602,0,0,9991,135,101,532,1975,13,13,16,0,0,0,0,0,0,2588,0,0,0,0,0,0,1302,3054,49,0,21,96,27,329,6,0
136.5531,0,0,9991,230,100,532,1975,14,13,15,0,0,0,0,0,0,2600,0,0,0,0,0,0,1324,3177,49,0,21,97,28,343,114,0
136.6459,0,0,9991,320,100,531,1976,14,14,15,0,0,0,0,0,0,2588,0,0,0,0,0,0,1321,3191,48,0,21,100,28,369,156,0
136.7387,0,0,9991,415,99,530,1977,14,13,17,0,0,0,0,0,0,2588,0,0,0,0,0,0,1322,3143,48,0,21,98,27,358,80,0
136.8316,0,0,9991,505,99,529,1977,13,12,16,0,0,0,0,0,0,2588,0,0,0,0,0,0,1296,3040,48,0,20,97,27,324,41,0
136.9247,0,0,9991,600,98,529,1978,13,12,16,0,0,0,0,0,0,2600,0,0,0,0,0,0,1292,2930,48,0,20,94,27,321,-7,0
137.0172,0,0,9991,695,98,529,1978,13,12,16,0,0,0,0,0,0,2588,0,0,0,0,0,0,1292,2930,48,0,20,94,27,321,-7,0
137.1099,0,0,9991,785,98,528,1979,14,11,16,0,0,0,0,0,0,2582,0,0,0,0,0,0,1324,2985,47,0,21,97,27,342,14,0
137.2024,0,0,9991,880,97,527,1979,40,30,39,257,175,0,0,0,0,2600,91,62,0,44,1225,1223,1848,5906,47,0,22,230,42,930,-784,0
137.2960,0,0,9991,970,96,527,1980,78,47,45,527,289,0,0,0,0,2600,188,103,0,44,1225,1223,3358,7059,47,0,21,656,70,3351,-1175,0
137.3886,0,0,10247,65,96,526,1981,62,31,38,472,206,0,0,0,0,2600,168,73,0,44,1225,1223,2702,5120,46,0,20,554,56,2298,-632,0
137.4830,0,0,10247,155,95,525,1981,37,21,27,286,152,0,0,0,0,2600,102,54,0,44,1225,1223,1998,3870,46,0,19,331,40,1310,-303,0
137.5758,0,0,10247,250,95,524,1982,25,17,21,0,0,0,0,0,0,2588,0,0,0,0,0,0,1687,3440,46,0,19,220,32,848,-212,0
137.6690,0,0,10247,345,94,524,1983,20,16,21,0,0,0,0,0,0,2588,0,0,0,0,0,0,1552,3548,46,0,18,163,29,636,-144,0
137.7646,0,0,10247,435,94,523,1983,104,64,80,0,0,0,0,0,0,2582,0,0,0,0,0,0,1945,2852,46,1,32,648,68,1716,-224,0
137.8571,0,0,10247,530,95,522,1984,419,241,640,0,0,0,0,0,0,2569,0,0,0,0,0,0,3240,5688,46,4,70,900,279,3582,-500,0
137.9494,0,0,10247,625,99,523,1993,543,311,827,0,0,0,0,0,0,2600,0,0,0,0,0,0,2671,3893,48,17,202,753,492,2520,-484,0
138.0420,0,0,10247,715,112,531,2011,531,222,704,0,0,0,0,0,0,2582,0,0,0,0,0,0,1981,3050,55,17,446,476,691,1476,-165,0
138.1347,0,0,10247,810,114,539,2009,555,456,907,0,0,0,0,0,0,2588,0,0,0,0,0,0,2024,2610,55,20,316,755,537,1746,-217,0
138.2273,0,0,10247,905,131,550,2005,979,992,1467,-24973,-26162,0,0,0,0,2600,-28290,-29383,0,19,19,17,1766,1968,64,135,672,655,1045,1272,-121,0
138.3207,0,0,10247,995,147,563,2000,2159,2003,2086,-1009,8947,0,0,0,0,2588,-13693,-5694,0,19,19,17,1970,2768,71,420,783,849,1495,2034,-715,0
138.4138,0,0,10503,90,180,597,2002,1660,1368,1291,-15737,-15949,0,0,0,0,2607,-25526,-25696,0,19,19,17,1613,2439,88,260,1258,517,1836,1211,-245,0
138.5070,0,0,10503,180,186,604,1989,1418,1786,1225,-20546,-4687,0,0,0,0,2563,-29389,-16648,0,19,19,17,1896,2119,90,195,869,760,1440,1619,-332,0
138.5996,0,0,10503,275,186,604,1989,1418,1786,1225,-20546,-4687,0,0,0,0,2588,-29389,-16648,0,19,19,17,1896,2119,90,195,869,760,1440,1619,-332,0
138.6921,0,0,10503,365,192,637,1990,1042,1896,1290,-31755,-204,0,0,0,0,2600,27141,-13046,0,19,19,17,1698,2120,93,118,653,641,1049,1300,-547,0
138.7846,0,0,10503,460,204,662,1983,1442,3293,1456,-8248,-26670,0,0,0,0,2613,-19508,18344,0,19,19,17,1531,1681,99,322,694,847,1025,1309,-243,0
138.8776,0,0,10503,555,220,707,1981,1390,3008,1121,-14201,-28735,0,0,0,0,2582,-24292,16685,0,19,19,17,1462,1840,107,244,829,656,1185,1133,159,0
138.9690,0,0,10503,645,220,726,1973,948,3080,1321,-31604,-28168,0,0,0,0,2607,27262,17141,0,19,19,17,1578,1916,107,133,491,876,723,1683,-158,0
139.0646,0,0,10503,735,223,747,1964,842,3716,1435,28983,4139,0,0,0,0,2588,23286,-22438,0,19,19,17,1816,2140,109,89,406,867,691,1681,-343,0
139.1576,0,0,10503,835,234,782,1950,622,2700,952,20620,28012,0,0,0,0,2588,16567,9624,0,19,19,17,1520,2028,114,51,521,521,735,1032,-70,0
139.2505,0,0,10503,925,237,783,1937,460,1845,667,10501,-21312,0,0,0,0,2607,6136,25841,0,27,27,27,1452,2059,116,28,400,398,561,837,303,0
139.3430,0,0,10759,20,236,789,1928,357,1080,448,7985,25612,0,0,0,0,2588,4666,14966,0,27,27,27,1627,1951,115,16,242,664,356,1428,-8,0
139.4374,0,0,10759,110,246,797,1928,672,620,497,14125,14659,0,0,0,0,2600,8253,8565,0,27,27,27,1593,2217,120,39,445,541,683,1174,-197,0
139.5319,0,0,10759,205,259,806,1918,612,824,1016,12530,18239,0,0,0,0,2588,7322,10657,0,27,27,27,1442,2357,126,28,612,358,846,782,-271,0
139.6274,0,0,10759,300,263,827,1917,818,691,900,19491,15999,0,0,0,0,2600,11389,9348,0,27,27,27,1457,2147,128,67,486,680,688,1345,142,0
139.7231,0,0,10759,395,276,855,1908,880,933,682,21813,24037,0,0,0,0,2569,12746,14045,0,27,27,27,1465,1982,134,78,640,542,929,1002,204,0
139.8156,0,0,10759,490,282,859,1892,1145,1016,498,28914,20582,0,0,0,0,2588,16895,12026,0,27,27,27,1509,1770,137,138,545,813,815,1444,16,0
139.9081,0,0,10759,585,294,870,1875,658,1004,345,16033,22548,0,0,0,0,2600,9368,13175,0,27,27,27,1310,3099,143,69,649,432,826,778,111,0
140.0006,0,0,10759,675,307,886,1861,518,696,375,11351,15504,0,0,0,0,2575,6632,9059,0,27,27,27,1312,3472,150,38,718,268,930,550,476,0
